date,34_anom
1870-01-01,-1
1870-02-01,-1.2
1870-03-01,-0.83
1870-04-01,-0.81
1870-05-01,-1.27
1870-06-01,-1.08
1870-07-01,-1.04
1870-08-01,-0.88
1870-09-01,-0.53
1870-10-01,-0.92
1870-11-01,-0.79
1870-12-01,-0.79
1871-01-01,-0.25
1871-02-01,-0.58
1871-03-01,-0.43
1871-04-01,-0.5
1871-05-01,-0.7
1871-06-01,-0.53
1871-07-01,-0.6
1871-08-01,-0.33
1871-09-01,-0.24
1871-10-01,-0.33
1871-11-01,-0.31
1871-12-01,-0.58
1872-01-01,-0.72
1872-02-01,-0.62
1872-03-01,-0.5
1872-04-01,-0.77
1872-05-01,-0.62
1872-06-01,-0.52
1872-07-01,-0.32
1872-08-01,-0.85
1872-09-01,-1.02
1872-10-01,-0.94
1872-11-01,-0.79
1872-12-01,-0.88
1873-01-01,-0.78
1873-02-01,-1.01
1873-03-01,-1.31
1873-04-01,-0.67
1873-05-01,-0.53
1873-06-01,-0.48
1873-07-01,-0.58
1873-08-01,-0.39
1873-09-01,-0.34
1873-10-01,-0.78
1873-11-01,-0.77
1873-12-01,-0.7
1874-01-01,-0.93
1874-02-01,-1.06
1874-03-01,-1.4
1874-04-01,-0.94
1874-05-01,-0.86
1874-06-01,-0.72
1874-07-01,-1
1874-08-01,-1.05
1874-09-01,-1.13
1874-10-01,-1.25
1874-11-01,-1.33
1874-12-01,-1.14
1875-01-01,-0.71
1875-02-01,-0.37
1875-03-01,-0.59
1875-04-01,-0.87
1875-05-01,-1.09
1875-06-01,-0.76
1875-07-01,-0.85
1875-08-01,-0.81
1875-09-01,-0.91
1875-10-01,-0.83
1875-11-01,-0.64
1875-12-01,-0.75
1876-01-01,-0.95
1876-02-01,-1.2
1876-03-01,-1.13
1876-04-01,-1.18
1876-05-01,-1.08
1876-06-01,-0.43
1876-07-01,-0.34
1876-08-01,-0.16
1876-09-01,-0.02
1876-10-01,0.11
1876-11-01,0.15
1876-12-01,0.23
1877-01-01,0.35
1877-02-01,0.46
1877-03-01,0.52
1877-04-01,0.5
1877-05-01,0.76
1877-06-01,0.98
1877-07-01,1.42
1877-08-01,1.54
1877-09-01,1.75
1877-10-01,1.95
1877-11-01,2.08
1877-12-01,2.49
1878-01-01,2.41
1878-02-01,2.43
1878-03-01,1.31
1878-04-01,0.92
1878-05-01,0.82
1878-06-01,0.92
1878-07-01,0.25
1878-08-01,-0.11
1878-09-01,-0.32
1878-10-01,-0.53
1878-11-01,-0.7
1878-12-01,-0.75
1879-01-01,-0.55
1879-02-01,-0.18
1879-03-01,-0.24
1879-04-01,-0.37
1879-05-01,-0.83
1879-06-01,-0.67
1879-07-01,-0.77
1879-08-01,-0.69
1879-09-01,-0.83
1879-10-01,-0.93
1879-11-01,-1.14
1879-12-01,-1.02
1880-01-01,-1
1880-02-01,-0.73
1880-03-01,-0.62
1880-04-01,-0.57
1880-05-01,-0.71
1880-06-01,-0.61
1880-07-01,-0.53
1880-08-01,-0.24
1880-09-01,-0.03
1880-10-01,0.17
1880-11-01,0.24
1880-12-01,0.18
1881-01-01,0.29
1881-02-01,0.23
1881-03-01,0.32
1881-04-01,0.41
1881-05-01,0.16
1881-06-01,0.23
1881-07-01,-0.26
1881-08-01,-0.17
1881-09-01,-0.33
1881-10-01,-0.43
1881-11-01,-0.59
1881-12-01,-0.37
1882-01-01,-0.45
1882-02-01,-0.55
1882-03-01,-0.53
1882-04-01,0.1
1882-05-01,0.01
1882-06-01,-0.4
1882-07-01,-0.57
1882-08-01,-0.33
1882-09-01,-0.51
1882-10-01,-0.65
1882-11-01,-0.92
1882-12-01,-0.75
1883-01-01,-0.46
1883-02-01,-0.49
1883-03-01,-0.4
1883-04-01,-0.23
1883-05-01,-0.38
1883-06-01,-0.21
1883-07-01,-0.01
1883-08-01,-0.03
1883-09-01,-0.17
1883-10-01,-0.42
1883-11-01,-0.22
1883-12-01,-0.14
1884-01-01,-0.11
1884-02-01,-0.01
1884-03-01,0
1884-04-01,0.26
1884-05-01,0.4
1884-06-01,-0.13
1884-07-01,0.28
1884-08-01,0.2
1884-09-01,0.18
1884-10-01,0.29
1884-11-01,0.3
1884-12-01,0.35
1885-01-01,0.12
1885-02-01,0.27
1885-03-01,0.12
1885-04-01,-0.02
1885-05-01,0.44
1885-06-01,0.17
1885-07-01,0.08
1885-08-01,0.34
1885-09-01,0.52
1885-10-01,0.72
1885-11-01,0.81
1885-12-01,1.02
1886-01-01,0.17
1886-02-01,-0.1
1886-03-01,-0.11
1886-04-01,-0.37
1886-05-01,-0.85
1886-06-01,-0.9
1886-07-01,-0.97
1886-08-01,-1.03
1886-09-01,-1.21
1886-10-01,-1.14
1886-11-01,-1.34
1886-12-01,-1.44
1887-01-01,-0.68
1887-02-01,-1.02
1887-03-01,-1.17
1887-04-01,-1.18
1887-05-01,-1.14
1887-06-01,-0.56
1887-07-01,-0.55
1887-08-01,-0.62
1887-09-01,-0.34
1887-10-01,-0.12
1887-11-01,0.04
1887-12-01,0.15
1888-01-01,0.15
1888-02-01,0.66
1888-03-01,0.4
1888-04-01,0.3
1888-05-01,0.47
1888-06-01,0.4
1888-07-01,0.56
1888-08-01,0.93
1888-09-01,0.58
1888-10-01,1.42
1888-11-01,2.21
1888-12-01,1.67
1889-01-01,1.98
1889-02-01,1.47
1889-03-01,0.83
1889-04-01,0.46
1889-05-01,0.32
1889-06-01,0.09
1889-07-01,-0.76
1889-08-01,-0.99
1889-09-01,-0.92
1889-10-01,-1.31
1889-11-01,-1.08
1889-12-01,-1.25
1890-01-01,-2.49
1890-02-01,-2.11
1890-03-01,-1.15
1890-04-01,-1.14
1890-05-01,-1
1890-06-01,-0.86
1890-07-01,-0.92
1890-08-01,-1.38
1890-09-01,-1.29
1890-10-01,-1.26
1890-11-01,-1.07
1890-12-01,-0.68
1891-01-01,-0.45
1891-02-01,-0.25
1891-03-01,-0.07
1891-04-01,0.15
1891-05-01,0.13
1891-06-01,0.29
1891-07-01,0.11
1891-08-01,0.05
1891-09-01,-0.08
1891-10-01,-0.03
1891-11-01,0.06
1891-12-01,0.01
1892-01-01,-0.5
1892-02-01,-0.34
1892-03-01,-0.58
1892-04-01,-0.65
1892-05-01,-0.72
1892-06-01,-0.57
1892-07-01,-0.62
1892-08-01,-0.63
1892-09-01,-1.07
1892-10-01,-1.54
1892-11-01,-1.62
1892-12-01,-1.18
1893-01-01,-1.23
1893-02-01,-1.16
1893-03-01,-1.24
1893-04-01,-1.3
1893-05-01,-1.32
1893-06-01,-1.19
1893-07-01,-1.32
1893-08-01,-1.29
1893-09-01,-1.28
1893-10-01,-1.36
1893-11-01,-1.3
1893-12-01,-1
1894-01-01,-1.09
1894-02-01,-1.13
1894-03-01,-1.06
1894-04-01,-0.92
1894-05-01,-1
1894-06-01,-0.84
1894-07-01,-0.88
1894-08-01,-0.8
1894-09-01,-1.1
1894-10-01,-0.82
1894-11-01,-0.92
1894-12-01,-0.48
1895-01-01,-0.73
1895-02-01,-0.49
1895-03-01,-0.4
1895-04-01,-0.17
1895-05-01,-0.03
1895-06-01,-0.21
1895-07-01,-0.26
1895-08-01,0.36
1895-09-01,0.42
1895-10-01,0.32
1895-11-01,0.44
1895-12-01,0.48
1896-01-01,0.16
1896-02-01,0.09
1896-03-01,0.15
1896-04-01,-0.01
1896-05-01,-0.04
1896-06-01,-0.21
1896-07-01,0.43
1896-08-01,1.05
1896-09-01,1.04
1896-10-01,1.1
1896-11-01,1.51
1896-12-01,1.55
1897-01-01,1.49
1897-02-01,1.14
1897-03-01,0.54
1897-04-01,-0.22
1897-05-01,-0.17
1897-06-01,-0.02
1897-07-01,0.07
1897-08-01,-0.15
1897-09-01,-0.24
1897-10-01,-0.57
1897-11-01,-0.61
1897-12-01,-0.4
1898-01-01,-0.51
1898-02-01,-0.57
1898-03-01,-0.79
1898-04-01,-0.61
1898-05-01,-0.59
1898-06-01,-0.28
1898-07-01,-0.63
1898-08-01,-0.76
1898-09-01,-0.19
1898-10-01,-0.33
1898-11-01,-0.66
1898-12-01,-0.78
1899-01-01,-0.75
1899-02-01,-0.71
1899-03-01,-0.56
1899-04-01,-0.34
1899-05-01,0.04
1899-06-01,0.09
1899-07-01,-0.02
1899-08-01,0.63
1899-09-01,0.43
1899-10-01,0.92
1899-11-01,1.29
1899-12-01,1.51
1/1/1900,1.41
2/1/1900,1.29
3/1/1900,0.99
4/1/1900,0.66
5/1/1900,0.54
6/1/1900,0.76
7/1/1900,0.75
8/1/1900,0.78
9/1/1900,0.56
10/1/1900,0.42
11/1/1900,0.14
12/1/1900,0.6
1/1/1901,0.82
2/1/1901,0.29
3/1/1901,0.05
4/1/1901,-0.13
5/1/1901,-0.19
6/1/1901,-0.26
7/1/1901,-0.3
8/1/1901,-0.38
9/1/1901,-0.3
10/1/1901,-0.31
11/1/1901,-0.39
12/1/1901,-0.35
1/1/1902,-0.5
2/1/1902,-0.26
3/1/1902,-0.27
4/1/1902,0.2
5/1/1902,0.47
6/1/1902,0.77
7/1/1902,1.44
8/1/1902,1.21
9/1/1902,1.44
10/1/1902,1.4
11/1/1902,1.54
12/1/1902,1.39
1/1/1903,1.33
2/1/1903,0.93
3/1/1903,0.79
4/1/1903,0.36
5/1/1903,-0.1
6/1/1903,0.29
7/1/1903,-0.49
8/1/1903,-0.32
9/1/1903,-0.6
10/1/1903,-0.42
11/1/1903,-0.76
12/1/1903,-1.02
1/1/1904,-0.73
2/1/1904,-0.79
3/1/1904,-0.85
4/1/1904,-0.72
5/1/1904,-0.4
6/1/1904,0.14
7/1/1904,0.75
8/1/1904,0.54
9/1/1904,0.01
10/1/1904,0.91
11/1/1904,0.15
12/1/1904,0.86
1/1/1905,0.68
2/1/1905,0.72
3/1/1905,0.92
4/1/1905,0.29
5/1/1905,1.08
6/1/1905,0.59
7/1/1905,0.82
8/1/1905,1.04
9/1/1905,1.42
10/1/1905,1.12
11/1/1905,0.83
12/1/1905,1.17
1/1/1906,0.89
2/1/1906,0.67
3/1/1906,0.8
4/1/1906,0.45
5/1/1906,0.02
6/1/1906,0.15
7/1/1906,-0.49
8/1/1906,-0.37
9/1/1906,-0.81
10/1/1906,-0.87
11/1/1906,-0.33
12/1/1906,-0.51
1/1/1907,-0.57
2/1/1907,-0.41
3/1/1907,-0.43
4/1/1907,-0.56
5/1/1907,-0.47
6/1/1907,-0.41
7/1/1907,-0.55
8/1/1907,-0.65
9/1/1907,0.13
10/1/1907,-0.25
11/1/1907,-0.25
12/1/1907,-0.09
1/1/1908,-0.27
2/1/1908,0.07
3/1/1908,-0.63
4/1/1908,-0.55
5/1/1908,-0.45
6/1/1908,-0.22
7/1/1908,-0.63
8/1/1908,-0.4
9/1/1908,-0.52
10/1/1908,-0.5
11/1/1908,-0.88
12/1/1908,-1.15
1/1/1909,-0.29
2/1/1909,-0.88
3/1/1909,-0.54
4/1/1909,-0.68
5/1/1909,-0.36
6/1/1909,-1.1
7/1/1909,-1
8/1/1909,-0.97
9/1/1909,-0.85
10/1/1909,-1.24
11/1/1909,-1.5
12/1/1909,-1.08
1/1/1910,-0.93
2/1/1910,-0.64
3/1/1910,-0.79
4/1/1910,-1.17
5/1/1910,-1.41
6/1/1910,-1.04
7/1/1910,-0.88
8/1/1910,-0.9
9/1/1910,-1.29
10/1/1910,-0.94
11/1/1910,-0.53
12/1/1910,-0.64
1/1/1911,-0.57
2/1/1911,-0.58
3/1/1911,-0.82
4/1/1911,-1.11
5/1/1911,-1.05
6/1/1911,-0.64
7/1/1911,-0.22
8/1/1911,-0.28
9/1/1911,0.22
10/1/1911,0.2
11/1/1911,0.84
12/1/1911,0.96
1/1/1912,1.55
2/1/1912,0.83
3/1/1912,0.69
4/1/1912,0.58
5/1/1912,0
6/1/1912,-0.24
7/1/1912,-0.1
8/1/1912,-0.4
9/1/1912,0.09
10/1/1912,-0.13
11/1/1912,0.16
12/1/1912,-0.49
1/1/1913,-0.2
2/1/1913,0.18
3/1/1913,0.16
4/1/1913,-0.77
5/1/1913,-0.28
6/1/1913,-0.16
7/1/1913,-0.15
8/1/1913,-0.09
9/1/1913,0.05
10/1/1913,0.03
11/1/1913,0.8
12/1/1913,0.85
1/1/1914,0.7
2/1/1914,0.8
3/1/1914,0.32
4/1/1914,0.69
5/1/1914,0.01
6/1/1914,0.08
7/1/1914,0.53
8/1/1914,0.92
9/1/1914,0.68
10/1/1914,0.26
11/1/1914,0.3
12/1/1914,0.68
1/1/1915,0.88
2/1/1915,0.65
3/1/1915,0.49
4/1/1915,0.47
5/1/1915,0.52
6/1/1915,1.1
7/1/1915,0.07
8/1/1915,0.05
9/1/1915,0.17
10/1/1915,0.24
11/1/1915,-0.15
12/1/1915,-0.23
1/1/1916,-0.12
2/1/1916,-0.61
3/1/1916,-0.54
4/1/1916,-0.63
5/1/1916,-0.23
6/1/1916,-0.36
7/1/1916,-1.11
8/1/1916,-1.48
9/1/1916,-1.36
10/1/1916,-1.36
11/1/1916,-1.72
12/1/1916,-1.64
1/1/1917,-1.56
2/1/1917,-1.2
3/1/1917,-0.64
4/1/1917,-0.29
5/1/1917,-0.3
6/1/1917,-0.04
7/1/1917,-0.05
8/1/1917,0.15
9/1/1917,-0.03
10/1/1917,0.04
11/1/1917,-0.43
12/1/1917,-0.72
1/1/1918,-0.84
2/1/1918,-0.82
3/1/1918,-0.96
4/1/1918,-0.56
5/1/1918,-0.17
6/1/1918,0.37
7/1/1918,-0.07
8/1/1918,0.12
9/1/1918,0.41
10/1/1918,0.93
11/1/1918,1.23
12/1/1918,1.3
1/1/1919,1.6
2/1/1919,1.24
3/1/1919,0.9
4/1/1919,0.69
5/1/1919,0.63
6/1/1919,0.61
7/1/1919,0.4
8/1/1919,0.62
9/1/1919,0.5
10/1/1919,0.13
11/1/1919,-0.37
12/1/1919,0.34
1/1/1920,0.64
2/1/1920,0.6
3/1/1920,0.53
4/1/1920,-0.16
5/1/1920,-0.21
6/1/1920,0.29
7/1/1920,0.15
8/1/1920,0.13
9/1/1920,0.27
10/1/1920,0.48
11/1/1920,-0.08
12/1/1920,-0.01
1/1/1921,0.43
2/1/1921,-0.52
3/1/1921,-1.42
4/1/1921,-0.55
5/1/1921,-0.92
6/1/1921,-0.21
7/1/1921,-0.27
8/1/1921,-0.29
9/1/1921,-0.17
10/1/1921,0.04
11/1/1921,-1.03
12/1/1921,-0.5
1/1/1922,-0.54
2/1/1922,-0.07
3/1/1922,0.08
4/1/1922,-0.54
5/1/1922,0.22
6/1/1922,-0.44
7/1/1922,-0.44
8/1/1922,-0.78
9/1/1922,-0.38
10/1/1922,-0.26
11/1/1922,-0.31
12/1/1922,-0.53
1/1/1923,-0.41
2/1/1923,-0.76
3/1/1923,-0.85
4/1/1923,-0.55
5/1/1923,-0.25
6/1/1923,-0.15
7/1/1923,-0.2
8/1/1923,0.2
9/1/1923,0.64
10/1/1923,0.79
11/1/1923,0.87
12/1/1923,1.02
1/1/1924,0.46
2/1/1924,0.63
3/1/1924,0.39
4/1/1924,-0.02
5/1/1924,-0.85
6/1/1924,-0.67
7/1/1924,-0.98
8/1/1924,-0.78
9/1/1924,-0.86
10/1/1924,-0.46
11/1/1924,-1.09
12/1/1924,-0.66
1/1/1925,-1.03
2/1/1925,-0.47
3/1/1925,-0.53
4/1/1925,-0.52
5/1/1925,-0.4
6/1/1925,-0.18
7/1/1925,0.5
8/1/1925,0.68
9/1/1925,0.77
10/1/1925,0.85
11/1/1925,1
12/1/1925,1.6
1/1/1926,1.52
2/1/1926,1.29
3/1/1926,1.19
4/1/1926,1.01
5/1/1926,0.83
6/1/1926,0.61
7/1/1926,0.63
8/1/1926,0.15
9/1/1926,-0.07
10/1/1926,-0.39
11/1/1926,-0.27
12/1/1926,-0.23
1/1/1927,0.1
2/1/1927,0.23
3/1/1927,-0.18
4/1/1927,-0.27
5/1/1927,-0.59
6/1/1927,-0.15
7/1/1927,-0.31
8/1/1927,-0.09
9/1/1927,-0.16
10/1/1927,0.27
11/1/1927,-0.04
12/1/1927,0.25
1/1/1928,0.47
2/1/1928,0.21
3/1/1928,-0.24
4/1/1928,-0.22
5/1/1928,-0.04
6/1/1928,-0.26
7/1/1928,0.02
8/1/1928,-0.28
9/1/1928,-0.13
10/1/1928,-0.12
11/1/1928,-0.17
12/1/1928,-0.03
1/1/1929,-0.15
2/1/1929,-0.08
3/1/1929,-0.15
4/1/1929,-0.15
5/1/1929,-0.17
6/1/1929,0.13
7/1/1929,-0.02
8/1/1929,0.1
9/1/1929,0.3
10/1/1929,0.4
11/1/1929,0.18
12/1/1929,0.63
1/1/1930,0.35
2/1/1930,0.39
3/1/1930,0.29
4/1/1930,0.41
5/1/1930,-0.04
6/1/1930,0.27
7/1/1930,0.64
8/1/1930,0.68
9/1/1930,1.28
10/1/1930,1.14
11/1/1930,1.79
12/1/1930,1.41
1/1/1931,1.49
2/1/1931,1.33
3/1/1931,1.18
4/1/1931,0.96
5/1/1931,0.63
6/1/1931,0.48
7/1/1931,0.4
8/1/1931,0.15
9/1/1931,-0.42
10/1/1931,-0.22
11/1/1931,-0.27
12/1/1931,-0.28
1/1/1932,-0.42
2/1/1932,-0.19
3/1/1932,0.25
4/1/1932,0.25
5/1/1932,0.28
6/1/1932,0.19
7/1/1932,-0.11
8/1/1932,0.09
9/1/1932,0.02
10/1/1932,0.02
11/1/1932,-0.04
12/1/1932,-0.41
1/1/1933,-0.21
2/1/1933,-0.08
3/1/1933,-0.2
4/1/1933,0.01
5/1/1933,-0.4
6/1/1933,-0.86
7/1/1933,-0.66
8/1/1933,-0.94
9/1/1933,-0.77
10/1/1933,-1.1
11/1/1933,-1.06
12/1/1933,-1.21
1/1/1934,-0.93
2/1/1934,-0.87
3/1/1934,-0.95
4/1/1934,-0.42
5/1/1934,-0.49
6/1/1934,-0.33
7/1/1934,-0.43
8/1/1934,-0.33
9/1/1934,-0.52
10/1/1934,-0.26
11/1/1934,-0.11
12/1/1934,-0.24
1/1/1935,-0.32
2/1/1935,-0.19
3/1/1935,-0.28
4/1/1935,-0.32
5/1/1935,-0.54
6/1/1935,-0.4
7/1/1935,-0.65
8/1/1935,0.06
9/1/1935,0.08
10/1/1935,0.28
11/1/1935,0.28
12/1/1935,-0.04
1/1/1936,0.74
2/1/1936,0.49
3/1/1936,0
4/1/1936,0.29
5/1/1936,-0.07
6/1/1936,-0.35
7/1/1936,-0.34
8/1/1936,-0.32
9/1/1936,-0.1
10/1/1936,0.38
11/1/1936,-0.03
12/1/1936,0.63
1/1/1937,-0.3
2/1/1937,0.3
3/1/1937,0.25
4/1/1937,0.21
5/1/1937,-0.43
6/1/1937,-0.3
7/1/1937,0.09
8/1/1937,-0.2
9/1/1937,0.17
10/1/1937,-0.1
11/1/1937,0.21
12/1/1937,0.22
1/1/1938,-0.21
2/1/1938,0.23
3/1/1938,-0.06
4/1/1938,0.09
5/1/1938,-0.33
6/1/1938,-0.88
7/1/1938,-0.98
8/1/1938,-0.81
9/1/1938,-0.28
10/1/1938,-0.75
11/1/1938,-0.72
12/1/1938,-0.79
1/1/1939,-0.67
2/1/1939,-0.95
3/1/1939,-0.85
4/1/1939,-0.27
5/1/1939,-0.25
6/1/1939,0.05
7/1/1939,0.25
8/1/1939,0.06
9/1/1939,0.43
10/1/1939,-0.47
11/1/1939,0.32
12/1/1939,0.05
1/1/1940,1.18
2/1/1940,1.38
3/1/1940,1.19
4/1/1940,0.8
5/1/1940,0.34
6/1/1940,0.55
7/1/1940,0.21
8/1/1940,0.75
9/1/1940,0.05
10/1/1940,0.32
11/1/1940,0.7
12/1/1940,1.39
1/1/1941,1.38
2/1/1941,1.34
3/1/1941,1.41
4/1/1941,1.36
5/1/1941,1.32
6/1/1941,0.88
7/1/1941,0.73
8/1/1941,0.79
9/1/1941,0.68
10/1/1941,0.99
11/1/1941,1.17
12/1/1941,1.27
1/1/1942,0.61
2/1/1942,0.53
3/1/1942,0.25
4/1/1942,0.57
5/1/1942,-0.1
6/1/1942,-0.52
7/1/1942,-0.55
8/1/1942,-0.96
9/1/1942,-1.17
10/1/1942,-1.32
11/1/1942,-1.5
12/1/1942,-1.24
1/1/1943,-1.2
2/1/1943,-1.18
3/1/1943,-1.1
4/1/1943,-0.6
5/1/1943,-0.36
6/1/1943,-0.11
7/1/1943,-0.09
8/1/1943,0.05
9/1/1943,-0.24
10/1/1943,-0.44
11/1/1943,-0.5
12/1/1943,-0.42
1/1/1944,-0.42
2/1/1944,0.16
3/1/1944,-0.21
4/1/1944,0.11
5/1/1944,0.14
6/1/1944,0.04
7/1/1944,0.08
8/1/1944,0
9/1/1944,-0.31
10/1/1944,-0.22
11/1/1944,-0.35
12/1/1944,-0.26
1/1/1945,-0.36
2/1/1945,-0.47
3/1/1945,-0.79
4/1/1945,-0.76
5/1/1945,-0.46
6/1/1945,-0.59
7/1/1945,-0.61
8/1/1945,-0.84
9/1/1945,-0.82
10/1/1945,-0.86
11/1/1945,-0.42
12/1/1945,-0.54
1/1/1946,-0.44
2/1/1946,-0.24
3/1/1946,-0.36
4/1/1946,-0.48
5/1/1946,-0.39
6/1/1946,0.15
7/1/1946,0.03
8/1/1946,-0.52
9/1/1946,-0.19
10/1/1946,-0.01
11/1/1946,-0.18
12/1/1946,0.03
1/1/1947,0.39
2/1/1947,-0.13
3/1/1947,0.28
4/1/1947,-0.07
5/1/1947,-0.55
6/1/1947,0.07
7/1/1947,-0.39
8/1/1947,-0.37
9/1/1947,-1.05
10/1/1947,-0.82
11/1/1947,-0.73
12/1/1947,0.18
1/1/1948,0.05
2/1/1948,0.37
3/1/1948,0.63
4/1/1948,0.25
5/1/1948,0.31
6/1/1948,0.06
7/1/1948,-0.06
8/1/1948,-0.02
9/1/1948,-0.02
10/1/1948,-0.68
11/1/1948,-0.3
12/1/1948,0.38
1/1/1949,-0.46
2/1/1949,0.26
3/1/1949,-0.55
4/1/1949,0.19
5/1/1949,-0.07
6/1/1949,-0.72
7/1/1949,-0.39
8/1/1949,-0.32
9/1/1949,-0.65
10/1/1949,-0.72
11/1/1949,-1.33
12/1/1949,-1.2
1/1/1950,-1.05
2/1/1950,-1.5
3/1/1950,-1.07
4/1/1950,-0.91
5/1/1950,-1.3
6/1/1950,-0.86
7/1/1950,-1.08
8/1/1950,-0.63
9/1/1950,-1.1
10/1/1950,-0.83
11/1/1950,-1.38
12/1/1950,-1.04
1/1/1951,-1.13
2/1/1951,-0.74
3/1/1951,-0.77
4/1/1951,-0.17
5/1/1951,-0.1
6/1/1951,-0.09
7/1/1951,0.66
8/1/1951,0.9
9/1/1951,0.67
10/1/1951,0.79
11/1/1951,0.78
12/1/1951,0.71
1/1/1952,0.39
2/1/1952,0.24
3/1/1952,0.04
4/1/1952,0.41
5/1/1952,-0.38
6/1/1952,-0.66
7/1/1952,-0.59
8/1/1952,-0.42
9/1/1952,-0.35
10/1/1952,-0.04
11/1/1952,-0.32
12/1/1952,-0.55
1/1/1953,0.36
2/1/1953,0.24
3/1/1953,0.22
4/1/1953,0.77
5/1/1953,0.35
6/1/1953,0.41
7/1/1953,0.2
8/1/1953,0.04
9/1/1953,0.67
10/1/1953,0.11
11/1/1953,0.31
12/1/1953,0.15
1/1/1954,0.39
2/1/1954,0.21
3/1/1954,0.01
4/1/1954,-0.32
5/1/1954,-0.53
6/1/1954,-0.8
7/1/1954,-1.02
8/1/1954,-1.08
9/1/1954,-1.03
10/1/1954,-0.91
11/1/1954,-1.17
12/1/1954,-0.79
1/1/1955,-0.66
2/1/1955,-0.79
3/1/1955,-0.8
4/1/1955,-0.95
5/1/1955,-1.23
6/1/1955,-1.2
7/1/1955,-1.32
8/1/1955,-0.91
9/1/1955,-1.33
10/1/1955,-1.59
11/1/1955,-1.91
12/1/1955,-1.52
1/1/1956,-1.23
2/1/1956,-0.98
3/1/1956,-0.93
4/1/1956,-0.78
5/1/1956,-0.59
6/1/1956,-0.83
7/1/1956,-0.94
8/1/1956,-0.81
9/1/1956,-0.91
10/1/1956,-0.69
11/1/1956,-1.01
12/1/1956,-0.58
1/1/1957,-0.56
2/1/1957,-0.24
3/1/1957,0.08
4/1/1957,0.42
5/1/1957,0.45
6/1/1957,0.53
7/1/1957,0.69
8/1/1957,0.79
9/1/1957,0.53
10/1/1957,0.74
11/1/1957,1.09
12/1/1957,1.18
1/1/1958,1.54
2/1/1958,1.4
3/1/1958,0.99
4/1/1958,0.31
5/1/1958,0.32
6/1/1958,0.3
7/1/1958,0.04
8/1/1958,0.24
9/1/1958,-0.31
10/1/1958,-0.03
11/1/1958,0.05
12/1/1958,0.3
1/1/1959,0.43
2/1/1959,0.5
3/1/1959,0.26
4/1/1959,0.27
5/1/1959,-0.01
6/1/1959,-0.33
7/1/1959,-0.28
8/1/1959,-0.41
9/1/1959,-0.53
10/1/1959,0.11
11/1/1959,-0.17
12/1/1959,-0.05
1/1/1960,0.02
2/1/1960,-0.24
3/1/1960,-0.08
4/1/1960,0.01
5/1/1960,0.05
6/1/1960,-0.2
7/1/1960,-0.25
8/1/1960,0
9/1/1960,0.03
10/1/1960,-0.07
11/1/1960,-0.38
12/1/1960,0.02
1/1/1961,-0.15
2/1/1961,0.04
3/1/1961,-0.1
4/1/1961,0.13
5/1/1961,-0.01
6/1/1961,0.1
7/1/1961,-0.32
8/1/1961,-0.25
9/1/1961,-0.52
10/1/1961,-0.71
11/1/1961,-0.19
12/1/1961,-0.29
1/1/1962,-0.25
2/1/1962,-0.16
3/1/1962,-0.41
4/1/1962,-0.32
5/1/1962,-0.42
6/1/1962,-0.22
7/1/1962,-0.3
8/1/1962,-0.13
9/1/1962,-0.56
10/1/1962,-0.33
11/1/1962,-0.43
12/1/1962,-0.49
1/1/1963,-0.32
2/1/1963,-0.26
3/1/1963,-0.06
4/1/1963,-0.06
5/1/1963,0
6/1/1963,0.12
7/1/1963,0.72
8/1/1963,0.9
9/1/1963,0.65
10/1/1963,0.84
11/1/1963,0.75
12/1/1963,1.05
1/1/1964,0.76
2/1/1964,0.55
3/1/1964,-0.16
4/1/1964,-0.53
5/1/1964,-0.74
6/1/1964,-0.88
7/1/1964,-0.65
8/1/1964,-0.76
9/1/1964,-0.93
10/1/1964,-1
11/1/1964,-1.1
12/1/1964,-1.07
1/1/1965,-0.57
2/1/1965,-0.36
3/1/1965,-0.34
4/1/1965,-0.09
5/1/1965,0.19
6/1/1965,0.45
7/1/1965,0.81
8/1/1965,1.25
9/1/1965,1.26
10/1/1965,1.61
11/1/1965,1.54
12/1/1965,1.45
1/1/1966,1.13
2/1/1966,0.83
3/1/1966,0.83
4/1/1966,0.54
5/1/1966,-0.06
6/1/1966,0.14
7/1/1966,0.23
8/1/1966,-0.1
9/1/1966,-0.05
10/1/1966,-0.05
11/1/1966,-0.37
12/1/1966,-0.26
1/1/1967,-0.55
2/1/1967,-0.56
3/1/1967,-0.47
4/1/1967,-0.53
5/1/1967,-0.24
6/1/1967,-0.12
7/1/1967,-0.1
8/1/1967,-0.31
9/1/1967,-0.59
10/1/1967,-0.38
11/1/1967,-0.34
12/1/1967,-0.35
1/1/1968,-0.6
2/1/1968,-0.74
3/1/1968,-0.76
4/1/1968,-0.47
5/1/1968,-0.44
6/1/1968,0.19
7/1/1968,0.31
8/1/1968,0.33
9/1/1968,0.05
10/1/1968,0.32
11/1/1968,0.76
12/1/1968,0.76
1/1/1969,0.9
2/1/1969,1.02
3/1/1969,0.61
4/1/1969,0.33
5/1/1969,0.39
6/1/1969,0.26
7/1/1969,0.1
8/1/1969,0.52
9/1/1969,0.47
10/1/1969,0.66
11/1/1969,0.75
12/1/1969,0.68
1/1/1970,0.55
2/1/1970,0.36
3/1/1970,0.26
4/1/1970,0.18
5/1/1970,0.01
6/1/1970,-0.3
7/1/1970,-0.98
8/1/1970,-0.95
9/1/1970,-0.78
10/1/1970,-0.65
11/1/1970,-0.85
12/1/1970,-1.11
1/1/1971,-1.47
2/1/1971,-1.28
3/1/1971,-1.29
4/1/1971,-0.97
5/1/1971,-0.82
6/1/1971,-0.78
7/1/1971,-0.64
8/1/1971,-0.65
9/1/1971,-0.75
10/1/1971,-0.78
11/1/1971,-0.85
12/1/1971,-0.89
1/1/1972,-0.58
2/1/1972,-0.22
3/1/1972,-0.25
4/1/1972,0.21
5/1/1972,0.33
6/1/1972,0.66
7/1/1972,0.83
8/1/1972,1.3
9/1/1972,1.19
10/1/1972,1.77
11/1/1972,1.87
12/1/1972,2.19
1/1/1973,1.6
2/1/1973,1.08
3/1/1973,0.58
4/1/1973,-0.07
5/1/1973,-0.56
6/1/1973,-0.86
7/1/1973,-1.14
8/1/1973,-1.21
9/1/1973,-1.4
10/1/1973,-1.58
11/1/1973,-2.07
12/1/1973,-2.18
1/1/1974,-2.02
2/1/1974,-1.5
3/1/1974,-1.44
4/1/1974,-1
5/1/1974,-0.79
6/1/1974,-0.7
7/1/1974,-0.65
8/1/1974,-0.32
9/1/1974,-0.35
10/1/1974,-0.75
11/1/1974,-0.96
12/1/1974,-0.86
1/1/1975,-0.37
2/1/1975,-0.33
3/1/1975,-0.59
4/1/1975,-0.59
5/1/1975,-1
6/1/1975,-1.25
7/1/1975,-1.24
8/1/1975,-1.16
9/1/1975,-1.44
10/1/1975,-1.47
11/1/1975,-1.46
12/1/1975,-1.64
1/1/1976,-1.8
2/1/1976,-1.05
3/1/1976,-0.68
4/1/1976,-0.42
5/1/1976,-0.49
6/1/1976,0
7/1/1976,0.15
8/1/1976,0.31
9/1/1976,0.57
10/1/1976,0.86
11/1/1976,0.88
12/1/1976,0.64
1/1/1977,0.84
2/1/1977,0.55
3/1/1977,0.4
4/1/1977,-0.25
5/1/1977,-0.03
6/1/1977,0.36
7/1/1977,0.45
8/1/1977,0.25
9/1/1977,0.44
10/1/1977,0.89
11/1/1977,1.03
12/1/1977,1.09
1/1/1978,0.72
2/1/1978,0.51
3/1/1978,0.06
4/1/1978,-0.37
5/1/1978,-0.49
6/1/1978,-0.45
7/1/1978,-0.48
8/1/1978,-0.62
9/1/1978,-0.6
10/1/1978,-0.34
11/1/1978,-0.15
12/1/1978,0.07
1/1/1979,0.05
2/1/1979,0.09
3/1/1979,0.13
4/1/1979,0.17
5/1/1979,-0.09
6/1/1979,0.04
7/1/1979,-0.2
8/1/1979,0.21
9/1/1979,0.48
10/1/1979,0.32
11/1/1979,0.35
12/1/1979,0.69
1/1/1980,0.55
2/1/1980,0.33
3/1/1980,0.09
4/1/1980,0.2
5/1/1980,0.13
6/1/1980,0.37
7/1/1980,0.02
8/1/1980,-0.23
9/1/1980,-0.12
10/1/1980,-0.11
11/1/1980,0.1
12/1/1980,0.36
1/1/1981,-0.45
2/1/1981,-0.45
3/1/1981,-0.02
4/1/1981,-0.17
5/1/1981,-0.11
6/1/1981,-0.15
7/1/1981,-0.43
8/1/1981,-0.18
9/1/1981,-0.07
10/1/1981,-0.03
11/1/1981,-0.27
12/1/1981,0.07
1/1/1982,-0.04
2/1/1982,-0.13
3/1/1982,-0.02
4/1/1982,0.24
5/1/1982,0.65
6/1/1982,0.92
7/1/1982,0.64
8/1/1982,0.93
9/1/1982,1.39
10/1/1982,2
11/1/1982,2.07
12/1/1982,2.33
1/1/1983,2.43
2/1/1983,2.22
3/1/1983,1.69
4/1/1983,1.12
5/1/1983,1.12
6/1/1983,0.62
7/1/1983,-0.11
8/1/1983,-0.13
9/1/1983,-0.5
10/1/1983,-1.03
11/1/1983,-1.13
12/1/1983,-0.95
1/1/1984,-0.8
2/1/1984,-0.53
3/1/1984,-0.48
4/1/1984,-0.6
5/1/1984,-0.64
6/1/1984,-0.9
7/1/1984,-0.4
8/1/1984,-0.4
9/1/1984,-0.35
10/1/1984,-0.83
11/1/1984,-1.18
12/1/1984,-1.53
1/1/1985,-0.89
2/1/1985,-0.91
3/1/1985,-0.96
4/1/1985,-0.98
5/1/1985,-0.9
6/1/1985,-0.76
7/1/1985,-0.61
8/1/1985,-0.49
9/1/1985,-0.57
10/1/1985,-0.64
11/1/1985,-0.43
12/1/1985,-0.4
1/1/1986,-0.79
2/1/1986,-0.64
3/1/1986,-0.51
4/1/1986,-0.41
5/1/1986,-0.47
6/1/1986,-0.08
7/1/1986,0.16
8/1/1986,0.24
9/1/1986,0.59
10/1/1986,0.9
11/1/1986,1.04
12/1/1986,0.98
1/1/1987,1.19
2/1/1987,1.17
3/1/1987,1.24
4/1/1987,0.89
5/1/1987,0.91
6/1/1987,1.24
7/1/1987,1.34
8/1/1987,1.48
9/1/1987,1.53
10/1/1987,1.36
11/1/1987,1.29
12/1/1987,1.05
1/1/1988,0.69
2/1/1988,0.35
3/1/1988,0.29
4/1/1988,-0.49
5/1/1988,-1.05
6/1/1988,-1.46
7/1/1988,-1.54
8/1/1988,-1.44
9/1/1988,-1.33
10/1/1988,-2.09
11/1/1988,-2.18
12/1/1988,-1.98
1/1/1989,-1.95
2/1/1989,-1.37
3/1/1989,-1.33
4/1/1989,-1.11
5/1/1989,-0.8
6/1/1989,-0.64
7/1/1989,-0.47
8/1/1989,-0.58
9/1/1989,-0.38
10/1/1989,-0.4
11/1/1989,-0.3
12/1/1989,-0.13
1/1/1990,0.02
2/1/1990,0.36
3/1/1990,0.2
4/1/1990,0.26
5/1/1990,0.32
6/1/1990,0
7/1/1990,0.15
8/1/1990,0.17
9/1/1990,0.12
10/1/1990,0.13
11/1/1990,0.08
12/1/1990,0.32
1/1/1991,0.51
2/1/1991,0.32
3/1/1991,0.1
4/1/1991,0.21
5/1/1991,0.44
6/1/1991,0.65
7/1/1991,0.62
8/1/1991,0.43
9/1/1991,0.22
10/1/1991,0.91
11/1/1991,1.14
12/1/1991,1.62
1/1/1992,1.61
2/1/1992,1.62
3/1/1992,1.5
4/1/1992,1.41
5/1/1992,1.27
6/1/1992,0.53
7/1/1992,0.27
8/1/1992,-0.15
9/1/1992,-0.14
10/1/1992,-0.35
11/1/1992,-0.14
12/1/1992,0.04
1/1/1993,0.28
2/1/1993,0.42
3/1/1993,0.47
4/1/1993,0.92
5/1/1993,0.93
6/1/1993,0.64
7/1/1993,0.33
8/1/1993,0.16
9/1/1993,0.26
10/1/1993,0.36
11/1/1993,0.28
12/1/1993,0.19
1/1/1994,0.03
2/1/1994,-0.16
3/1/1994,-0.06
4/1/1994,0.03
5/1/1994,0.14
6/1/1994,0.27
7/1/1994,0.16
8/1/1994,0.52
9/1/1994,0.4
10/1/1994,0.9
11/1/1994,1.14
12/1/1994,1.21
1/1/1995,1.1
2/1/1995,0.87
3/1/1995,0.49
4/1/1995,0.27
5/1/1995,0.03
6/1/1995,0.08
7/1/1995,0.03
8/1/1995,-0.38
9/1/1995,-0.57
10/1/1995,-0.72
11/1/1995,-0.78
12/1/1995,-0.72
1/1/1996,-0.65
2/1/1996,-0.66
3/1/1996,-0.48
4/1/1996,-0.34
5/1/1996,-0.4
6/1/1996,-0.12
7/1/1996,-0.14
8/1/1996,-0.3
9/1/1996,-0.34
10/1/1996,-0.28
11/1/1996,-0.3
12/1/1996,-0.43
1/1/1997,-0.43
2/1/1997,-0.24
3/1/1997,-0.06
4/1/1997,0.34
5/1/1997,0.87
6/1/1997,1.15
7/1/1997,1.6
8/1/1997,1.94
9/1/1997,2.1
10/1/1997,2.29
11/1/1997,2.42
12/1/1997,2.3
1/1/1998,2.42
2/1/1998,2.08
3/1/1998,1.49
4/1/1998,0.9
5/1/1998,0.68
6/1/1998,-0.39
7/1/1998,-0.73
8/1/1998,-0.83
9/1/1998,-0.82
10/1/1998,-1.19
11/1/1998,-1.23
12/1/1998,-1.51
1/1/1999,-1.53
2/1/1999,-1.41
3/1/1999,-0.92
4/1/1999,-0.81
5/1/1999,-0.87
6/1/1999,-0.95
7/1/1999,-0.84
8/1/1999,-0.98
9/1/1999,-0.84
10/1/1999,-1.03
11/1/1999,-1.41
12/1/1999,-1.54
1/1/2000,-1.79
2/1/2000,-1.53
3/1/2000,-1.26
4/1/2000,-0.8
5/1/2000,-0.8
6/1/2000,-0.75
7/1/2000,-0.57
8/1/2000,-0.36
9/1/2000,-0.39
10/1/2000,-0.55
11/1/2000,-0.75
12/1/2000,-0.92
1/1/2001,-0.88
2/1/2001,-0.63
3/1/2001,-0.48
4/1/2001,-0.3
5/1/2001,-0.3
6/1/2001,-0.11
7/1/2001,0.01
8/1/2001,-0.07
9/1/2001,-0.28
10/1/2001,-0.26
11/1/2001,-0.28
12/1/2001,-0.46
1/1/2002,-0.14
2/1/2002,0
3/1/2002,0.11
4/1/2002,0.14
5/1/2002,0.21
6/1/2002,0.68
7/1/2002,0.57
8/1/2002,0.7
9/1/2002,0.82
10/1/2002,1.16
11/1/2002,1.41
12/1/2002,1.41
1/1/2003,0.98
2/1/2003,0.64
3/1/2003,0.48
4/1/2003,-0.03
5/1/2003,-0.52
6/1/2003,-0.19
7/1/2003,0.14
8/1/2003,0.05
9/1/2003,0.15
10/1/2003,0.46
11/1/2003,0.39
12/1/2003,0.32
1/1/2004,0.26
2/1/2004,0.17
3/1/2004,-0.1
4/1/2004,0.06
5/1/2004,0.1
6/1/2004,0.14
7/1/2004,0.41
8/1/2004,0.66
9/1/2004,0.67
10/1/2004,0.73
11/1/2004,0.62
12/1/2004,0.71
1/1/2005,0.56
2/1/2005,0.26
3/1/2005,0.28
4/1/2005,0.28
5/1/2005,0.3
6/1/2005,0.22
7/1/2005,-0.01
8/1/2005,-0.04
9/1/2005,-0.08
10/1/2005,-0.15
11/1/2005,-0.44
12/1/2005,-0.75
1/1/2006,-0.98
2/1/2006,-0.71
3/1/2006,-0.73
4/1/2006,-0.3
5/1/2006,-0.11
6/1/2006,0.09
7/1/2006,0.03
8/1/2006,0.37
9/1/2006,0.63
10/1/2006,0.76
11/1/2006,0.98
12/1/2006,1.1
1/1/2007,0.59
2/1/2007,0.12
3/1/2007,-0.15
4/1/2007,-0.16
5/1/2007,-0.39
6/1/2007,-0.16
7/1/2007,-0.37
8/1/2007,-0.57
9/1/2007,-1.04
10/1/2007,-1.4
11/1/2007,-1.58
12/1/2007,-1.61
1/1/2008,-1.79
2/1/2008,-1.7
3/1/2008,-1.17
4/1/2008,-0.89
5/1/2008,-0.64
6/1/2008,-0.44
7/1/2008,-0.04
8/1/2008,-0.04
9/1/2008,-0.28
10/1/2008,-0.3
11/1/2008,-0.37
12/1/2008,-0.9
1/1/2009,-1
2/1/2009,-0.71
3/1/2009,-0.72
4/1/2009,-0.25
5/1/2009,0.17
6/1/2009,0.49
7/1/2009,0.69
8/1/2009,0.62
9/1/2009,0.68
10/1/2009,0.96
11/1/2009,1.49
12/1/2009,1.81
1/1/2010,1.43
2/1/2010,1.18
3/1/2010,1.07
4/1/2010,0.56
5/1/2010,-0.15
6/1/2010,-0.62
7/1/2010,-0.89
8/1/2010,-1.33
9/1/2010,-1.56
10/1/2010,-1.65
11/1/2010,-1.57
12/1/2010,-1.63
1/1/2011,-1.7
2/1/2011,-1.26
3/1/2011,-0.98
4/1/2011,-0.74
5/1/2011,-0.53
6/1/2011,-0.25
7/1/2011,-0.23
8/1/2011,-0.66
9/1/2011,-0.76
10/1/2011,-0.93
11/1/2011,-1.09
12/1/2011,-1.05
1/1/2012,-0.93
2/1/2012,-0.61
3/1/2012,-0.48
4/1/2012,-0.29
5/1/2012,-0.18
6/1/2012,0.14
7/1/2012,0.44
8/1/2012,0.66
9/1/2012,0.44
10/1/2012,0.23
11/1/2012,0.33
12/1/2012,-0.13
1/1/2013,-0.42
2/1/2013,-0.4
3/1/2013,-0.14
4/1/2013,-0.08
5/1/2013,-0.28
6/1/2013,-0.33
7/1/2013,-0.28
8/1/2013,-0.29
9/1/2013,-0.09
10/1/2013,-0.24
11/1/2013,-0.02
12/1/2013,-0.09
1/1/2014,-0.42
2/1/2014,-0.45
3/1/2014,-0.07
4/1/2014,0.28
5/1/2014,0.45
6/1/2014,0.48
7/1/2014,0.13
8/1/2014,0.14
9/1/2014,0.37
10/1/2014,0.48
11/1/2014,0.89
12/1/2014,0.77
1/1/2015,0.59
2/1/2015,0.57
3/1/2015,0.48
4/1/2015,0.9
5/1/2015,1.04
6/1/2015,1.28
7/1/2015,1.56
8/1/2015,1.87
9/1/2015,2.01
10/1/2015,2.21
11/1/2015,2.57
12/1/2015,2.56
1/1/2016,2.56
2/1/2016,2.11
3/1/2016,1.6
4/1/2016,1.05
5/1/2016,0.45
6/1/2016,0.06
7/1/2016,-0.25
8/1/2016,-0.48
9/1/2016,-0.46
10/1/2016,-0.75
11/1/2016,-0.63
12/1/2016,-0.51
1/1/2017,-0.34
2/1/2017,-0.01
3/1/2017,-0.09
4/1/2017,0.22
5/1/2017,0.3
6/1/2017,0.22
7/1/2017,0.22
8/1/2017,-0.18
9/1/2017,-0.56
10/1/2017,-0.52
11/1/2017,-0.84
12/1/2017,-0.85
1/1/2018,-0.86
2/1/2018,-0.73
3/1/2018,-0.73
4/1/2018,-0.36
5/1/2018,-0.12
6/1/2018,0.12
7/1/2018,0.27
8/1/2018,0.05
9/1/2018,0.3
10/1/2018,0.84
11/1/2018,1
12/1/2018,0.97
1/1/2019,0.51
2/1/2019,0.62
3/1/2019,0.81
4/1/2019,0.67
5/1/2019,0.61
6/1/2019,0.66
7/1/2019,0.41
8/1/2019,0.19
9/1/2019,0.11
10/1/2019,0.55
11/1/2019,0.74
12/1/2019,0.51
1/1/2020,0.64
2/1/2020,0.48
3/1/2020,0.36
4/1/2020,0.49
5/1/2020,-0.12
6/1/2020,-0.21
7/1/2020,-0.04
8/1/2020,-0.42
9/1/2020,-0.66
10/1/2020,-1.19
11/1/2020,-1.01
12/1/2020,-0.98
1/1/2021,-1.04
2/1/2021,-0.94
3/1/2021,-0.72
4/1/2021,-0.55
5/1/2021,-0.41
6/1/2021,-0.06
7/1/2021,-0.2
8/1/2021,-0.38
9/1/2021,-0.5
10/1/2021,-0.78
11/1/2021,-0.88
12/1/2021,-1.07
1/1/2022,-0.77
2/1/2022,-0.68
3/1/2022,-0.84
4/1/2022,-0.9
5/1/2022,-1.02
6/1/2022,-0.77
7/1/2022,-0.56
8/1/2022,-0.96
9/1/2022,-1.06
10/1/2022,-0.99
11/1/2022,-0.76
12/1/2022,-0.86
1/1/2023,-0.78
2/1/2023,-0.62
3/1/2023,-0.13
4/1/2023,0.24
5/1/2023,0.47
6/1/2023,0.95
7/1/2023,1.2
8/1/2023,1.56
9/1/2023,1.65
10/1/2023,1.59
11/1/2023,2.01
12/1/2023,1.81
1/1/2024,1.71
2/1/2024,1.47
3/1/2024,1.1
4/1/2024,0.93
5/1/2024,0.41
6/1/2024,0.25
7/1/2024,0.2
8/1/2024,0.02
9/1/2024,-0.11
10/1/2024,-0.24
11/1/2024,-0.05
12/1/2024,-0.58
1/1/2025,-0.76
2/1/2025,-0.39
3/1/2025,0.05
4/1/2025,-0.08
5/1/2025,-0.08
6/1/2025,0.01
