date,34_anom,land_ocean_temp_anom,sunspots
1870-01-01,-1,-0.16,129
1870-02-01,-1.2,-0.28,191.7
1870-03-01,-0.83,-0.14,262.7
1870-04-01,-0.81,-0.21,266.9
1870-05-01,-1.27,-0.14,293.6
1870-06-01,-1.08,-0.04,226.3
1870-07-01,-1.04,-0.02,220.9
1870-08-01,-0.88,-0.02,256.5
1870-09-01,-0.53,-0.12,226.8
1870-10-01,-0.92,-0.27,244.3
1870-11-01,-0.79,-0.24,246
1870-12-01,-0.79,-0.35,216.7
1871-01-01,-0.25,-0.35,147.2
1871-02-01,-0.58,-0.32,209
1871-03-01,-0.43,-0.02,238.7
1871-04-01,-0.5,-0.01,270.9
1871-05-01,-0.7,-0.13,242.6
1871-06-01,-0.53,0,152.9
1871-07-01,-0.6,-0.02,171.8
1871-08-01,-0.33,-0.08,183.7
1871-09-01,-0.24,-0.22,133.9
1871-10-01,-0.33,-0.28,148.5
1871-11-01,-0.31,-0.29,175.7
1871-12-01,-0.58,-0.19,150.8
1872-01-01,-0.72,-0.27,132.7
1872-02-01,-0.62,-0.27,200.3
1872-03-01,-0.5,-0.16,147.5
1872-04-01,-0.77,-0.31,170.4
1872-05-01,-0.62,-0.19,179.5
1872-06-01,-0.52,-0.12,183.3
1872-07-01,-0.32,-0.1,176
1872-08-01,-0.85,-0.02,155
1872-09-01,-1.02,-0.12,191.1
1872-10-01,-0.94,-0.21,171.2
1872-11-01,-0.79,-0.28,186.8
1872-12-01,-0.88,-0.31,139.9
1873-01-01,-0.78,-0.21,144.6
1873-02-01,-1.01,-0.22,178.4
1873-03-01,-1.31,-0.4,164
1873-04-01,-0.67,-0.43,127.1
1873-05-01,-0.53,-0.24,80
1873-06-01,-0.48,-0.1,74.8
1873-07-01,-0.58,-0.08,111.7
1873-08-01,-0.39,-0.05,113.8
1873-09-01,-0.34,-0.11,78.7
1873-10-01,-0.78,-0.13,78.6
1873-11-01,-0.77,-0.21,92.5
1873-12-01,-0.7,-0.2,82
1874-01-01,-0.93,-0.21,101.4
1874-02-01,-1.06,-0.21,107.1
1874-03-01,-1.4,-0.38,77.5
1874-04-01,-0.94,-0.3,53.5
1874-05-01,-0.86,-0.35,74.6
1874-06-01,-0.72,-0.17,63.8
1874-07-01,-1,-0.23,113.2
1874-08-01,-1.05,-0.21,102.3
1874-09-01,-1.13,-0.14,46.8
1874-10-01,-1.25,-0.18,57.4
1874-11-01,-1.33,-0.3,48.2
1874-12-01,-1.14,-0.09,48.8
1875-01-01,-0.71,-0.13,24.4
1875-02-01,-0.37,-0.21,35.9
1875-03-01,-0.59,-0.21,56.4
1875-04-01,-0.87,-0.19,48.6
1875-05-01,-1.09,-0.21,19.2
1875-06-01,-0.76,-0.1,39.9
1875-07-01,-0.85,-0.09,20.9
1875-08-01,-0.81,-0.16,24.4
1875-09-01,-0.91,-0.22,4
1875-10-01,-0.83,-0.22,21.3
1875-11-01,-0.64,-0.42,29.6
1875-12-01,-0.75,-0.46,16.5
1876-01-01,-0.95,-0.22,23.9
1876-02-01,-1.2,-0.41,25.1
1876-03-01,-1.13,-0.19,51.1
1876-04-01,-1.18,-0.3,3.9
1876-05-01,-1.08,-0.48,8.5
1876-06-01,-0.43,-0.12,2.7
1876-07-01,-0.34,-0.17,25.5
1876-08-01,-0.16,-0.17,14.8
1876-09-01,-0.02,-0.18,16.6
1876-10-01,0.11,-0.11,23.9
1876-11-01,0.15,-0.29,16.6
1876-12-01,0.23,-0.25,13.6
1877-01-01,0.35,-0.09,40.6
1877-02-01,0.46,-0.06,14.5
1877-03-01,0.52,0.1,19.9
1877-04-01,0.5,-0.03,26.3
1877-05-01,0.76,0.03,36.1
1877-06-01,0.98,0.11,23.6
1877-07-01,1.42,0.29,10
1877-08-01,1.54,0.15,10.5
1877-09-01,1.75,0.18,28.1
1877-10-01,1.95,0.26,11.2
1877-11-01,2.08,0.33,23.6
1877-12-01,2.49,0.15,3.5
1878-01-01,2.41,0.14,5.5
1878-02-01,2.43,0.21,11
1878-03-01,1.31,0.42,13.1
1878-04-01,0.92,0.15,0.2
1878-05-01,0.82,0.05,9.9
1878-06-01,0.92,0.24,10.7
1878-07-01,0.25,0.22,0.2
1878-08-01,-0.11,0.09,0
1878-09-01,-0.32,0.11,8.8
1878-10-01,-0.53,-0.06,1.9
1878-11-01,-0.7,-0.08,6.8
1878-12-01,-0.75,-0.02,0.9
1879-01-01,-0.55,-0.05,1.6
1879-02-01,-0.18,-0.14,0.9
1879-03-01,-0.24,-0.03,0
1879-04-01,-0.37,-0.14,10.4
1879-05-01,-0.83,-0.09,4
1879-06-01,-0.67,-0.07,8
1879-07-01,-0.77,0,12.6
1879-08-01,-0.69,-0.16,17.9
1879-09-01,-0.83,-0.16,10.1
1879-10-01,-0.93,-0.2,20.4
1879-11-01,-1.14,-0.28,21.9
1879-12-01,-1.02,-0.32,12.2
1880-01-01,-1,-0.3,40.1
1880-02-01,-0.73,-0.39,45.4
1880-03-01,-0.62,-0.15,32.1
1880-04-01,-0.57,-0.09,32.4
1880-05-01,-0.71,-0.12,39.1
1880-06-01,-0.61,-0.12,56.9
1880-07-01,-0.53,-0.2,36.5
1880-08-01,-0.24,-0.03,80.3
1880-09-01,-0.03,-0.14,110.1
1880-10-01,0.17,-0.24,71.7
1880-11-01,0.24,-0.2,51.1
1880-12-01,0.18,-0.11,49.4
1881-01-01,0.29,-0.1,60.6
1881-02-01,0.23,-0.13,88.6
1881-03-01,0.32,-0.04,85.8
1881-04-01,0.41,0.04,86.1
1881-05-01,0.16,0.07,72.5
1881-06-01,0.23,-0.15,100.8
1881-07-01,-0.26,0,128.2
1881-08-01,-0.17,-0.08,97.3
1881-09-01,-0.33,-0.19,88.6
1881-10-01,-0.43,-0.26,107.3
1881-11-01,-0.59,-0.27,91.5
1881-12-01,-0.37,0,78.8
1882-01-01,-0.45,0.1,75
1882-02-01,-0.55,-0.09,115.9
1882-03-01,-0.53,-0.05,111.5
1882-04-01,0.1,-0.2,159.6
1882-05-01,0.01,-0.1,106.9
1882-06-01,-0.4,-0.23,75.4
1882-07-01,-0.57,-0.21,75.7
1882-08-01,-0.33,-0.11,67.5
1882-09-01,-0.51,-0.16,96.1
1882-10-01,-0.65,-0.3,98.6
1882-11-01,-0.92,-0.26,140.6
1882-12-01,-0.75,-0.26,69.7
1883-01-01,-0.46,-0.18,101
1883-02-01,-0.49,-0.33,78.2
1883-03-01,-0.4,-0.1,71.3
1883-04-01,-0.23,-0.2,136.8
1883-05-01,-0.38,-0.15,52.5
1883-06-01,-0.21,0.05,127.2
1883-07-01,-0.01,-0.08,134.4
1883-08-01,-0.03,-0.23,76.6
1883-09-01,-0.17,-0.27,87.8
1883-10-01,-0.42,-0.27,139.6
1883-11-01,-0.22,-0.26,140.8
1883-12-01,-0.14,-0.23,126.5
1884-01-01,-0.11,-0.21,152.6
1884-02-01,-0.01,-0.14,144.8
1884-03-01,0,-0.41,145.8
1884-04-01,0.26,-0.39,126.9
1884-05-01,0.4,-0.31,110.9
1884-06-01,-0.13,-0.25,85.3
1884-07-01,0.28,-0.32,88.5
1884-08-01,0.2,-0.29,93.1
1884-09-01,0.18,-0.33,103.1
1884-10-01,0.29,-0.37,79.6
1884-11-01,0.3,-0.38,60.9
1884-12-01,0.35,-0.08,78.6
1885-01-01,0.12,-0.39,71.4
1885-02-01,0.27,-0.27,119.7
1885-03-01,0.12,-0.36,82.9
1885-04-01,-0.02,-0.42,91.7
1885-05-01,0.44,-0.28,121.6
1885-06-01,0.17,-0.36,139.5
1885-07-01,0.08,-0.25,110.9
1885-08-01,0.34,-0.18,83.5
1885-09-01,0.52,-0.27,66
1885-10-01,0.72,-0.25,64.5
1885-11-01,0.81,-0.27,51.6
1885-12-01,1.02,-0.06,36.3
1886-01-01,0.17,-0.29,49.8
1886-02-01,-0.1,-0.35,43.2
1886-03-01,-0.11,-0.44,95.5
1886-04-01,-0.37,-0.24,72.9
1886-05-01,-0.85,-0.24,51.2
1886-06-01,-0.9,-0.27,45.3
1886-07-01,-0.97,-0.18,50.4
1886-08-01,-1.03,-0.21,28.1
1886-09-01,-1.21,-0.25,35.7
1886-10-01,-1.14,-0.3,14.4
1886-11-01,-1.34,-0.31,0.6
1886-12-01,-1.44,-0.19,21.7
1887-01-01,-0.68,-0.63,17
1887-02-01,-1.02,-0.44,22
1887-03-01,-1.17,-0.35,7.1
1887-04-01,-1.18,-0.32,11.6
1887-05-01,-1.14,-0.32,33.4
1887-06-01,-0.56,-0.24,26.1
1887-07-01,-0.55,-0.26,38.9
1887-08-01,-0.62,-0.25,35.7
1887-09-01,-0.34,-0.17,12.4
1887-10-01,-0.12,-0.37,11
1887-11-01,0.04,-0.27,11.5
1887-12-01,0.15,-0.34,34.5
1888-01-01,0.15,-0.14,21.2
1888-02-01,0.66,-0.27,11.8
1888-03-01,0.4,-0.28,13.1
1888-04-01,0.3,-0.25,8.5
1888-05-01,0.47,-0.16,11.7
1888-06-01,0.4,-0.07,11.8
1888-07-01,0.56,0,5
1888-08-01,0.93,-0.08,4.6
1888-09-01,0.58,-0.15,14.6
1888-10-01,1.42,0.12,3.4
1888-11-01,2.21,0.08,17.9
1888-12-01,1.67,0.05,11.1
1889-01-01,1.98,0.07,1.3
1889-02-01,1.47,0.24,14.2
1889-03-01,0.83,0.1,11.1
1889-04-01,0.46,0.07,7.3
1889-05-01,0.32,0.1,4
1889-06-01,0.09,-0.01,10.8
1889-07-01,-0.76,-0.06,15.8
1889-08-01,-0.99,-0.09,34.3
1889-09-01,-0.92,-0.13,10.9
1889-10-01,-1.31,-0.18,3.4
1889-11-01,-1.08,-0.3,0.3
1889-12-01,-1.25,-0.24,11.2
1890-01-01,-2.49,-0.33,8.8
1890-02-01,-2.11,-0.35,1.1
1890-03-01,-1.15,-0.35,8.5
1890-04-01,-1.14,-0.38,2.7
1890-05-01,-1,-0.29,7.9
1890-06-01,-0.86,-0.25,2.2
1890-07-01,-0.92,-0.25,19.3
1890-08-01,-1.38,-0.32,14.2
1890-09-01,-1.29,-0.39,28.6
1890-10-01,-1.26,-0.25,18.6
1890-11-01,-1.07,-0.44,15.9
1890-12-01,-0.68,-0.32,13.1
1891-01-01,-0.45,-0.28,22.5
1891-02-01,-0.25,-0.51,36.9
1891-03-01,-0.07,-0.2,17.2
1891-04-01,0.15,-0.22,34.2
1891-05-01,0.13,-0.13,68.5
1891-06-01,0.29,-0.09,80.4
1891-07-01,0.11,-0.11,98
1891-08-01,0.05,-0.16,55.1
1891-09-01,-0.08,-0.19,89.7
1891-10-01,-0.03,-0.19,86
1891-11-01,0.06,-0.36,69.8
1891-12-01,0.01,-0.14,54.3
1892-01-01,-0.5,-0.18,115.2
1892-02-01,-0.34,-0.09,126.1
1892-03-01,-0.58,-0.23,83.3
1892-04-01,-0.65,-0.26,116
1892-05-01,-0.72,-0.31,132.7
1892-06-01,-0.57,-0.21,127.3
1892-07-01,-0.62,-0.32,127.6
1892-08-01,-0.63,-0.27,169
1892-09-01,-1.07,-0.2,104.7
1892-10-01,-1.54,-0.29,117.5
1892-11-01,-1.62,-0.38,108.9
1892-12-01,-1.18,-0.31,131
1893-01-01,-1.23,-0.54,125
1893-02-01,-1.16,-0.46,121.6
1893-03-01,-1.24,-0.37,109.5
1893-04-01,-1.3,-0.32,146.8
1893-05-01,-1.32,-0.32,141.3
1893-06-01,-1.19,-0.17,149.8
1893-07-01,-1.32,-0.2,147.6
1893-08-01,-1.29,-0.23,215.4
1893-09-01,-1.28,-0.28,129.9
1893-10-01,-1.36,-0.27,133.3
1893-11-01,-1.3,-0.32,125.2
1893-12-01,-1,-0.4,156.4
1894-01-01,-1.09,-0.53,138.6
1894-02-01,-1.13,-0.44,141
1894-03-01,-1.06,-0.32,87.1
1894-04-01,-0.92,-0.41,136
1894-05-01,-1,-0.24,168.7
1894-06-01,-0.84,-0.41,164.8
1894-07-01,-0.88,-0.21,176.7
1894-08-01,-0.8,-0.16,117.1
1894-09-01,-1.1,-0.31,110
1894-10-01,-0.82,-0.31,125.7
1894-11-01,-0.92,-0.27,94.3
1894-12-01,-0.48,-0.22,100.1
1895-01-01,-0.73,-0.32,105.4
1895-02-01,-0.49,-0.34,112
1895-03-01,-0.4,-0.25,101.6
1895-04-01,-0.17,-0.2,128.2
1895-05-01,-0.03,-0.28,112.5
1895-06-01,-0.21,-0.18,119.1
1895-07-01,-0.26,-0.09,79.7
1895-08-01,0.36,-0.11,114.9
1895-09-01,0.42,-0.18,96.1
1895-10-01,0.32,-0.18,113.2
1895-11-01,0.44,-0.17,78.6
1895-12-01,0.48,-0.19,117.9
1896-01-01,0.16,-0.16,48.4
1896-02-01,0.09,-0.15,95.7
1896-03-01,0.15,-0.17,86.5
1896-04-01,-0.01,-0.29,73
1896-05-01,-0.04,-0.21,46.1
1896-06-01,-0.21,-0.06,81.7
1896-07-01,0.43,-0.06,75.2
1896-08-01,1.05,-0.01,45.4
1896-09-01,1.04,-0.08,102.2
1896-10-01,1.1,0.06,47.9
1896-11-01,1.51,-0.06,63.3
1896-12-01,1.55,-0.04,71
1897-01-01,1.49,-0.09,67.6
1897-02-01,1.14,-0.19,49
1897-03-01,0.54,-0.14,48.7
1897-04-01,-0.22,0.05,51.7
1897-05-01,-0.17,-0.05,33.3
1897-06-01,-0.02,-0.08,18.9
1897-07-01,0.07,-0.02,46.1
1897-08-01,-0.15,-0.03,36.4
1897-09-01,-0.24,-0.1,80.4
1897-10-01,-0.57,-0.19,23.9
1897-11-01,-0.61,-0.15,14
1897-12-01,-0.4,-0.07,55.5
1898-01-01,-0.51,-0.21,50.4
1898-02-01,-0.57,-0.3,60.7
1898-03-01,-0.79,-0.45,63.9
1898-04-01,-0.61,-0.31,24.2
1898-05-01,-0.59,-0.21,43
1898-06-01,-0.28,-0.13,37.1
1898-07-01,-0.63,-0.12,15
1898-08-01,-0.76,-0.14,52.3
1898-09-01,-0.19,-0.16,58.1
1898-10-01,-0.33,-0.32,57.1
1898-11-01,-0.66,-0.4,51.6
1898-12-01,-0.78,-0.26,21.1
1899-01-01,-0.75,-0.3,32.4
1899-02-01,-0.71,-0.34,15.3
1899-03-01,-0.56,-0.23,30.3
1899-04-01,-0.34,-0.21,23.6
1899-05-01,0.04,-0.24,12.9
1899-06-01,0.09,-0.22,34.1
1899-07-01,-0.02,-0.1,22.5
1899-08-01,0.63,-0.03,4.9
1899-09-01,0.43,0.03,14
1899-10-01,0.92,-0.15,21.7
1899-11-01,1.29,-0.02,13
1899-12-01,1.51,-0.02,17.6
1900-01-01,1.41,-0.26,15.7
1900-02-01,1.29,0.03,22.8
1900-03-01,0.99,0.04,14.4
1900-04-01,0.66,-0.13,26.8
1900-05-01,0.54,-0.06,25.3
1900-06-01,0.76,-0.02,20.1
1900-07-01,0.75,-0.08,13.9
1900-08-01,0.78,-0.08,7.1
1900-09-01,0.56,-0.1,13.9
1900-10-01,0.42,0.05,21.6
1900-11-01,0.14,-0.03,7.5
1900-12-01,0.6,-0.01,0.5
1901-01-01,0.82,-0.19,0.4
1901-02-01,0.29,-0.1,4
1901-03-01,0.05,0.11,7.4
1901-04-01,-0.13,0.05,0
1901-05-01,-0.19,-0.13,17
1901-06-01,-0.26,-0.09,9.7
1901-07-01,-0.3,-0.11,1.2
1901-08-01,-0.38,-0.11,1.7
1901-09-01,-0.3,-0.16,0.9
1901-10-01,-0.31,-0.27,6.3
1901-11-01,-0.39,-0.18,6.4
1901-12-01,-0.35,-0.1,0
1902-01-01,-0.5,-0.17,9.3
1902-02-01,-0.26,-0.06,0
1902-03-01,-0.27,-0.27,20.7
1902-04-01,0.2,-0.26,0
1902-05-01,0.47,-0.23,4.7
1902-06-01,0.77,-0.17,2.4
1902-07-01,1.44,-0.17,1.5
1902-08-01,1.21,-0.2,3.8
1902-09-01,1.44,-0.24,12.6
1902-10-01,1.4,-0.25,27.2
1902-11-01,1.54,-0.27,17.2
1902-12-01,1.39,-0.34,1.8
1903-01-01,1.33,-0.21,13.9
1903-02-01,0.93,-0.21,28.4
1903-03-01,0.79,-0.21,22.5
1903-04-01,0.36,-0.41,43.5
1903-05-01,-0.1,-0.32,24.3
1903-06-01,0.29,-0.28,27.2
1903-07-01,-0.49,-0.37,46.4
1903-08-01,-0.32,-0.41,48
1903-09-01,-0.6,-0.46,18.5
1903-10-01,-0.42,-0.49,64.8
1903-11-01,-0.76,-0.38,74.2
1903-12-01,-1.02,-0.54,76.2
1904-01-01,-0.73,-0.6,52.6
1904-02-01,-0.79,-0.52,40.8
1904-03-01,-0.85,-0.39,61.9
1904-04-01,-0.72,-0.51,71.6
1904-05-01,-0.4,-0.49,65.7
1904-06-01,0.14,-0.42,69.8
1904-07-01,0.75,-0.43,84.3
1904-08-01,0.54,-0.44,97.1
1904-09-01,0.01,-0.47,50.2
1904-10-01,0.91,-0.37,90.4
1904-11-01,0.15,-0.21,63.4
1904-12-01,0.86,-0.27,91.1
1905-01-01,0.68,-0.3,91.2
1905-02-01,0.72,-0.49,143
1905-03-01,0.92,-0.2,94.3
1905-04-01,0.29,-0.3,65.5
1905-05-01,1.08,-0.21,79.9
1905-06-01,0.59,-0.15,81.6
1905-07-01,0.82,-0.16,121.6
1905-08-01,1.04,-0.25,98.1
1905-09-01,1.42,-0.28,91.8
1905-10-01,1.12,-0.31,131.2
1905-11-01,0.83,-0.17,178.7
1905-12-01,1.17,-0.21,92.5
1906-01-01,0.89,-0.31,75.8
1906-02-01,0.67,-0.21,52.3
1906-03-01,0.8,-0.18,107.4
1906-04-01,0.45,-0.01,92.2
1906-05-01,0.02,-0.17,96.2
1906-06-01,0.15,-0.1,105.3
1906-07-01,-0.49,-0.13,172.7
1906-08-01,-0.37,-0.2,79.6
1906-09-01,-0.81,-0.23,93.5
1906-10-01,-0.87,-0.13,29.7
1906-11-01,-0.33,-0.24,64.8
1906-12-01,-0.51,-0.07,108
1907-01-01,-0.57,-0.3,127.4
1907-02-01,-0.41,-0.48,180.3
1907-03-01,-0.43,-0.25,101.1
1907-04-01,-0.56,-0.38,87.6
1907-05-01,-0.47,-0.45,71.4
1907-06-01,-0.41,-0.35,67.2
1907-07-01,-0.55,-0.3,82.9
1907-08-01,-0.65,-0.26,90.5
1907-09-01,0.13,-0.33,141.7
1907-10-01,-0.25,-0.22,109.1
1907-11-01,-0.25,-0.39,102.5
1907-12-01,-0.09,-0.41,78.9
1908-01-01,-0.27,-0.47,65.4
1908-02-01,0.07,-0.26,56.6
1908-03-01,-0.63,-0.48,47.9
1908-04-01,-0.55,-0.49,96.1
1908-05-01,-0.45,-0.43,68
1908-06-01,-0.22,-0.34,80.2
1908-07-01,-0.63,-0.34,65.8
1908-08-01,-0.4,-0.43,150.9
1908-09-01,-0.52,-0.42,144.9
1908-10-01,-0.5,-0.47,53.9
1908-11-01,-0.88,-0.44,75.9
1908-12-01,-1.15,-0.43,65.9
1909-01-01,-0.29,-0.67,94.6
1909-02-01,-0.88,-0.42,77.6
1909-03-01,-0.54,-0.46,110.5
1909-04-01,-0.68,-0.53,53.7
1909-05-01,-0.36,-0.44,60
1909-06-01,-1.1,-0.45,37.8
1909-07-01,-1,-0.42,59.6
1909-08-01,-0.97,-0.33,38.5
1909-09-01,-0.85,-0.34,64.7
1909-10-01,-1.24,-0.31,97.4
1909-11-01,-1.5,-0.29,93
1909-12-01,-1.08,-0.42,90.2
1910-01-01,-0.93,-0.35,44
1910-02-01,-0.64,-0.4,52.5
1910-03-01,-0.79,-0.46,35.7
1910-04-01,-1.17,-0.37,14.1
1910-05-01,-1.41,-0.3,36.9
1910-06-01,-1.04,-0.32,20.5
1910-07-01,-0.88,-0.29,23.5
1910-08-01,-0.9,-0.31,19.3
1910-09-01,-1.29,-0.33,43.7
1910-10-01,-0.94,-0.41,63.9
1910-11-01,-0.53,-0.35,8.3
1910-12-01,-0.64,-0.55,9.6
1911-01-01,-0.57,-0.56,5.6
1911-02-01,-0.58,-0.58,15
1911-03-01,-0.82,-0.61,13
1911-04-01,-1.11,-0.38,27.6
1911-05-01,-1.05,-0.49,15.1
1911-06-01,-0.64,-0.46,3.7
1911-07-01,-0.22,-0.41,5.9
1911-08-01,-0.28,-0.4,6.7
1911-09-01,0.22,-0.36,6.7
1911-10-01,0.2,-0.24,4.5
1911-11-01,0.84,-0.17,7
1911-12-01,0.96,-0.17,3.7
1912-01-01,1.55,-0.29,0.4
1912-02-01,0.83,-0.2,0
1912-03-01,0.69,-0.37,8.2
1912-04-01,0.58,-0.22,7.6
1912-05-01,0,-0.19,7.4
1912-06-01,-0.24,-0.19,6.9
1912-07-01,-0.1,-0.36,4.9
1912-08-01,-0.4,-0.45,0.5
1912-09-01,0.09,-0.49,15.9
1912-10-01,-0.13,-0.57,7.6
1912-11-01,0.16,-0.29,1.9
1912-12-01,-0.49,-0.35,10.6
1913-01-01,-0.2,-0.37,3.8
1913-02-01,0.18,-0.38,4.8
1913-03-01,0.16,-0.45,0.8
1913-04-01,-0.77,-0.39,1.6
1913-05-01,-0.28,-0.42,0
1913-06-01,-0.16,-0.36,0
1913-07-01,-0.15,-0.35,2.9
1913-08-01,-0.09,-0.24,0.4
1913-09-01,0.05,-0.29,2
1913-10-01,0.03,-0.32,5.2
1913-11-01,0.8,-0.24,1.2
1913-12-01,0.85,-0.03,6.3
1914-01-01,0.7,-0.07,4.7
1914-02-01,0.8,-0.12,4.4
1914-03-01,0.32,-0.24,5.3
1914-04-01,0.69,-0.23,28.9
1914-05-01,0.01,-0.18,8.7
1914-06-01,0.08,-0.18,19.1
1914-07-01,0.53,-0.21,9.1
1914-08-01,0.92,-0.21,12.9
1914-09-01,0.68,-0.18,21.2
1914-10-01,0.26,-0.06,13.7
1914-11-01,0.3,0,27.3
1914-12-01,0.68,-0.01,37.3
1915-01-01,0.88,-0.15,38.5
1915-02-01,0.65,-0.03,70.4
1915-03-01,0.49,-0.01,64.8
1915-04-01,0.47,0.1,68.9
1915-05-01,0.52,0,55.1
1915-06-01,1.1,-0.12,114.7
1915-07-01,0.07,-0.05,119.4
1915-08-01,0.05,-0.11,116
1915-09-01,0.17,-0.14,82.4
1915-10-01,0.24,-0.19,89.1
1915-11-01,-0.15,-0.1,70.9
1915-12-01,-0.23,-0.25,57.5
1916-01-01,-0.12,-0.13,75.5
1916-02-01,-0.61,-0.15,92.4
1916-03-01,-0.54,-0.2,111.7
1916-04-01,-0.63,-0.2,119.8
1916-05-01,-0.23,-0.23,124
1916-06-01,-0.36,-0.3,112.9
1916-07-01,-1.11,-0.32,89.3
1916-08-01,-1.48,-0.21,58.6
1916-09-01,-1.36,-0.3,75.1
1916-10-01,-1.36,-0.32,84.5
1916-11-01,-1.72,-0.54,109.5
1916-12-01,-1.64,-0.74,88.3
1917-01-01,-1.56,-0.53,124.5
1917-02-01,-1.2,-0.63,119.9
1917-03-01,-0.64,-0.66,158
1917-04-01,-0.29,-0.52,124.6
1917-05-01,-0.3,-0.51,190.2
1917-06-01,-0.04,-0.38,191.4
1917-07-01,-0.05,-0.18,199.7
1917-08-01,0.15,-0.2,257.7
1917-09-01,-0.03,-0.21,215.6
1917-10-01,0.04,-0.44,120.3
1917-11-01,-0.43,-0.36,160.7
1917-12-01,-0.72,-0.55,215.5
1918-01-01,-0.84,-0.5,160
1918-02-01,-0.82,-0.44,108.7
1918-03-01,-0.96,-0.34,120.4
1918-04-01,-0.56,-0.44,134.1
1918-05-01,-0.17,-0.41,127.9
1918-06-01,0.37,-0.37,99
1918-07-01,-0.07,-0.28,179.5
1918-08-01,0.12,-0.27,169.6
1918-09-01,0.41,-0.17,133.2
1918-10-01,0.93,-0.11,141.7
1918-11-01,1.23,-0.14,139
1918-12-01,1.3,-0.23,98.5
1919-01-01,1.6,-0.06,80.2
1919-02-01,1.24,-0.24,132.5
1919-03-01,0.9,-0.25,110.9
1919-04-01,0.69,-0.03,86.3
1919-05-01,0.63,-0.17,146.9
1919-06-01,0.61,-0.32,185.3
1919-07-01,0.4,-0.27,107.8
1919-08-01,0.62,-0.36,115.1
1919-09-01,0.5,-0.23,91.1
1919-10-01,0.13,-0.25,88
1919-11-01,-0.37,-0.29,69.9
1919-12-01,0.34,-0.33,58
1920-01-01,0.64,-0.17,85.3
1920-02-01,0.6,-0.21,89.8
1920-03-01,0.53,-0.15,116.9
1920-04-01,-0.16,-0.27,24.7
1920-05-01,-0.21,-0.19,55.4
1920-06-01,0.29,-0.28,64.6
1920-07-01,0.15,-0.3,45.7
1920-08-01,0.13,-0.24,31.9
1920-09-01,0.27,-0.2,60.5
1920-10-01,0.48,-0.21,82.7
1920-11-01,-0.08,-0.23,45.3
1920-12-01,-0.01,-0.37,49.8
1921-01-01,0.43,-0.11,52.5
1921-02-01,-0.52,-0.26,47.1
1921-03-01,-1.42,-0.28,44.5
1921-04-01,-0.55,-0.3,54
1921-05-01,-0.92,-0.2,37
1921-06-01,-0.21,-0.21,56.2
1921-07-01,-0.27,-0.12,69.7
1921-08-01,-0.29,-0.15,38
1921-09-01,-0.17,-0.15,29.6
1921-10-01,0.04,-0.03,30.3
1921-11-01,-1.03,-0.08,29.6
1921-12-01,-0.5,-0.14,33.9
1922-01-01,-0.54,-0.2,19.7
1922-02-01,-0.07,-0.41,43.9
1922-03-01,0.08,-0.14,91.3
1922-04-01,-0.54,-0.15,18.3
1922-05-01,0.22,-0.31,13.4
1922-06-01,-0.44,-0.29,9.8
1922-07-01,-0.44,-0.3,18.3
1922-08-01,-0.78,-0.32,10.9
1922-09-01,-0.38,-0.29,7.8
1922-10-01,-0.26,-0.29,10.4
1922-11-01,-0.31,-0.04,12.2
1922-12-01,-0.53,-0.12,29
1923-01-01,-0.41,-0.29,7.5
1923-02-01,-0.76,-0.33,2.5
1923-03-01,-0.85,-0.38,5.5
1923-04-01,-0.55,-0.33,10.2
1923-05-01,-0.25,-0.24,5.3
1923-06-01,-0.15,-0.2,15.3
1923-07-01,-0.2,-0.32,5.9
1923-08-01,0.2,-0.37,0.8
1923-09-01,0.64,-0.32,22.1
1923-10-01,0.79,-0.18,19.5
1923-11-01,0.87,-0.03,16.7
1923-12-01,1.02,-0.03,4.6
1924-01-01,0.46,-0.17,0.8
1924-02-01,0.63,-0.18,8.5
1924-03-01,0.39,-0.06,3
1924-04-01,-0.02,-0.2,18.9
1924-05-01,-0.85,-0.15,34.6
1924-06-01,-0.67,-0.19,40
1924-07-01,-0.98,-0.31,46.9
1924-08-01,-0.78,-0.36,32.1
1924-09-01,-0.86,-0.29,41.9
1924-10-01,-0.46,-0.31,42.6
1924-11-01,-1.09,-0.23,37.5
1924-12-01,-0.66,-0.34,27.5
1925-01-01,-1.03,-0.42,9.1
1925-02-01,-0.47,-0.36,38.6
1925-03-01,-0.53,-0.25,30
1925-04-01,-0.52,-0.17,53
1925-05-01,-0.4,-0.21,71.4
1925-06-01,-0.18,-0.27,79.1
1925-07-01,0.5,-0.23,64.2
1925-08-01,0.68,-0.22,63.3
1925-09-01,0.77,-0.23,100.3
1925-10-01,0.85,-0.11,115.3
1925-11-01,1,-0.04,97.6
1925-12-01,1.6,0.03,164.4
1926-01-01,1.52,0.16,119.7
1926-02-01,1.29,0.04,116.4
1926-03-01,1.19,0.1,104.2
1926-04-01,1.01,0.01,64.2
1926-05-01,0.83,-0.2,107
1926-06-01,0.61,-0.15,122.4
1926-07-01,0.63,-0.23,87.2
1926-08-01,0.15,-0.18,102.7
1926-09-01,-0.07,-0.14,101.4
1926-10-01,-0.39,0.01,119.3
1926-11-01,-0.27,-0.08,100.8
1926-12-01,-0.23,-0.25,132.4
1927-01-01,0.1,-0.26,136
1927-02-01,0.23,-0.15,155.1
1927-03-01,-0.18,-0.34,116.1
1927-04-01,-0.27,-0.29,155.8
1927-05-01,-0.59,-0.23,131.9
1927-06-01,-0.15,-0.16,98.5
1927-07-01,-0.31,-0.17,91.6
1927-08-01,-0.09,-0.07,89.6
1927-09-01,-0.16,-0.07,114.1
1927-10-01,0.27,-0.01,105.2
1927-11-01,-0.04,-0.03,112.1
1927-12-01,0.25,-0.28,75.3
1928-01-01,0.47,-0.08,139.2
1928-02-01,0.21,-0.12,122.4
1928-03-01,-0.24,-0.22,142.4
1928-04-01,-0.22,-0.22,134.3
1928-05-01,-0.04,-0.19,128.3
1928-06-01,-0.26,-0.19,152.4
1928-07-01,0.02,-0.2,163.4
1928-08-01,-0.28,-0.22,139.6
1928-09-01,-0.13,-0.09,149.6
1928-10-01,-0.12,-0.18,102.3
1928-11-01,-0.17,-0.1,83.9
1928-12-01,-0.03,-0.11,98.3
1929-01-01,-0.15,-0.35,114.8
1929-02-01,-0.08,-0.44,104.7
1929-03-01,-0.15,-0.31,83.8
1929-04-01,-0.15,-0.39,87.9
1929-05-01,-0.17,-0.34,97
1929-06-01,0.13,-0.4,119.9
1929-07-01,-0.02,-0.37,117.1
1929-08-01,0.1,-0.23,109.6
1929-09-01,0.3,-0.21,57.3
1929-10-01,0.4,-0.16,90.1
1929-11-01,0.18,-0.17,135.1
1929-12-01,0.63,-0.46,179.9
1930-01-01,0.35,-0.32,108.8
1930-02-01,0.39,-0.23,83.1
1930-03-01,0.29,-0.16,58.4
1930-04-01,0.41,-0.13,63.7
1930-05-01,-0.04,-0.17,61.4
1930-06-01,0.27,-0.13,48
1930-07-01,0.64,-0.08,36.5
1930-08-01,0.68,-0.13,41.5
1930-09-01,1.28,-0.14,53.5
1930-10-01,1.14,-0.07,57.2
1930-11-01,1.79,0.19,59.4
1930-12-01,1.41,0.01,43
1931-01-01,1.49,-0.02,24.4
1931-02-01,1.33,-0.18,71.8
1931-03-01,1.18,-0.06,50.1
1931-04-01,0.96,-0.14,52
1931-05-01,0.63,-0.13,40.8
1931-06-01,0.48,-0.03,25.5
1931-07-01,0.4,-0.01,29
1931-08-01,0.15,0,21.6
1931-09-01,-0.42,0.01,31.7
1931-10-01,-0.22,0.02,16.6
1931-11-01,-0.27,-0.04,31.2
1931-12-01,-0.28,-0.03,29.7
1932-01-01,-0.42,0.13,20.1
1932-02-01,-0.19,-0.2,17.6
1932-03-01,0.25,-0.12,18.8
1932-04-01,0.25,-0.03,18.7
1932-05-01,0.28,-0.13,29.7
1932-06-01,0.19,-0.12,36.9
1932-07-01,-0.11,-0.21,16
1932-08-01,0.09,-0.26,11.3
1932-09-01,0.02,-0.07,6.6
1932-10-01,0.02,-0.06,14.8
1932-11-01,-0.04,-0.25,13.7
1932-12-01,-0.41,-0.19,18.5
1933-01-01,-0.21,-0.15,20.4
1933-02-01,-0.08,-0.29,36.9
1933-03-01,-0.2,-0.21,16.8
1933-04-01,0.01,-0.2,4.9
1933-05-01,-0.4,-0.22,5.3
1933-06-01,-0.86,-0.25,8.7
1933-07-01,-0.66,-0.24,4.7
1933-08-01,-0.94,-0.24,0.4
1933-09-01,-0.77,-0.32,8.5
1933-10-01,-1.1,-0.18,5
1933-11-01,-1.06,-0.28,1
1933-12-01,-1.21,-0.33,0.4
1934-01-01,-0.93,-0.26,5.7
1934-02-01,-0.87,-0.08,12.9
1934-03-01,-0.95,-0.26,7.2
1934-04-01,-0.42,-0.26,18.8
1934-05-01,-0.49,-0.05,32.9
1934-06-01,-0.33,-0.11,11.2
1934-07-01,-0.43,-0.09,15.3
1934-08-01,-0.33,-0.08,13.9
1934-09-01,-0.52,-0.06,6.7
1934-10-01,-0.26,-0.02,9.5
1934-11-01,-0.11,0.06,14.5
1934-12-01,-0.24,-0.02,25.7
1935-01-01,-0.32,-0.28,31.1
1935-02-01,-0.19,0.12,34.1
1935-03-01,-0.28,-0.16,38.5
1935-04-01,-0.32,-0.36,20.4
1935-05-01,-0.54,-0.24,45.4
1935-06-01,-0.4,-0.27,76.2
1935-07-01,-0.65,-0.11,56.5
1935-08-01,0.06,-0.12,50.2
1935-09-01,0.08,-0.1,70.1
1935-10-01,0.28,-0.06,88.7
1935-11-01,0.28,-0.17,107
1935-12-01,-0.04,-0.09,102.5
1936-01-01,0.74,-0.29,104.7
1936-02-01,0.49,-0.28,123.9
1936-03-01,0,-0.2,128.4
1936-04-01,0.29,-0.14,124.8
1936-05-01,-0.07,-0.14,90.9
1936-06-01,-0.35,-0.16,116.7
1936-07-01,-0.34,-0.04,87.2
1936-08-01,-0.32,-0.02,145
1936-09-01,-0.1,-0.07,126.7
1936-10-01,0.38,0.01,148.2
1936-11-01,-0.03,-0.02,192.3
1936-12-01,0.63,0.01,205.6
1937-01-01,-0.3,-0.06,220.9
1937-02-01,0.3,0,214.1
1937-03-01,0.25,-0.19,139.7
1937-04-01,0.21,-0.16,182.2
1937-05-01,-0.43,-0.04,194.4
1937-06-01,-0.3,-0.03,217.1
1937-07-01,0.09,-0.02,241.8
1937-08-01,-0.2,0.08,229.5
1937-09-01,0.17,0.14,167.9
1937-10-01,-0.1,0.1,208.2
1937-11-01,0.21,0.12,123.9
1937-12-01,0.22,-0.04,147.9
1938-01-01,-0.21,0.03,164
1938-02-01,0.23,0.05,198.6
1938-03-01,-0.06,0.08,144.2
1938-04-01,0.09,0.06,168.4
1938-05-01,-0.33,-0.06,212.3
1938-06-01,-0.88,-0.19,162.6
1938-07-01,-0.98,-0.02,275.6
1938-08-01,-0.81,-0.02,192.8
1938-09-01,-0.28,0.05,149.3
1938-10-01,-0.75,0.1,165.3
1938-11-01,-0.72,0.06,203.6
1938-12-01,-0.79,-0.09,154.7
1939-01-01,-0.67,-0.06,133.9
1939-02-01,-0.95,-0.05,129
1939-03-01,-0.85,-0.21,107.8
1939-04-01,-0.27,-0.11,181.9
1939-05-01,-0.25,-0.01,197.3
1939-06-01,0.05,0,168.3
1939-07-01,0.25,0.04,162.6
1939-08-01,0.06,0.08,176.3
1939-09-01,0.43,-0.02,187.7
1939-10-01,-0.47,-0.02,146.9
1939-11-01,0.32,0.1,113.7
1939-12-01,0.05,0.47,70.2
1940-01-01,1.18,0.12,84.1
1940-02-01,1.38,0.12,99.1
1940-03-01,1.19,0.13,138.9
1940-04-01,0.8,0.23,101.1
1940-05-01,0.34,0.15,90.6
1940-06-01,0.55,0.07,139.8
1940-07-01,0.21,0.09,112.5
1940-08-01,0.75,0.05,175.9
1940-09-01,0.05,0.11,110.8
1940-10-01,0.32,0.17,91.5
1940-11-01,0.7,0.19,97.4
1940-12-01,1.39,0.36,113.8
1941-01-01,1.38,0.18,76.1
1941-02-01,1.34,0.32,74.3
1941-03-01,1.41,0.14,77.5
1941-04-01,1.36,0.25,54.6
1941-05-01,1.32,0.21,49
1941-06-01,0.88,0.17,99.6
1941-07-01,0.73,0.21,111.4
1941-08-01,0.79,0.23,100.1
1941-09-01,0.68,0.11,109.8
1941-10-01,0.99,0.32,77.2
1941-11-01,1.17,0.27,64
1941-12-01,1.27,0.29,56.2
1942-01-01,0.61,0.3,59.5
1942-02-01,0.53,0.01,87.9
1942-03-01,0.25,0.08,90.4
1942-04-01,0.57,0.14,101.2
1942-05-01,-0.1,0.11,41.8
1942-06-01,-0.52,0.13,18.9
1942-07-01,-0.55,0.02,29.6
1942-08-01,-0.96,0.05,33.7
1942-09-01,-1.17,0.06,28.7
1942-10-01,-1.32,0.02,32
1942-11-01,-1.5,0.11,51.3
1942-12-01,-1.24,0.07,37.6
1943-01-01,-1.2,-0.01,20.7
1943-02-01,-1.18,0.08,48.1
1943-03-01,-1.1,-0.04,45.7
1943-04-01,-0.6,0.11,43.5
1943-05-01,-0.36,0.02,23.6
1943-06-01,-0.11,-0.1,12.7
1943-07-01,-0.09,0.09,22
1943-08-01,0.05,0.03,32.3
1943-09-01,-0.24,0.05,16.7
1943-10-01,-0.44,0.24,13
1943-11-01,-0.5,0.21,17
1943-12-01,-0.42,0.22,31.4
1944-01-01,-0.42,0.32,6.1
1944-02-01,0.16,0.29,0.8
1944-03-01,-0.21,0.3,18.3
1944-04-01,0.11,0.2,0.4
1944-05-01,0.14,0.24,4.1
1944-06-01,0.04,0.21,8.2
1944-07-01,0.08,0.16,8.5
1944-08-01,0,0.17,27.9
1944-09-01,-0.31,0.33,23.7
1944-10-01,-0.22,0.27,28.1
1944-11-01,-0.35,0.21,17.9
1944-12-01,-0.26,0.18,47.4
1945-01-01,-0.36,0.2,30.8
1945-02-01,-0.47,0.08,21.2
1945-03-01,-0.79,0.08,35.9
1945-04-01,-0.76,0.29,53.4
1945-05-01,-0.46,0.15,51
1945-06-01,-0.59,0.12,60.2
1945-07-01,-0.61,0.11,71
1945-08-01,-0.84,0.35,43.1
1945-09-01,-0.82,0.22,58.1
1945-10-01,-0.86,0.13,114.5
1945-11-01,-0.42,0.12,76.6
1945-12-01,-0.54,0,45.7
1946-01-01,-0.44,0.2,79.3
1946-02-01,-0.24,0.03,143.8
1946-03-01,-0.36,-0.04,127.7
1946-04-01,-0.48,0.02,126.1
1946-05-01,-0.39,0,141.6
1946-06-01,0.15,-0.13,122.6
1946-07-01,0.03,-0.1,193.7
1946-08-01,-0.52,-0.14,178.7
1946-09-01,-0.19,-0.04,157.4
1946-10-01,-0.01,-0.06,170.5
1946-11-01,-0.18,0.01,206.3
1946-12-01,0.03,-0.19,202.9
1947-01-01,0.39,0.01,163.7
1947-02-01,-0.13,0,188.9
1947-03-01,0.28,0.05,183.8
1947-04-01,-0.07,0.09,212.1
1947-05-01,-0.55,0,285
1947-06-01,0.07,0.08,232.1
1947-07-01,-0.39,0,223.5
1947-08-01,-0.37,-0.08,267.4
1947-09-01,-1.05,-0.11,239.9
1947-10-01,-0.82,0.02,231.7
1947-11-01,-0.73,-0.01,181.3
1947-12-01,0.18,-0.11,164.9
1948-01-01,0.05,0.01,153.6
1948-02-01,0.37,-0.09,122
1948-03-01,0.63,-0.21,134.3
1948-04-01,0.25,-0.05,268.5
1948-05-01,0.31,0.11,246.4
1948-06-01,0.06,-0.06,237.5
1948-07-01,-0.06,-0.03,201.4
1948-08-01,-0.02,-0.04,223.7
1948-09-01,-0.02,-0.11,202.9
1948-10-01,-0.68,-0.03,192.9
1948-11-01,-0.3,-0.08,135.6
1948-12-01,0.38,-0.21,195.3
1949-01-01,-0.46,0.08,168.6
1949-02-01,0.26,-0.1,258
1949-03-01,-0.55,0.03,223
1949-04-01,0.19,-0.04,208.1
1949-05-01,-0.07,0,150.4
1949-06-01,-0.72,-0.15,172.4
1949-07-01,-0.39,-0.07,178.3
1949-08-01,-0.32,-0.08,175.3
1949-09-01,-0.65,-0.14,205.8
1949-10-01,-0.72,-0.06,186.3
1949-11-01,-1.33,-0.1,203.2
1949-12-01,-1.2,-0.1,166.6
1950-01-01,-1.05,-0.19,143.9
1950-02-01,-1.5,-0.21,134.3
1950-03-01,-1.07,-0.06,155.4
1950-04-01,-0.91,-0.17,160.6
1950-05-01,-1.3,0.01,150.5
1950-06-01,-0.86,0,118.3
1950-07-01,-1.08,-0.05,128.9
1950-08-01,-0.63,-0.09,120.6
1950-09-01,-1.1,-0.08,72.7
1950-10-01,-0.83,-0.19,87
1950-11-01,-1.38,-0.29,77.7
1950-12-01,-1.04,-0.21,76.7
1951-01-01,-1.13,-0.32,85
1951-02-01,-0.74,-0.38,84.8
1951-03-01,-0.77,-0.13,79.3
1951-04-01,-0.17,-0.15,131.7
1951-05-01,-0.1,0.03,153.7
1951-06-01,-0.09,0.03,142.4
1951-07-01,0.66,0.04,87.2
1951-08-01,0.9,0.1,86.5
1951-09-01,0.67,0.14,117.7
1951-10-01,0.79,0.13,73.3
1951-11-01,0.78,0,74.2
1951-12-01,0.71,0.18,65
1952-01-01,0.39,0.15,57.9
1952-02-01,0.24,0.12,32.4
1952-03-01,0.04,-0.02,31.5
1952-04-01,0.41,0.09,41.7
1952-05-01,-0.38,0,33.6
1952-06-01,-0.66,0,52
1952-07-01,-0.59,0.06,56.1
1952-08-01,-0.42,0.07,77.8
1952-09-01,-0.35,0.08,40.4
1952-10-01,-0.04,0.04,34.2
1952-11-01,-0.32,-0.07,31.8
1952-12-01,-0.55,0.03,48.9
1953-01-01,0.36,0.09,37.9
1953-02-01,0.24,0.17,5.9
1953-03-01,0.22,0.17,14.7
1953-04-01,0.77,0.25,39.6
1953-05-01,0.35,0.17,18.3
1953-06-01,0.41,0.18,31.5
1953-07-01,0.2,0.01,12.7
1953-08-01,0.04,0.03,33.6
1953-09-01,0.67,0.01,28
1953-10-01,0.11,0.1,12.3
1953-11-01,0.31,-0.01,2.5
1953-12-01,0.15,0.06,3.9
1954-01-01,0.39,-0.16,0.4
1954-02-01,0.21,-0.06,0.8
1954-03-01,0.01,-0.12,15.8
1954-04-01,-0.32,-0.15,2.7
1954-05-01,-0.53,-0.17,1.2
1954-06-01,-0.8,-0.09,0.4
1954-07-01,-1.02,-0.07,7.3
1954-08-01,-1.08,-0.11,12.6
1954-09-01,-1.03,-0.09,2.3
1954-10-01,-0.91,-0.02,10.5
1954-11-01,-1.17,0.04,13.4
1954-12-01,-0.79,-0.12,11.3
1955-01-01,-0.66,0.13,33.4
1955-02-01,-0.79,-0.19,29.9
1955-03-01,-0.8,-0.29,7.3
1955-04-01,-0.95,-0.2,16.4
1955-05-01,-1.23,-0.14,41.3
1955-06-01,-1.2,-0.12,45.2
1955-07-01,-1.32,-0.09,38.2
1955-08-01,-0.91,0.04,58
1955-09-01,-1.33,-0.07,60.8
1955-10-01,-1.59,-0.06,83
1955-11-01,-1.91,-0.23,126.3
1955-12-01,-1.52,-0.27,108.8
1956-01-01,-1.23,-0.09,104.1
1956-02-01,-0.98,-0.17,175.6
1956-03-01,-0.93,-0.13,167.7
1956-04-01,-0.78,-0.24,156.7
1956-05-01,-0.59,-0.25,193.4
1956-06-01,-0.83,-0.15,165.1
1956-07-01,-0.94,-0.09,182.7
1956-08-01,-0.81,-0.25,240.2
1956-09-01,-0.91,-0.19,245.4
1956-10-01,-0.69,-0.24,219.9
1956-11-01,-1.01,-0.13,285
1956-12-01,-0.58,-0.01,272
1957-01-01,-0.56,-0.03,233.7
1957-02-01,-0.24,-0.07,184.5
1957-03-01,0.08,-0.07,222.8
1957-04-01,0.42,0.05,248
1957-05-01,0.45,0.11,233
1957-06-01,0.53,0.18,284.3
1957-07-01,0.69,0.07,265.1
1957-08-01,0.79,0.16,223.7
1957-09-01,0.53,0.12,334
1957-10-01,0.74,0.06,359.4
1957-11-01,1.09,0.06,298.6
1957-12-01,1.18,0.11,339
1958-01-01,1.54,0.36,286.7
1958-02-01,1.4,0.2,233.6
1958-03-01,0.99,0.13,270
1958-04-01,0.31,0.07,277.6
1958-05-01,0.32,0.09,248.2
1958-06-01,0.3,0.04,242.9
1958-07-01,0.04,0.12,271
1958-08-01,0.24,0.02,283.5
1958-09-01,-0.31,-0.01,285.1
1958-10-01,-0.03,0.03,256.9
1958-11-01,0.05,0.01,215.6
1958-12-01,0.3,0.09,265.7
1959-01-01,0.43,0.12,307.7
1959-02-01,0.5,0.11,202.6
1959-03-01,0.26,0.23,263
1959-04-01,0.27,0.15,231.3
1959-05-01,-0.01,0.09,243.6
1959-06-01,-0.33,0.1,238.9
1959-07-01,-0.28,0.1,211.9
1959-08-01,-0.41,0.05,282.6
1959-09-01,-0.53,0.02,205.6
1959-10-01,0.11,0,157.7
1959-11-01,-0.17,-0.04,175.6
1959-12-01,-0.05,0.03,177.1
1960-01-01,0.02,0.04,207.2
1960-02-01,-0.24,0.15,149.9
1960-03-01,-0.08,-0.24,144.6
1960-04-01,0.01,-0.1,172.7
1960-05-01,0.05,-0.06,169.3
1960-06-01,-0.2,-0.01,156
1960-07-01,-0.25,0.01,172.4
1960-08-01,0,0.05,190
1960-09-01,0.03,0.08,180.1
1960-10-01,-0.07,0.05,117.3
1960-11-01,-0.38,-0.11,126.9
1960-12-01,0.02,0.23,121.2
1961-01-01,-0.15,0.12,82.1
1961-02-01,0.04,0.17,65.4
1961-03-01,-0.1,0.12,75.2
1961-04-01,0.13,0.15,86.9
1961-05-01,-0.01,0.14,72.3
1961-06-01,0.1,0.13,109.5
1961-07-01,-0.32,0.07,99.3
1961-08-01,-0.25,0.06,79.2
1961-09-01,-0.52,0.07,90.1
1961-10-01,-0.71,-0.01,53.7
1961-11-01,-0.19,0.04,46.5
1961-12-01,-0.29,-0.11,56.9
1962-01-01,-0.25,0.07,55.1
1962-02-01,-0.16,0.16,71.7
1962-03-01,-0.41,0.16,64.9
1962-04-01,-0.32,0.05,65.9
1962-05-01,-0.42,-0.04,61.9
1962-06-01,-0.22,0.03,59.6
1962-07-01,-0.3,0.04,31.4
1962-08-01,-0.13,0,31.5
1962-09-01,-0.56,0.03,72.7
1962-10-01,-0.33,0.03,56.1
1962-11-01,-0.43,0.11,38.8
1962-12-01,-0.49,0.03,33.2
1963-01-01,-0.32,0.01,28.7
1963-02-01,-0.26,0.2,35.2
1963-03-01,-0.06,-0.1,24.8
1963-04-01,-0.06,-0.03,41.7
1963-05-01,0,-0.03,61.1
1963-06-01,0.12,0.03,51.2
1963-07-01,0.72,0.08,28.7
1963-08-01,0.9,0.2,47.5
1963-09-01,0.65,0.18,55.2
1963-10-01,0.84,0.14,50.1
1963-11-01,0.75,0.12,33.7
1963-12-01,1.05,0.05,21.6
1964-01-01,0.76,-0.04,22.6
1964-02-01,0.55,-0.1,25.3
1964-03-01,-0.16,-0.2,24.1
1964-04-01,-0.53,-0.26,12.9
1964-05-01,-0.74,-0.2,14.3
1964-06-01,-0.88,-0.03,13.5
1964-07-01,-0.65,-0.03,4.8
1964-08-01,-0.76,-0.12,13.8
1964-09-01,-0.93,-0.24,7
1964-10-01,-1,-0.27,9.2
1964-11-01,-1.1,-0.24,11.1
1964-12-01,-1.07,-0.23,22.1
1965-01-01,-0.57,-0.07,25.4
1965-02-01,-0.36,-0.16,20.8
1965-03-01,-0.34,-0.13,17.5
1965-04-01,-0.09,-0.17,10.2
1965-05-01,0.19,-0.11,34.5
1965-06-01,0.45,-0.08,23.3
1965-07-01,0.81,-0.07,17.3
1965-08-01,1.25,-0.02,13.3
1965-09-01,1.26,-0.07,24.5
1965-10-01,1.61,0.01,29.1
1965-11-01,1.54,0,22.8
1965-12-01,1.45,-0.03,24.7
1966-01-01,1.13,-0.15,40.3
1966-02-01,0.83,-0.03,35.3
1966-03-01,0.83,0,36.4
1966-04-01,0.54,-0.11,69
1966-05-01,-0.06,-0.05,64.2
1966-06-01,0.14,0.04,67.7
1966-07-01,0.23,0.13,80.2
1966-08-01,-0.1,-0.02,72.6
1966-09-01,-0.05,0.01,71.1
1966-10-01,-0.05,-0.14,81.2
1966-11-01,-0.37,-0.02,81
1966-12-01,-0.26,-0.02,99.8
1967-01-01,-0.55,-0.09,157
1967-02-01,-0.56,-0.18,132.6
1967-03-01,-0.47,0.04,158.3
1967-04-01,-0.53,-0.01,98.4
1967-05-01,-0.24,0.19,122.5
1967-06-01,-0.12,0,95.4
1967-07-01,-0.1,0.02,129.5
1967-08-01,-0.31,0.03,151.8
1967-09-01,-0.59,0.01,108.7
1967-10-01,-0.38,0.12,125
1967-11-01,-0.34,-0.05,133.6
1967-12-01,-0.35,0.02,179
1968-01-01,-0.6,-0.21,172.5
1968-02-01,-0.74,-0.14,158.5
1968-03-01,-0.76,0.16,130.5
1968-04-01,-0.47,-0.04,115
1968-05-01,-0.44,-0.06,180
1968-06-01,0.19,-0.02,156.2
1968-07-01,0.31,-0.09,136.2
1968-08-01,0.33,-0.01,154.8
1968-09-01,0.05,-0.09,166
1968-10-01,0.32,0.06,152.5
1968-11-01,0.76,-0.09,121.7
1968-12-01,0.76,-0.11,155.5
1969-01-01,0.9,-0.07,147.8
1969-02-01,1.02,-0.07,170.5
1969-03-01,0.61,0.08,192.3
1969-04-01,0.33,0.19,151.1
1969-05-01,0.39,0.22,169.9
1969-06-01,0.26,0.1,150.1
1969-07-01,0.1,0.03,137.1
1969-08-01,0.52,0.06,138.8
1969-09-01,0.47,0.11,129.3
1969-10-01,0.66,0.14,135.4
1969-11-01,0.75,0.14,132.4
1969-12-01,0.68,0.29,138.6
1970-01-01,0.55,0.17,157.9
1970-02-01,0.36,0.21,180.8
1970-03-01,0.26,0.11,145.7
1970-04-01,0.18,0.1,155.1
1970-05-01,0.01,0.03,180.5
1970-06-01,-0.3,0.02,151.3
1970-07-01,-0.98,0.05,159.3
1970-08-01,-0.95,-0.05,131.7
1970-09-01,-0.78,0.1,140.8
1970-10-01,-0.65,0.01,122.6
1970-11-01,-0.85,0.02,134.8
1970-12-01,-1.11,-0.09,118.2
1971-01-01,-1.47,-0.04,129.2
1971-02-01,-1.28,-0.15,111.8
1971-03-01,-1.29,-0.1,85.9
1971-04-01,-0.97,-0.06,101.6
1971-05-01,-0.82,-0.01,81.5
1971-06-01,-0.78,-0.09,70.7
1971-07-01,-0.64,-0.03,114.7
1971-08-01,-0.65,0,87
1971-09-01,-0.75,0.05,71.3
1971-10-01,-0.78,-0.08,73.4
1971-11-01,-0.85,-0.1,89.5
1971-12-01,-0.89,-0.06,116.5
1972-01-01,-0.58,-0.17,87
1972-02-01,-0.22,-0.12,125.3
1972-03-01,-0.25,0.08,113.5
1972-04-01,0.21,0.06,89.6
1972-05-01,0.33,0.01,113.9
1972-06-01,0.66,0.13,124.7
1972-07-01,0.83,0.08,108.3
1972-08-01,1.3,0.21,108.9
1972-09-01,1.19,0.1,90.7
1972-10-01,1.77,0.12,86.9
1972-11-01,1.87,0.03,59.2
1972-12-01,2.19,0.24,64.3
1973-01-01,1.6,0.32,61.8
1973-02-01,1.08,0.34,60.9
1973-03-01,0.58,0.29,65.4
1973-04-01,-0.07,0.33,81.8
1973-05-01,-0.56,0.28,60.3
1973-06-01,-0.86,0.27,56.1
1973-07-01,-1.14,0.16,33.2
1973-08-01,-1.21,0.1,36.6
1973-09-01,-1.4,0.13,84.1
1973-10-01,-1.58,0.11,43.7
1973-11-01,-2.07,0.05,34.3
1973-12-01,-2.18,0,33.3
1974-01-01,-2.02,-0.08,39.4
1974-02-01,-1.5,-0.25,37.3
1974-03-01,-1.44,-0.06,30.9
1974-04-01,-1,-0.07,57.5
1974-05-01,-0.79,0.01,56.3
1974-06-01,-0.7,0,51.5
1974-07-01,-0.65,0.02,79.1
1974-08-01,-0.32,0.11,47.9
1974-09-01,-0.35,-0.05,57.2
1974-10-01,-0.75,-0.02,67.2
1974-11-01,-0.96,-0.1,35.9
1974-12-01,-0.86,-0.09,29.6
1975-01-01,-0.37,0.06,27.3
1975-02-01,-0.33,0.1,16.7
1975-03-01,-0.59,0.16,16.9
1975-04-01,-0.59,0.09,7.7
1975-05-01,-1,0.15,13.1
1975-06-01,-1.25,0.08,16.7
1975-07-01,-1.24,0.02,40.4
1975-08-01,-1.16,-0.09,56.7
1975-09-01,-1.44,0.03,20.3
1975-10-01,-1.47,-0.15,13.6
1975-11-01,-1.46,-0.19,27.9
1975-12-01,-1.64,-0.11,11.6
1976-01-01,-1.8,-0.02,11.9
1976-02-01,-1.05,-0.07,6.4
1976-03-01,-0.68,-0.15,31.5
1976-04-01,-0.42,-0.01,27.3
1976-05-01,-0.49,-0.18,18.2
1976-06-01,0,-0.07,17.9
1976-07-01,0.15,0,2.9
1976-08-01,0.31,-0.04,24.1
1976-09-01,0.57,0.02,20
1976-10-01,0.86,-0.21,29.7
1976-11-01,0.88,-0.04,7.9
1976-12-01,0.64,0.16,22.3
1977-01-01,0.84,0.24,23.8
1977-02-01,0.55,0.2,33.3
1977-03-01,0.4,0.23,13
1977-04-01,-0.25,0.26,19
1977-05-01,-0.03,0.31,27
1977-06-01,0.36,0.28,54.9
1977-07-01,0.45,0.23,30.6
1977-08-01,0.25,0.23,43
1977-09-01,0.44,0.12,62.4
1977-10-01,0.89,0.07,62.1
1977-11-01,1.03,0.2,41.6
1977-12-01,1.09,0.1,61.4
1978-01-01,0.72,0.12,73.7
1978-02-01,0.51,0.16,132.6
1978-03-01,0.06,0.22,108.4
1978-04-01,-0.37,0.15,141.2
1978-05-01,-0.49,0.11,117.1
1978-06-01,-0.45,0.04,134.6
1978-07-01,-0.48,0.09,99.7
1978-08-01,-0.62,-0.07,82.4
1978-09-01,-0.6,0.1,195.7
1978-10-01,-0.34,0.06,177.1
1978-11-01,-0.15,0.18,138.5
1978-12-01,0.07,0.13,173.9
1979-01-01,0.05,0.16,235.9
1979-02-01,0.09,-0.04,194.7
1979-03-01,0.13,0.17,195.3
1979-04-01,0.17,0.1,143.7
1979-05-01,-0.09,0.14,190.3
1979-06-01,0.04,0.2,211.7
1979-07-01,-0.2,0.12,225.7
1979-08-01,0.21,0.21,201.4
1979-09-01,0.48,0.28,266.9
1979-10-01,0.32,0.28,263.6
1979-11-01,0.35,0.28,259.5
1979-12-01,0.69,0.51,249.6
1980-01-01,0.55,0.36,226.1
1980-02-01,0.33,0.46,219.4
1980-03-01,0.09,0.35,178.7
1980-04-01,0.2,0.35,232.2
1980-05-01,0.13,0.39,254.7
1980-06-01,0.37,0.27,222.7
1980-07-01,0.02,0.31,192.9
1980-08-01,-0.23,0.28,191.7
1980-09-01,-0.12,0.26,219.6
1980-10-01,-0.11,0.19,233.3
1980-11-01,0.1,0.26,209.5
1980-12-01,0.36,0.24,246.9
1981-01-01,-0.45,0.51,156.6
1981-02-01,-0.45,0.42,189.9
1981-03-01,-0.02,0.46,196.6
1981-04-01,-0.17,0.34,225.3
1981-05-01,-0.11,0.28,194.7
1981-06-01,-0.15,0.33,131.6
1981-07-01,-0.43,0.32,205.3
1981-08-01,-0.18,0.35,242.5
1981-09-01,-0.07,0.22,245.3
1981-10-01,-0.03,0.25,216.2
1981-11-01,-0.27,0.29,186
1981-12-01,0.07,0.46,195.4
1982-01-01,-0.04,0.1,149.8
1982-02-01,-0.13,0.21,230.9
1982-03-01,-0.02,0.06,221.1
1982-04-01,0.24,0.16,170.3
1982-05-01,0.65,0.18,119.3
1982-06-01,0.92,0.1,163.7
1982-07-01,0.64,0.19,139.4
1982-08-01,0.93,0.11,161.9
1982-09-01,1.39,0.2,167.4
1982-10-01,2,0.17,134.3
1982-11-01,2.07,0.17,127.5
1982-12-01,2.33,0.45,169
1983-01-01,2.43,0.5,115.5
1983-02-01,2.22,0.46,73.1
1983-03-01,1.69,0.42,88.7
1983-04-01,1.12,0.28,109.6
1983-05-01,1.12,0.38,132.5
1983-06-01,0.62,0.3,131.5
1983-07-01,-0.11,0.23,108.9
1983-08-01,-0.13,0.37,96
1983-09-01,-0.5,0.42,69.9
1983-10-01,-1.03,0.23,72.5
1983-11-01,-1.13,0.36,45.7
1983-12-01,-0.95,0.24,45.6
1984-01-01,-0.8,0.31,74.8
1984-02-01,-0.53,0.2,110.2
1984-03-01,-0.48,0.31,116.7
1984-04-01,-0.6,0.13,90.4
1984-05-01,-0.64,0.36,96.9
1984-06-01,-0.9,0.11,65.1
1984-07-01,-0.4,0.18,55.7
1984-08-01,-0.4,0.21,35
1984-09-01,-0.35,0.24,22.6
1984-10-01,-0.83,0.17,12.6
1984-11-01,-1.18,0.08,26.5
1984-12-01,-1.53,0.02,21.4
1985-01-01,-0.89,0.28,17.8
1985-02-01,-0.91,0.04,20.7
1985-03-01,-0.96,0.22,16.9
1985-04-01,-0.98,0.15,20.4
1985-05-01,-0.9,0.2,32.4
1985-06-01,-0.76,0.2,28.3
1985-07-01,-0.61,0.04,39.9
1985-08-01,-0.49,0.17,10.1
1985-09-01,-0.57,0.17,4.3
1985-10-01,-0.64,0.13,22
1985-11-01,-0.43,0.11,17.9
1985-12-01,-0.4,0.19,15.8
1986-01-01,-0.79,0.28,2.8
1986-02-01,-0.64,0.39,27.9
1986-03-01,-0.51,0.31,13.8
1986-04-01,-0.41,0.26,22.4
1986-05-01,-0.47,0.27,16.1
1986-06-01,-0.08,0.18,0.6
1986-07-01,0.16,0.17,18.1
1986-08-01,0.24,0.2,9.9
1986-09-01,0.59,0.13,5.1
1986-10-01,0.9,0.18,40.1
1986-11-01,1.04,0.14,15.4
1986-12-01,0.98,0.22,5.8
1987-01-01,1.19,0.35,9.8
1987-02-01,1.17,0.39,3.4
1987-03-01,1.24,0.2,17.4
1987-04-01,0.89,0.27,46
1987-05-01,0.91,0.32,39.1
1987-06-01,1.24,0.37,18.8
1987-07-01,1.34,0.48,38.2
1987-08-01,1.48,0.31,47.9
1987-09-01,1.53,0.4,42.2
1987-10-01,1.36,0.33,63.4
1987-11-01,1.29,0.26,48.8
1987-12-01,1.05,0.45,29.1
1988-01-01,0.69,0.55,70.5
1988-02-01,0.35,0.46,45.4
1988-03-01,0.29,0.52,91.2
1988-04-01,-0.49,0.45,108.8
1988-05-01,-1.05,0.47,74.2
1988-06-01,-1.46,0.43,124.3
1988-07-01,-1.54,0.36,131.4
1988-08-01,-1.44,0.41,139.4
1988-09-01,-1.33,0.39,142.7
1988-10-01,-2.09,0.36,156.5
1988-11-01,-2.18,0.15,156.8
1988-12-01,-1.98,0.29,231.2
1989-01-01,-1.95,0.11,210.1
1989-02-01,-1.37,0.32,208.7
1989-03-01,-1.33,0.32,170.4
1989-04-01,-1.11,0.31,166.3
1989-05-01,-0.8,0.21,195.4
1989-06-01,-0.64,0.22,284.5
1989-07-01,-0.47,0.3,180.5
1989-08-01,-0.58,0.33,232
1989-09-01,-0.38,0.39,225.1
1989-10-01,-0.4,0.32,212.2
1989-11-01,-0.3,0.17,238.2
1989-12-01,-0.13,0.41,211.4
1990-01-01,0.02,0.39,227.4
1990-02-01,0.36,0.4,171.8
1990-03-01,0.2,0.75,191.7
1990-04-01,0.26,0.61,189.7
1990-05-01,0.32,0.52,175.2
1990-06-01,0,0.39,153.3
1990-07-01,0.15,0.42,191.1
1990-08-01,0.17,0.36,252.1
1990-09-01,0.12,0.32,169.1
1990-10-01,0.13,0.42,199.4
1990-11-01,0.08,0.41,178.8
1990-12-01,0.32,0.43,197.1
1991-01-01,0.51,0.41,195.3
1991-02-01,0.32,0.5,240.3
1991-03-01,0.1,0.37,197
1991-04-01,0.21,0.52,197.6
1991-05-01,0.44,0.42,166.9
1991-06-01,0.65,0.54,224.7
1991-07-01,0.62,0.49,240.2
1991-08-01,0.43,0.42,240.8
1991-09-01,0.22,0.42,168.9
1991-10-01,0.91,0.33,197.1
1991-11-01,1.14,0.31,159.5
1991-12-01,1.62,0.3,212.6
1992-01-01,1.61,0.44,198.3
1992-02-01,1.62,0.43,230.7
1992-03-01,1.5,0.48,151
1992-04-01,1.41,0.3,142.2
1992-05-01,1.27,0.35,94.3
1992-06-01,0.53,0.3,98.5
1992-07-01,0.27,0.14,114.2
1992-08-01,-0.15,0.11,91.9
1992-09-01,-0.14,0.04,94
1992-10-01,-0.35,0.06,133.4
1992-11-01,-0.14,0.05,129.6
1992-12-01,0.04,0.2,122
1993-01-01,0.28,0.34,81.4
1993-02-01,0.42,0.4,127.8
1993-03-01,0.47,0.37,102.4
1993-04-01,0.92,0.32,94.4
1993-05-01,0.93,0.3,78.8
1993-06-01,0.64,0.31,69.6
1993-07-01,0.33,0.27,80.4
1993-08-01,0.16,0.18,62.5
1993-09-01,0.26,0.19,31.2
1993-10-01,0.36,0.26,71.1
1993-11-01,0.28,0.08,48.2
1993-12-01,0.19,0.21,68.4
1994-01-01,0.03,0.23,84.9
1994-02-01,-0.16,0.06,54.9
1994-03-01,-0.06,0.3,47.5
1994-04-01,0.03,0.4,27.4
1994-05-01,0.14,0.33,29.8
1994-06-01,0.27,0.43,39.7
1994-07-01,0.16,0.32,50.6
1994-08-01,0.52,0.25,34.3
1994-09-01,0.4,0.35,40.5
1994-10-01,0.9,0.44,67.1
1994-11-01,1.14,0.43,29.5
1994-12-01,1.21,0.39,32.2
1995-01-01,1.1,0.54,32.6
1995-02-01,0.87,0.76,45.8
1995-03-01,0.49,0.51,46.3
1995-04-01,0.27,0.5,21.6
1995-05-01,0.03,0.33,19.4
1995-06-01,0.08,0.47,22.5
1995-07-01,0.03,0.5,20.4
1995-08-01,-0.38,0.53,18.2
1995-09-01,-0.57,0.42,15.7
1995-10-01,-0.72,0.44,30.6
1995-11-01,-0.78,0.46,14
1995-12-01,-0.72,0.31,14.9
1996-01-01,-0.65,0.28,13.3
1996-02-01,-0.66,0.49,7.7
1996-03-01,-0.48,0.38,12.6
1996-04-01,-0.34,0.34,6.8
1996-05-01,-0.4,0.33,7.6
1996-06-01,-0.12,0.3,16.5
1996-07-01,-0.14,0.38,11.8
1996-08-01,-0.3,0.45,19.7
1996-09-01,-0.34,0.29,3
1996-10-01,-0.28,0.21,0.7
1996-11-01,-0.3,0.4,24.9
1996-12-01,-0.43,0.36,14
1997-01-01,-0.43,0.26,7.4
1997-02-01,-0.24,0.37,11
1997-03-01,-0.06,0.52,12.1
1997-04-01,0.34,0.39,23
1997-05-01,0.87,0.39,25.4
1997-06-01,1.15,0.56,20.8
1997-07-01,1.6,0.43,12.9
1997-08-01,1.94,0.47,35.7
1997-09-01,2.1,0.61,59.7
1997-10-01,2.29,0.64,32.8
1997-11-01,2.42,0.63,50.4
1997-12-01,2.3,0.58,55.5
1998-01-01,2.42,0.6,44.5
1998-02-01,2.08,0.81,50.2
1998-03-01,1.49,0.64,82
1998-04-01,0.9,0.72,70.6
1998-05-01,0.68,0.7,74
1998-06-01,-0.39,0.74,90.5
1998-07-01,-0.73,0.71,96.7
1998-08-01,-0.83,0.72,121.1
1998-09-01,-0.82,0.5,132
1998-10-01,-1.19,0.44,78.5
1998-11-01,-1.23,0.45,97.3
1998-12-01,-1.51,0.58,119.2
1999-01-01,-1.53,0.47,86
1999-02-01,-1.41,0.65,98
1999-03-01,-0.92,0.37,103.5
1999-04-01,-0.81,0.36,93.6
1999-05-01,-0.87,0.32,149.6
1999-06-01,-0.95,0.41,207.2
1999-07-01,-0.84,0.38,173.5
1999-08-01,-0.98,0.38,142.3
1999-09-01,-0.84,0.42,106.3
1999-10-01,-1.03,0.34,168.7
1999-11-01,-1.41,0.36,188.3
1999-12-01,-1.54,0.47,116.8
2000-01-01,-1.79,0.32,133.1
2000-02-01,-1.53,0.54,165.7
2000-03-01,-1.26,0.53,217.7
2000-04-01,-0.8,0.59,191.5
2000-05-01,-0.8,0.37,165.9
2000-06-01,-0.75,0.39,188
2000-07-01,-0.57,0.41,244.3
2000-08-01,-0.36,0.44,180.5
2000-09-01,-0.39,0.45,156
2000-10-01,-0.55,0.31,141.6
2000-11-01,-0.75,0.3,158.1
2000-12-01,-0.92,0.3,143.3
2001-01-01,-0.88,0.46,142.6
2001-02-01,-0.63,0.44,121.5
2001-03-01,-0.48,0.55,165.8
2001-04-01,-0.3,0.53,161.7
2001-05-01,-0.3,0.57,142.1
2001-06-01,-0.11,0.53,202.9
2001-07-01,0.01,0.62,123
2001-08-01,-0.07,0.54,161.5
2001-09-01,-0.28,0.55,238.2
2001-10-01,-0.26,0.5,194.1
2001-11-01,-0.28,0.69,176.6
2001-12-01,-0.46,0.62,213.4
2002-01-01,-0.14,0.68,184.6
2002-02-01,0,0.68,170.2
2002-03-01,0.11,0.83,147.1
2002-04-01,0.14,0.56,186.9
2002-05-01,0.21,0.66,187.5
2002-06-01,0.68,0.59,128.8
2002-07-01,0.57,0.64,161
2002-08-01,0.7,0.57,175.6
2002-09-01,0.82,0.61,187.9
2002-10-01,1.16,0.57,151.2
2002-11-01,1.41,0.57,147.2
2002-12-01,1.41,0.51,135.3
2003-01-01,0.98,0.71,133.5
2003-02-01,0.64,0.62,75.7
2003-03-01,0.48,0.59,100.7
2003-04-01,-0.03,0.58,97.9
2003-05-01,-0.52,0.6,86.8
2003-06-01,-0.19,0.5,118.7
2003-07-01,0.14,0.58,128.3
2003-08-01,0.05,0.65,115.4
2003-09-01,0.15,0.69,78.5
2003-10-01,0.46,0.75,97.8
2003-11-01,0.39,0.56,82.9
2003-12-01,0.32,0.73,72.2
2004-01-01,0.26,0.62,60.6
2004-02-01,0.17,0.7,74.6
2004-03-01,-0.1,0.67,74.8
2004-04-01,0.06,0.62,59.2
2004-05-01,0.1,0.4,72.8
2004-06-01,0.14,0.44,66.5
2004-07-01,0.41,0.37,83.8
2004-08-01,0.66,0.49,69.7
2004-09-01,0.67,0.55,48.8
2004-10-01,0.73,0.62,74.2
2004-11-01,0.62,0.7,70.1
2004-12-01,0.71,0.54,28.9
2005-01-01,0.56,0.77,48.1
2005-02-01,0.26,0.63,43.5
2005-03-01,0.28,0.74,39.6
2005-04-01,0.28,0.69,38.7
2005-05-01,0.3,0.66,61.9
2005-06-01,0.22,0.67,56.8
2005-07-01,-0.01,0.65,62.4
2005-08-01,-0.04,0.6,60.5
2005-09-01,-0.08,0.71,37.2
2005-10-01,-0.15,0.74,13.2
2005-11-01,-0.44,0.77,27.5
2005-12-01,-0.75,0.72,59.3
2006-01-01,-0.98,0.6,20.9
2006-02-01,-0.71,0.76,5.7
2006-03-01,-0.73,0.65,17.3
2006-04-01,-0.3,0.55,50.3
2006-05-01,-0.11,0.55,37.2
2006-06-01,0.09,0.64,24.5
2006-07-01,0.03,0.57,22.2
2006-08-01,0.37,0.71,20.8
2006-09-01,0.63,0.67,23.7
2006-10-01,0.76,0.69,14.9
2006-11-01,0.98,0.69,35.7
2006-12-01,1.1,0.78,22.3
2007-01-01,0.59,0.92,29.3
2007-02-01,0.12,0.7,18.4
2007-03-01,-0.15,0.68,7.2
2007-04-01,-0.16,0.78,5.4
2007-05-01,-0.39,0.64,19.5
2007-06-01,-0.16,0.6,21.3
2007-07-01,-0.37,0.59,15.1
2007-08-01,-0.57,0.57,9.8
2007-09-01,-1.04,0.6,4
2007-10-01,-1.4,0.6,1.5
2007-11-01,-1.58,0.57,2.8
2007-12-01,-1.61,0.49,17.3
2008-01-01,-1.79,0.28,4.1
2008-02-01,-1.7,0.33,2.9
2008-03-01,-1.17,0.71,15.5
2008-04-01,-0.89,0.52,3.6
2008-05-01,-0.64,0.51,4.6
2008-06-01,-0.44,0.49,5.2
2008-07-01,-0.04,0.59,0.6
2008-08-01,-0.04,0.53,0.3
2008-09-01,-0.28,0.61,1.2
2008-10-01,-0.3,0.68,4.2
2008-11-01,-0.37,0.7,6.6
2008-12-01,-0.9,0.59,1
2009-01-01,-1,0.67,1.3
2009-02-01,-0.71,0.54,1.2
2009-03-01,-0.72,0.53,0.6
2009-04-01,-0.25,0.58,1.2
2009-05-01,0.17,0.63,2.9
2009-06-01,0.49,0.68,6.3
2009-07-01,0.69,0.74,5.5
2009-08-01,0.62,0.71,0
2009-09-01,0.68,0.76,7.1
2009-10-01,0.96,0.69,7.7
2009-11-01,1.49,0.76,6.9
2009-12-01,1.81,0.72,16.3
2010-01-01,1.43,0.76,19.5
2010-02-01,1.18,0.83,28.5
2010-03-01,1.07,0.9,24
2010-04-01,0.56,0.88,10.4
2010-05-01,-0.15,0.78,13.9
2010-06-01,-0.62,0.71,18.8
2010-07-01,-0.89,0.68,25.2
2010-08-01,-1.33,0.66,29.6
2010-09-01,-1.56,0.66,36.4
2010-10-01,-1.65,0.69,33.6
2010-11-01,-1.57,0.78,34.4
2010-12-01,-1.63,0.51,24.5
2011-01-01,-1.7,0.55,27.3
2011-02-01,-1.26,0.52,48.3
2011-03-01,-0.98,0.65,78.6
2011-04-01,-0.74,0.67,76.1
2011-05-01,-0.53,0.56,58.2
2011-06-01,-0.25,0.62,56.1
2011-07-01,-0.23,0.7,64.5
2011-08-01,-0.66,0.7,65.8
2011-09-01,-0.76,0.62,120.1
2011-10-01,-0.93,0.66,125.7
2011-11-01,-1.09,0.55,139.1
2011-12-01,-1.05,0.59,109.3
2012-01-01,-0.93,0.51,94.4
2012-02-01,-0.61,0.52,47.8
2012-03-01,-0.48,0.54,86.6
2012-04-01,-0.29,0.72,85.9
2012-05-01,-0.18,0.75,96.5
2012-06-01,0.14,0.7,92
2012-07-01,0.44,0.64,100.1
2012-08-01,0.66,0.67,94.8
2012-09-01,0.44,0.75,93.7
2012-10-01,0.23,0.78,76.5
2012-11-01,0.33,0.75,87.6
2012-12-01,-0.13,0.53,56.8
2013-01-01,-0.42,0.68,96.1
2013-02-01,-0.4,0.6,60.9
2013-03-01,-0.14,0.65,78.3
2013-04-01,-0.08,0.6,107.3
2013-05-01,-0.28,0.66,120.2
2013-06-01,-0.33,0.71,76.7
2013-07-01,-0.28,0.62,86.2
2013-08-01,-0.29,0.69,91.8
2013-09-01,-0.09,0.76,54.5
2013-10-01,-0.24,0.68,114.4
2013-11-01,-0.02,0.79,113.9
2013-12-01,-0.09,0.71,124.2
2014-01-01,-0.42,0.75,117
2014-02-01,-0.45,0.58,146.1
2014-03-01,-0.07,0.8,128.7
2014-04-01,0.28,0.8,112.5
2014-05-01,0.45,0.83,112.5
2014-06-01,0.48,0.72,102.9
2014-07-01,0.13,0.66,100.2
2014-08-01,0.14,0.83,106.9
2014-09-01,0.37,0.85,130
2014-10-01,0.48,0.79,90
2014-11-01,0.89,0.67,103.6
2014-12-01,0.77,0.81,112.9
2015-01-01,0.59,0.84,93
2015-02-01,0.57,0.88,66.7
2015-03-01,0.48,0.94,54.5
2015-04-01,0.9,0.82,75.3
2015-05-01,1.04,0.83,88.8
2015-06-01,1.28,0.87,66.5
2015-07-01,1.56,0.79,65.8
2015-08-01,1.87,0.84,64.4
2015-09-01,2.01,0.94,78.6
2015-10-01,2.21,1.07,63.6
2015-11-01,2.57,1.05,62.2
2015-12-01,2.56,1.13,58
2016-01-01,2.56,1.21,57
2016-02-01,2.11,1.34,56.4
2016-03-01,1.6,1.33,54.1
2016-04-01,1.05,1.14,37.9
2016-05-01,0.45,0.96,51.5
2016-06-01,0.06,0.85,20.5
2016-07-01,-0.25,0.88,32.4
2016-08-01,-0.48,1,50.2
2016-09-01,-0.46,0.96,44.6
2016-10-01,-0.75,0.87,33.4
2016-11-01,-0.63,0.93,21.4
2016-12-01,-0.51,0.9,18.5
2017-01-01,-0.34,1.04,26.1
2017-02-01,-0.01,1.1,26.4
2017-03-01,-0.09,1.11,17.7
2017-04-01,0.22,0.95,32.3
2017-05-01,0.3,0.91,18.9
2017-06-01,0.22,0.78,19.2
2017-07-01,0.22,0.86,17.8
2017-08-01,-0.18,0.88,32.6
2017-09-01,-0.56,0.87,43.7
2017-10-01,-0.52,0.92,13.2
2017-11-01,-0.84,0.89,5.7
2017-12-01,-0.85,0.96,8.2
2018-01-01,-0.86,0.84,6.8
2018-02-01,-0.73,0.89,10.7
2018-03-01,-0.73,0.88,2.5
2018-04-01,-0.36,0.91,8.9
2018-05-01,-0.12,0.84,13.1
2018-06-01,0.12,0.8,15.6
2018-07-01,0.27,0.85,1.6
2018-08-01,0.05,0.82,8.7
2018-09-01,0.3,0.83,3.3
2018-10-01,0.84,1.02,4.9
2018-11-01,1,0.85,4.9
2018-12-01,0.97,0.95,3.1
2019-01-01,0.51,0.93,7.7
2019-02-01,0.62,0.92,0.8
2019-03-01,0.81,1.15,9.4
2019-04-01,0.67,1.05,9.1
2019-05-01,0.61,0.91,9.9
2019-06-01,0.66,0.92,1.2
2019-07-01,0.41,0.93,0.9
2019-08-01,0.19,0.94,0.5
2019-09-01,0.11,0.95,1.1
2019-10-01,0.55,1.02,0.4
2019-11-01,0.74,0.99,0.5
2019-12-01,0.51,1.12,1.5
2020-01-01,0.64,1.16,6.2
2020-02-01,0.48,1.21,0.2
2020-03-01,0.36,1.14,1.5
2020-04-01,0.49,1.14,5.2
2020-05-01,-0.12,1,0.2
2020-06-01,-0.21,0.94,5.8
2020-07-01,-0.04,0.92,6.1
2020-08-01,-0.42,0.91,7.5
2020-09-01,-0.66,1,0.6
2020-10-01,-1.19,0.91,14.6
2020-11-01,-1.01,1.07,34.5
2020-12-01,-0.98,0.83,23.1
2021-01-01,-1.04,0.83,10.4
2021-02-01,-0.94,0.65,8.2
2021-03-01,-0.72,0.89,17.2
2021-04-01,-0.55,0.8,24.5
2021-05-01,-0.41,0.82,21.2
2021-06-01,-0.06,0.85,25
2021-07-01,-0.2,0.91,34.3
2021-08-01,-0.38,0.88,22
2021-09-01,-0.5,0.94,51.3
2021-10-01,-0.78,0.99,37.4
2021-11-01,-0.88,0.94,34.8
2021-12-01,-1.07,0.9,67.5
2022-01-01,-0.77,0.92,55.3
2022-02-01,-0.68,0.9,60.9
2022-03-01,-0.84,1.07,78.6
2022-04-01,-0.9,0.89,84
2022-05-01,-1.02,0.83,96.5
2022-06-01,-0.77,0.93,70.3
2022-07-01,-0.56,0.91,91.4
2022-08-01,-0.96,0.93,74.6
2022-09-01,-1.06,0.88,96
2022-10-01,-0.99,0.96,95.5
2022-11-01,-0.76,0.75,80.5
2022-12-01,-0.86,0.82,112.8
2023-01-01,-0.78,0.89,144.4
2023-02-01,-0.62,1.02,111.3
2023-03-01,-0.13,1.22,123.3
2023-04-01,0.24,0.99,97.6
2023-05-01,0.47,0.97,137.4
2023-06-01,0.95,1.08,160.5
2023-07-01,1.2,1.19,160
2023-08-01,1.56,1.27,114.8
2023-09-01,1.65,1.44,134.2
2023-10-01,1.59,1.37,99.9
2023-11-01,2.01,1.43,107.1
2023-12-01,1.81,1.39,113.5
2024-01-01,1.71,1.31,126
2024-02-01,1.47,1.41,123
2024-03-01,1.1,1.34,103.7
2024-04-01,0.93,1.28,137
2024-05-01,0.41,1.18,172.1
2024-06-01,0.25,1.22,164.1
2024-07-01,0.2,1.22,196.8
2024-08-01,0.02,1.27,216
2024-09-01,-0.11,1.26,141.1
2024-10-01,-0.24,1.34,165.8
2024-11-01,-0.05,1.34,154.1
2024-12-01,-0.58,1.3,154.6
2025-01-01,-0.76,1.35,137
2025-02-01,-0.39,1.26,155.7
2025-03-01,0.05,1.35,134.2
2025-04-01,-0.08,1.22,140.6
2025-05-01,-0.08,1.1,79.2
2025-06-01,0.01,1,116.3
2025-07-01,-0.01,1,130
2025-08-01,0.01,1,140
