Entity,Code,Year,Annual sea surface temperature anomalies,Annual sea surface temperature anomalies (lower bound),Annual sea surface temperature anomalies (upper bound)
Northern Hemisphere,,1850,-0.053766724,-0.12948489,-0.0016253028
Northern Hemisphere,,1851,0.06586428,-0.008639886,0.11984695
Northern Hemisphere,,1852,0.14944454,0.079167694,0.20091112
Northern Hemisphere,,1853,0.11939995,0.054722864,0.17239437
Northern Hemisphere,,1854,0.09643886,0.034553446,0.14909486
Northern Hemisphere,,1855,0.11526828,0.05710995,0.16715595
Northern Hemisphere,,1856,-0.08536355,-0.14149505,-0.0344958
Northern Hemisphere,,1857,-0.1207623,-0.17366138,-0.070761725
Northern Hemisphere,,1858,-0.16325213,-0.21228363,-0.112855054
Northern Hemisphere,,1859,-0.04222555,-0.08937797,0.008384195
Northern Hemisphere,,1860,0.0003450305,-0.043566804,0.048855867
Northern Hemisphere,,1861,-0.010955889,-0.05365722,0.037784778
Northern Hemisphere,,1862,-0.30986848,-0.3493408,-0.26371065
Northern Hemisphere,,1863,-0.110631965,-0.14813264,-0.06109739
Northern Hemisphere,,1864,-0.04924455,-0.08476064,-0.0035928031
Northern Hemisphere,,1865,0.11760836,0.08357503,0.16063887
Northern Hemisphere,,1866,0.07541061,0.040516112,0.12103753
Northern Hemisphere,,1867,0.11760328,0.08644261,0.16074453
Northern Hemisphere,,1868,0.22364719,0.18997653,0.27037737
Northern Hemisphere,,1869,0.09569436,0.058577865,0.14442211
Northern Hemisphere,,1870,0.16129003,0.12573045,0.21296927
Northern Hemisphere,,1871,0.0037875324,-0.030003052,0.055856448
Northern Hemisphere,,1872,-0.008231299,-0.040132217,0.03637428
Northern Hemisphere,,1873,-0.0732858,-0.10675864,-0.022509217
Northern Hemisphere,,1874,-0.11552663,-0.1469718,-0.060771972
Northern Hemisphere,,1875,-0.033067137,-0.069160886,0.028122948
Northern Hemisphere,,1876,-0.056738805,-0.09267655,0.0007659476
Northern Hemisphere,,1877,0.33771235,0.2993162,0.39539945
Northern Hemisphere,,1878,0.32586986,0.2893492,0.38924694
Northern Hemisphere,,1879,0.025430031,-0.01521172,0.0850167
Northern Hemisphere,,1880,0.0133792795,-0.030136138,0.07050511
Northern Hemisphere,,1881,0.03650953,-0.00781522,0.09992353
Northern Hemisphere,,1882,-0.06254255,-0.113217555,-0.00075480156
Northern Hemisphere,,1883,-0.094300136,-0.14092113,-0.0368108
Northern Hemisphere,,1884,-0.17467931,-0.22462997,-0.11651739
Northern Hemisphere,,1885,-0.0665873,-0.11490364,-0.008218887
Northern Hemisphere,,1886,-0.10639855,-0.15962622,-0.045655638
Northern Hemisphere,,1887,-0.1536058,-0.21035689,-0.09303963
Northern Hemisphere,,1888,0.07797912,0.020566365,0.1364907
Northern Hemisphere,,1889,0.10214111,0.043775443,0.15993945
Northern Hemisphere,,1890,-0.21801305,-0.27950773,-0.15588371
Northern Hemisphere,,1891,-0.0038558051,-0.065041974,0.0607657
Northern Hemisphere,,1892,-0.22493656,-0.28800222,-0.16058972
Northern Hemisphere,,1893,-0.26155332,-0.32986963,-0.19596447
Northern Hemisphere,,1894,-0.28329906,-0.35062164,-0.21873106
Northern Hemisphere,,1895,-0.103190884,-0.17550172,-0.036125638
Northern Hemisphere,,1896,0.097366445,0.023794947,0.16508062
Northern Hemisphere,,1897,0.08823311,0.0142736165,0.15670153
Northern Hemisphere,,1898,-0.10653589,-0.18554397,-0.035426218
Northern Hemisphere,,1899,-0.053183135,-0.13398422,0.019518698
Northern Hemisphere,,1900,0.1058852,0.023954779,0.17994462
Northern Hemisphere,,1901,-0.06463605,-0.14927004,0.01728278
Northern Hemisphere,,1902,-0.20701855,-0.2949047,-0.12527247
Northern Hemisphere,,1903,-0.3087568,-0.40031165,-0.22341813
Northern Hemisphere,,1904,-0.39155906,-0.4843833,-0.30434972
Northern Hemisphere,,1905,-0.21645239,-0.3107285,-0.13329655
Northern Hemisphere,,1906,-0.15282838,-0.25129673,-0.063626386
Northern Hemisphere,,1907,-0.26636672,-0.34093088,-0.1745293
Northern Hemisphere,,1908,-0.34808314,-0.41036713,-0.26019406
Northern Hemisphere,,1909,-0.35357815,-0.40667197,-0.26845288
Northern Hemisphere,,1910,-0.37011838,-0.42904198,-0.29464996
Northern Hemisphere,,1911,-0.28926688,-0.35142413,-0.21648589
Northern Hemisphere,,1912,-0.24588005,-0.3123504,-0.17518598
Northern Hemisphere,,1913,-0.35902905,-0.42590657,-0.28992015
Northern Hemisphere,,1914,-0.16376889,-0.22509122,-0.08438039
Northern Hemisphere,,1915,-0.013516635,-0.076122805,0.06898478
Northern Hemisphere,,1916,-0.24482556,-0.3070918,-0.16298223
Northern Hemisphere,,1917,-0.2855744,-0.34794047,-0.20264938
Northern Hemisphere,,1918,-0.2798884,-0.34229013,-0.19158581
Northern Hemisphere,,1919,-0.20917338,-0.27475604,-0.1165658
Northern Hemisphere,,1920,-0.15058947,-0.2177053,-0.057853717
Northern Hemisphere,,1921,-0.055464804,-0.12251397,0.041748613
Northern Hemisphere,,1922,-0.12306397,-0.19115289,-0.027211554
Northern Hemisphere,,1923,-0.12413189,-0.19543523,-0.026203971
Northern Hemisphere,,1924,-0.0762078,-0.1459898,0.026748696
Northern Hemisphere,,1925,-0.048604805,-0.11795005,0.0458867
Northern Hemisphere,,1926,0.13126603,0.058676366,0.22830603
Northern Hemisphere,,1927,0.074670866,0.0028558653,0.17976837
Northern Hemisphere,,1928,0.007493529,-0.0652143,0.11109978
Northern Hemisphere,,1929,-0.053199887,-0.12737064,0.052918945
Northern Hemisphere,,1930,0.12434745,0.051883448,0.2323957
Northern Hemisphere,,1931,0.14495145,0.06837328,0.24670194
Northern Hemisphere,,1932,0.030972783,-0.042926215,0.13564353
Northern Hemisphere,,1933,-0.0024408882,-0.0714128,0.0948462
Northern Hemisphere,,1934,-0.003803553,-0.072050214,0.09318787
Northern Hemisphere,,1935,0.026564281,-0.039389886,0.12248453
Northern Hemisphere,,1936,0.11270286,0.04385403,0.20532228
Northern Hemisphere,,1937,0.24772395,0.17966637,0.34246537
Northern Hemisphere,,1938,0.11280928,0.044485863,0.20562753
Northern Hemisphere,,1939,0.07655403,0.0044778627,0.17544678
Northern Hemisphere,,1940,0.14371254,0.058004364,0.25632936
Northern Hemisphere,,1941,0.19084795,-0.033740133,0.40998262
Northern Hemisphere,,1942,0.30674618,0.07508728,0.51700246
Northern Hemisphere,,1943,0.26439127,0.03344078,0.4750747
Northern Hemisphere,,1944,0.3977096,0.16846086,0.6093138
Northern Hemisphere,,1945,0.41073203,0.18216953,0.62134886
Northern Hemisphere,,1946,0.20513353,0.061850864,0.35273904
Northern Hemisphere,,1947,0.09872003,-0.048372887,0.22545236
Northern Hemisphere,,1948,0.14034362,0.0036496988,0.2615871
Northern Hemisphere,,1949,0.10684728,0.0013746159,0.21727769
Northern Hemisphere,,1950,0.12892486,0.040856946,0.2143022
Northern Hemisphere,,1951,0.29161578,0.22527678,0.36656803
Northern Hemisphere,,1952,0.2930391,0.23499611,0.3706953
Northern Hemisphere,,1953,0.3007766,0.24008311,0.37425485
Northern Hemisphere,,1954,0.14141211,0.0778277,0.21229544
Northern Hemisphere,,1955,0.07900586,0.0142335305,0.1471477
Northern Hemisphere,,1956,0.0103036985,-0.05672322,0.07820478
Northern Hemisphere,,1957,0.22919194,0.16239128,0.29017928
Northern Hemisphere,,1958,0.31107444,0.25007352,0.37571102
Northern Hemisphere,,1959,0.21880744,0.16521336,0.28576186
Northern Hemisphere,,1960,0.17651503,0.12672137,0.23192978
Northern Hemisphere,,1961,0.19456345,0.15287645,0.24692312
Northern Hemisphere,,1962,0.1446062,0.10688686,0.18664594
Northern Hemisphere,,1963,0.23302995,0.19313578,0.2876098
Northern Hemisphere,,1964,0.03937853,-0.0028181383,0.09558953
Northern Hemisphere,,1965,0.016797448,-0.026288383,0.07121578
Northern Hemisphere,,1966,0.20723653,0.16351728,0.25880978
Northern Hemisphere,,1967,0.1423047,0.10389153,0.18894003
Northern Hemisphere,,1968,0.109477445,0.08421153,0.14162779
Northern Hemisphere,,1969,0.18204653,0.15933262,0.20741086
Northern Hemisphere,,1970,0.08616711,0.06785853,0.104894616
Northern Hemisphere,,1971,-0.10705213,-0.1254023,-0.08811747
Northern Hemisphere,,1972,0.0640957,0.04519978,0.08214628
Northern Hemisphere,,1973,0.11992678,0.0998012,0.14076927
Northern Hemisphere,,1974,-0.016999304,-0.039405137,0.0020961973
Northern Hemisphere,,1975,-0.017951218,-0.0415153,0.0024200294
Northern Hemisphere,,1976,-0.0089673875,-0.031417303,0.011148779
Northern Hemisphere,,1977,0.20382686,0.18216503,0.22307228
Northern Hemisphere,,1978,0.19031328,0.1673032,0.21051703
Northern Hemisphere,,1979,0.2840728,0.2585616,0.3038507
Northern Hemisphere,,1980,0.2859062,0.26154503,0.30186054
Northern Hemisphere,,1981,0.2898141,0.26455212,0.30479652
Northern Hemisphere,,1982,0.26358637,0.23944086,0.2793771
Northern Hemisphere,,1983,0.2978803,0.2752697,0.3160073
Northern Hemisphere,,1984,0.1580552,0.13618411,0.17711553
Northern Hemisphere,,1985,0.113446616,0.091066785,0.13360636
Northern Hemisphere,,1986,0.19130345,0.16818444,0.21195029
Northern Hemisphere,,1987,0.34823653,0.3249092,0.3695122
Northern Hemisphere,,1988,0.35312346,0.33046585,0.37302536
Northern Hemisphere,,1989,0.32760528,0.3040138,0.34742945
Northern Hemisphere,,1990,0.50284314,0.47943446,0.5222422
Northern Hemisphere,,1991,0.45327154,0.4295342,0.47184128
Northern Hemisphere,,1992,0.32735512,0.3033853,0.34624594
Northern Hemisphere,,1993,0.34007844,0.31626835,0.3594312
Northern Hemisphere,,1994,0.46835563,0.4436963,0.4889882
Northern Hemisphere,,1995,0.53982675,0.5136938,0.56118244
Northern Hemisphere,,1996,0.40863752,0.3824566,0.4301105
Northern Hemisphere,,1997,0.6283032,0.6029077,0.6496138
Northern Hemisphere,,1998,0.7031394,0.67686856,0.72452736
Northern Hemisphere,,1999,0.46600205,0.44031736,0.48736554
Northern Hemisphere,,2000,0.48966485,0.4645651,0.51064885
Northern Hemisphere,,2001,0.590703,0.56543976,0.61221975
Northern Hemisphere,,2002,0.6211619,0.59636825,0.64313555
Northern Hemisphere,,2003,0.69743854,0.6727399,0.71959436
Northern Hemisphere,,2004,0.7131347,0.68802327,0.7354275
Northern Hemisphere,,2005,0.7199111,0.69444543,0.7423754
Northern Hemisphere,,2006,0.67983925,0.65440154,0.7019914
Northern Hemisphere,,2007,0.62384605,0.5987215,0.6456877
Northern Hemisphere,,2008,0.5973179,0.5727743,0.61927146
Northern Hemisphere,,2009,0.6847558,0.65948534,0.70618176
Northern Hemisphere,,2010,0.719909,0.6953143,0.741523
Northern Hemisphere,,2011,0.57980835,0.5551281,0.6010797
Northern Hemisphere,,2012,0.6906945,0.6650934,0.7118447
Northern Hemisphere,,2013,0.721526,0.69653076,0.74272555
Northern Hemisphere,,2014,0.8774384,0.85246503,0.8978184
Northern Hemisphere,,2015,1.0266325,1.0023512,1.0472412
Northern Hemisphere,,2016,1.0192554,0.99473906,1.0393285
Northern Hemisphere,,2017,0.9463633,0.92183155,0.9664997
Northern Hemisphere,,2018,0.89570236,0.8707464,0.91586214
Northern Hemisphere,,2019,1.0240515,0.99888796,1.0450958
Northern Hemisphere,,2020,1.095195,1.0693681,1.1161851
Northern Hemisphere,,2021,0.94505876,0.91908216,0.96625555
Northern Hemisphere,,2022,0.9860543,0.95909774,1.0068432
Northern Hemisphere,,2023,1.2364472,1.2086159,1.2572136
Northern Hemisphere,,2024,1.3014145,1.273664,1.3227917
Northern Hemisphere,,2025,1.0406266,1.0120431,1.0601137
Southern Hemisphere,,1850,-0.06481731,-0.11560989,-0.01649264
Southern Hemisphere,,1851,0.044982944,-0.004123226,0.095664024
Southern Hemisphere,,1852,-0.005870559,-0.053166803,0.04175003
Southern Hemisphere,,1853,-0.025743471,-0.06715897,0.019759111
Southern Hemisphere,,1854,-0.10406722,-0.14436564,-0.061680887
Southern Hemisphere,,1855,-0.06389939,-0.10464247,-0.020839809
Southern Hemisphere,,1856,-0.010887719,-0.049162474,0.030657195
Southern Hemisphere,,1857,-0.19991755,-0.23685814,-0.16128239
Southern Hemisphere,,1858,-0.12115114,-0.1547998,-0.08214472
Southern Hemisphere,,1859,0.00069761183,-0.031678885,0.03947878
Southern Hemisphere,,1860,0.0454232,0.013343361,0.08415053
Southern Hemisphere,,1861,-0.13793713,-0.17160231,-0.0989778
Southern Hemisphere,,1862,-0.032458887,-0.06279747,0.0040851114
Southern Hemisphere,,1863,-0.02582264,-0.056564476,0.011404778
Southern Hemisphere,,1864,-0.11073339,-0.13978197,-0.07291406
Southern Hemisphere,,1865,0.043800194,0.015414362,0.08080961
Southern Hemisphere,,1866,0.056246866,0.027420694,0.09257469
Southern Hemisphere,,1867,0.039481863,0.012904861,0.07589903
Southern Hemisphere,,1868,0.006284025,-0.020302303,0.040869113
Southern Hemisphere,,1869,-0.08445872,-0.11207231,-0.050907716
Southern Hemisphere,,1870,-0.011184973,-0.037165053,0.022062615
Southern Hemisphere,,1871,0.05943211,0.03518761,0.09199169
Southern Hemisphere,,1872,0.049370274,0.02488044,0.08239636
Southern Hemisphere,,1873,0.00035352446,-0.025113888,0.030647112
Southern Hemisphere,,1874,-0.1216493,-0.1466088,-0.08965222
Southern Hemisphere,,1875,0.05686878,0.02926361,0.08982819
Southern Hemisphere,,1876,-0.10323956,-0.13045688,-0.07174089
Southern Hemisphere,,1877,0.17153104,0.14205095,0.20233828
Southern Hemisphere,,1878,0.20080686,0.17137402,0.23442894
Southern Hemisphere,,1879,0.09362386,0.06395986,0.12562028
Southern Hemisphere,,1880,0.09274153,0.06066803,0.12577753
Southern Hemisphere,,1881,0.15830302,0.1252627,0.19138661
Southern Hemisphere,,1882,0.123984195,0.08676895,0.15762003
Southern Hemisphere,,1883,0.09159511,0.058358863,0.12505178
Southern Hemisphere,,1884,-0.03263414,-0.06755147,0.0016955299
Southern Hemisphere,,1885,-0.09823422,-0.13304572,-0.061918058
Southern Hemisphere,,1886,-0.09031455,-0.12712447,-0.050380886
Southern Hemisphere,,1887,-0.17893505,-0.21937197,-0.13856022
Southern Hemisphere,,1888,-0.052122224,-0.09279855,-0.01347389
Southern Hemisphere,,1889,0.08383845,0.04234619,0.12447103
Southern Hemisphere,,1890,-0.14961964,-0.19339581,-0.10667489
Southern Hemisphere,,1891,-0.049172305,-0.09246222,-0.005070972
Southern Hemisphere,,1892,-0.11138547,-0.15521672,-0.06915239
Southern Hemisphere,,1893,-0.07849072,-0.1254438,-0.03442347
Southern Hemisphere,,1894,-0.10490039,-0.15310039,-0.058399055
Southern Hemisphere,,1895,-0.08462005,-0.13693823,-0.03434855
Southern Hemisphere,,1896,0.09510003,0.042175364,0.14696878
Southern Hemisphere,,1897,0.024826692,-0.027868306,0.07802836
Southern Hemisphere,,1898,-0.25151622,-0.30785847,-0.19650923
Southern Hemisphere,,1899,-0.06445947,-0.122588806,-0.009820473
Southern Hemisphere,,1900,-0.051015805,-0.109697804,0.0041237827
Southern Hemisphere,,1901,-0.14937621,-0.20887005,-0.09030147
Southern Hemisphere,,1902,-0.1918449,-0.25491372,-0.13137323
Southern Hemisphere,,1903,-0.32615057,-0.39064422,-0.26269773
Southern Hemisphere,,1904,-0.31240574,-0.37838712,-0.24576639
Southern Hemisphere,,1905,-0.15330781,-0.22086988,-0.09040314
Southern Hemisphere,,1906,-0.11315064,-0.18372655,-0.045286972
Southern Hemisphere,,1907,-0.17960696,-0.2297233,-0.10922648
Southern Hemisphere,,1908,-0.30466238,-0.3454448,-0.23629072
Southern Hemisphere,,1909,-0.33528674,-0.37082455,-0.2705787
Southern Hemisphere,,1910,-0.30976564,-0.35260996,-0.2559624
Southern Hemisphere,,1911,-0.3903112,-0.43909988,-0.3379629
Southern Hemisphere,,1912,-0.15998688,-0.21157289,-0.10560564
Southern Hemisphere,,1913,-0.11612747,-0.17133673,-0.06278989
Southern Hemisphere,,1914,-0.018502552,-0.074392885,0.046834696
Southern Hemisphere,,1915,0.02987553,-0.02806647,0.100281365
Southern Hemisphere,,1916,-0.09477621,-0.16292189,-0.022776809
Southern Hemisphere,,1917,-0.13792531,-0.20364656,-0.059748802
Southern Hemisphere,,1918,-0.01211806,-0.08639473,0.07412753
Southern Hemisphere,,1919,-0.024184974,-0.0933018,0.06699336
Southern Hemisphere,,1920,0.08846078,0.021579444,0.17641169
Southern Hemisphere,,1921,0.009114195,-0.056385882,0.10181828
Southern Hemisphere,,1922,-0.08565797,-0.14668556,0.0027919442
Southern Hemisphere,,1923,-0.029041218,-0.09495089,0.061506946
Southern Hemisphere,,1924,-0.07449247,-0.13933314,0.024059193
Southern Hemisphere,,1925,-0.012579721,-0.0771258,0.07587278
Southern Hemisphere,,1926,0.052564442,-0.015436809,0.14268878
Southern Hemisphere,,1927,-0.03203722,-0.09781672,0.06573294
Southern Hemisphere,,1928,-0.030702556,-0.0978633,0.067270614
Southern Hemisphere,,1929,-0.113685474,-0.18479839,-0.0122203035
Southern Hemisphere,,1930,0.0027173657,-0.06862405,0.111290276
Southern Hemisphere,,1931,0.10250011,0.031643197,0.20412028
Southern Hemisphere,,1932,0.056966446,-0.011110223,0.16121194
Southern Hemisphere,,1933,-0.06345505,-0.12883271,0.040642608
Southern Hemisphere,,1934,0.06081378,-0.0061178035,0.15642878
Southern Hemisphere,,1935,0.01807853,-0.046978388,0.12545586
Southern Hemisphere,,1936,0.013356692,-0.051292054,0.10645161
Southern Hemisphere,,1937,0.15283228,0.087032445,0.2488601
Southern Hemisphere,,1938,0.1366786,0.07659378,0.23356228
Southern Hemisphere,,1939,0.17824678,0.109535865,0.27854368
Southern Hemisphere,,1940,0.32665652,0.24610995,0.42294294
Southern Hemisphere,,1941,0.27225754,0.047504693,0.4904287
Southern Hemisphere,,1942,0.22115935,-0.011026389,0.43970194
Southern Hemisphere,,1943,0.26750088,0.034518026,0.48689452
Southern Hemisphere,,1944,0.43666327,0.20272353,0.65753037
Southern Hemisphere,,1945,0.38657477,0.15257153,0.60757154
Southern Hemisphere,,1946,0.07393461,-0.092777304,0.20294286
Southern Hemisphere,,1947,0.0656062,-0.103333056,0.20407386
Southern Hemisphere,,1948,0.052884858,-0.109092385,0.20471127
Southern Hemisphere,,1949,0.11317078,-0.03462964,0.2569368
Southern Hemisphere,,1950,0.059372526,-0.06987489,0.20509161
Southern Hemisphere,,1951,0.084604196,-0.023345226,0.22349128
Southern Hemisphere,,1952,0.2926238,0.20132245,0.4300418
Southern Hemisphere,,1953,0.3121462,0.22504711,0.43762487
Southern Hemisphere,,1954,0.09477045,0.005420947,0.22011328
Southern Hemisphere,,1955,0.0031255272,-0.07952522,0.11039519
Southern Hemisphere,,1956,0.07210403,-0.00842014,0.16718961
Southern Hemisphere,,1957,0.2533953,0.18312845,0.3307652
Southern Hemisphere,,1958,0.20297319,0.13217053,0.29072002
Southern Hemisphere,,1959,0.19319753,0.12901936,0.28281018
Southern Hemisphere,,1960,0.15171795,0.08792045,0.22469985
Southern Hemisphere,,1961,0.23823494,0.18875653,0.31206977
Southern Hemisphere,,1962,0.17735203,0.13050586,0.2383202
Southern Hemisphere,,1963,0.1807877,0.13536836,0.24278761
Southern Hemisphere,,1964,-0.038124967,-0.08213506,0.018003529
Southern Hemisphere,,1965,0.059351027,0.015729945,0.11233819
Southern Hemisphere,,1966,0.081708446,0.03659628,0.13234894
Southern Hemisphere,,1967,0.023411112,-0.015744137,0.06495103
Southern Hemisphere,,1968,0.06459078,0.032179948,0.10214386
Southern Hemisphere,,1969,0.3313576,0.3026606,0.36630043
Southern Hemisphere,,1970,0.20467211,0.17962861,0.23395419
Southern Hemisphere,,1971,0.08542503,0.061250277,0.11087994
Southern Hemisphere,,1972,0.38220853,0.35961443,0.40581602
Southern Hemisphere,,1973,0.3903051,0.3689872,0.41558802
Southern Hemisphere,,1974,0.2183467,0.19602753,0.24098386
Southern Hemisphere,,1975,0.2059547,0.18005078,0.22898628
Southern Hemisphere,,1976,0.23793453,0.21330127,0.2602981
Southern Hemisphere,,1977,0.43945602,0.41672778,0.46006912
Southern Hemisphere,,1978,0.3401287,0.3168918,0.36100346
Southern Hemisphere,,1979,0.47751004,0.45419294,0.4959186
Southern Hemisphere,,1980,0.46524203,0.4402713,0.48281953
Southern Hemisphere,,1981,0.41280952,0.3872337,0.43023095
Southern Hemisphere,,1982,0.4071026,0.38129804,0.42427853
Southern Hemisphere,,1983,0.55495113,0.52965146,0.573823
Southern Hemisphere,,1984,0.43029344,0.40432838,0.44964793
Southern Hemisphere,,1985,0.4364877,0.41172537,0.45615003
Southern Hemisphere,,1986,0.42288178,0.3979276,0.44341487
Southern Hemisphere,,1987,0.57721263,0.55262804,0.5987451
Southern Hemisphere,,1988,0.5267149,0.5020402,0.5479879
Southern Hemisphere,,1989,0.46649012,0.4407912,0.4884973
Southern Hemisphere,,1990,0.54445714,0.5191096,0.5681891
Southern Hemisphere,,1991,0.5557812,0.5296023,0.5791986
Southern Hemisphere,,1992,0.48445895,0.4575112,0.5070658
Southern Hemisphere,,1993,0.53113556,0.5033115,0.5545329
Southern Hemisphere,,1994,0.4819526,0.45366803,0.5055015
Southern Hemisphere,,1995,0.5262062,0.49613354,0.5491172
Southern Hemisphere,,1996,0.5307908,0.5004134,0.55203086
Southern Hemisphere,,1997,0.6781512,0.64705944,0.7014467
Southern Hemisphere,,1998,0.7790566,0.7475853,0.80162305
Southern Hemisphere,,1999,0.5461906,0.5159152,0.5690644
Southern Hemisphere,,2000,0.5304752,0.50086176,0.5549218
Southern Hemisphere,,2001,0.6531986,0.6243737,0.67765945
Southern Hemisphere,,2002,0.7058953,0.67734945,0.7292515
Southern Hemisphere,,2003,0.68415564,0.6563046,0.7067683
Southern Hemisphere,,2004,0.62933964,0.60100263,0.65102863
Southern Hemisphere,,2005,0.6457142,0.61823493,0.6669922
Southern Hemisphere,,2006,0.6399779,0.6131587,0.6602097
Southern Hemisphere,,2007,0.56785685,0.5405292,0.5886225
Southern Hemisphere,,2008,0.5425571,0.5156912,0.5639667
Southern Hemisphere,,2009,0.7443818,0.71722734,0.76575935
Southern Hemisphere,,2010,0.72378653,0.69640064,0.7450967
Southern Hemisphere,,2011,0.64396185,0.615925,0.6651237
Southern Hemisphere,,2012,0.6771083,0.64841,0.69913137
Southern Hemisphere,,2013,0.69091105,0.6623011,0.7141187
Southern Hemisphere,,2014,0.744273,0.71652997,0.7658117
Southern Hemisphere,,2015,0.8576407,0.8302305,0.8776115
Southern Hemisphere,,2016,0.9031376,0.87542254,0.9223181
Southern Hemisphere,,2017,0.82218045,0.7942318,0.8410148
Southern Hemisphere,,2018,0.7983358,0.77018994,0.8168778
Southern Hemisphere,,2019,0.852925,0.8249706,0.8716748
Southern Hemisphere,,2020,0.7807601,0.75279987,0.7990321
Southern Hemisphere,,2021,0.7710685,0.74329346,0.7887453
Southern Hemisphere,,2022,0.8334673,0.80429244,0.8522461
Southern Hemisphere,,2023,1.0746428,1.0449929,1.094232
Southern Hemisphere,,2024,1.0655546,1.0361369,1.0857905
Southern Hemisphere,,2025,1.1085842,1.0765609,1.1277047
World,OWID_WRL,1850,-0.034503657,-0.10136091,0.013700676
World,OWID_WRL,1851,0.08124326,0.01697959,0.13086143
World,OWID_WRL,1852,0.08943868,0.029730512,0.13769826
World,OWID_WRL,1853,0.061728094,0.009358846,0.10752268
World,OWID_WRL,1854,0.00241076,-0.048586406,0.046858594
World,OWID_WRL,1855,0.030008424,-0.018949242,0.07484851
World,OWID_WRL,1856,-0.033834156,-0.08079165,0.0093342615
World,OWID_WRL,1857,-0.15662307,-0.20044532,-0.11625707
World,OWID_WRL,1858,-0.13255791,-0.17297123,-0.09072049
World,OWID_WRL,1859,-0.00857974,-0.047929905,0.031634677
World,OWID_WRL,1860,0.03283701,-0.003145405,0.0711986
World,OWID_WRL,1861,-0.094503656,-0.12947349,-0.055685494
World,OWID_WRL,1862,-0.12824616,-0.16037375,-0.09058157
World,OWID_WRL,1863,-0.05919982,-0.09154299,-0.021547653
World,OWID_WRL,1864,-0.09956474,-0.13005891,-0.062160823
World,OWID_WRL,1865,0.05590268,0.026158595,0.09178251
World,OWID_WRL,1866,0.061882347,0.030706678,0.099490926
World,OWID_WRL,1867,0.06338568,0.03560576,0.098531425
World,OWID_WRL,1868,0.052939925,0.025022177,0.08728534
World,OWID_WRL,1869,-0.015388404,-0.045331992,0.019104093
World,OWID_WRL,1870,0.04320518,0.014776509,0.07802184
World,OWID_WRL,1871,0.037724346,0.010097429,0.06899643
World,OWID_WRL,1872,0.024494682,-0.0024924057,0.057771176
World,OWID_WRL,1873,-0.026064742,-0.053384818,0.004131007
World,OWID_WRL,1874,-0.123903655,-0.15059933,-0.093193576
World,OWID_WRL,1875,0.027726179,-0.002969657,0.06317076
World,OWID_WRL,1876,-0.07740524,-0.10818224,-0.042973913
World,OWID_WRL,1877,0.24258001,0.21043818,0.2762032
World,OWID_WRL,1878,0.2628695,0.23253968,0.29988417
World,OWID_WRL,1879,0.070097424,0.036237925,0.10597284
World,OWID_WRL,1880,0.06493918,0.027818926,0.09992984
World,OWID_WRL,1881,0.115919344,0.078749344,0.15402909
World,OWID_WRL,1882,0.052965846,0.010006845,0.09135034
World,OWID_WRL,1883,0.020279346,-0.018762907,0.05587576
World,OWID_WRL,1884,-0.08679699,-0.1276255,-0.050432153
World,OWID_WRL,1885,-0.071830325,-0.11313499,-0.033109248
World,OWID_WRL,1886,-0.08561532,-0.12955865,-0.04556241
World,OWID_WRL,1887,-0.15478407,-0.20414041,-0.11463266
World,OWID_WRL,1888,0.01638001,-0.03236599,0.054440424
World,OWID_WRL,1889,0.10028084,0.051463842,0.14237992
World,OWID_WRL,1890,-0.16932708,-0.22212158,-0.12547141
World,OWID_WRL,1891,-0.01031124,-0.06376507,0.03351051
World,OWID_WRL,1892,-0.15132682,-0.20665866,-0.10685732
World,OWID_WRL,1893,-0.1462339,-0.20596308,-0.09974107
World,OWID_WRL,1894,-0.17032208,-0.23070507,-0.12739599
World,OWID_WRL,1895,-0.08120958,-0.14536741,-0.029306738
World,OWID_WRL,1896,0.112652756,0.04779401,0.16606143
World,OWID_WRL,1897,0.06742134,0.0016275074,0.11793776
World,OWID_WRL,1898,-0.16709124,-0.23731907,-0.112194985
World,OWID_WRL,1899,-0.044151824,-0.11571532,0.011188259
World,OWID_WRL,1900,0.03554184,-0.036667652,0.09163526
World,OWID_WRL,1901,-0.0914824,-0.1663659,-0.03406757
World,OWID_WRL,1902,-0.17981783,-0.259102,-0.11869024
World,OWID_WRL,1903,-0.30093825,-0.38328776,-0.2388094
World,OWID_WRL,1904,-0.33072698,-0.41337815,-0.26456508
World,OWID_WRL,1905,-0.16349982,-0.24785599,-0.10296065
World,OWID_WRL,1906,-0.11152699,-0.20106967,-0.041995905
World,OWID_WRL,1907,-0.2015409,-0.265797,-0.13059366
World,OWID_WRL,1908,-0.3065575,-0.35381123,-0.23382816
World,OWID_WRL,1909,-0.32602924,-0.36287108,-0.25682223
World,OWID_WRL,1910,-0.32285315,-0.36686775,-0.266545
World,OWID_WRL,1911,-0.32404315,-0.3720995,-0.26677293
World,OWID_WRL,1912,-0.1876764,-0.23768249,-0.127649
World,OWID_WRL,1913,-0.2220059,-0.27381548,-0.16539033
World,OWID_WRL,1914,-0.07668632,-0.12811607,-0.0066463207
World,OWID_WRL,1915,0.03616793,-0.018288074,0.10987776
World,OWID_WRL,1916,-0.15249166,-0.20911083,-0.080725156
World,OWID_WRL,1917,-0.1976524,-0.25341523,-0.124780245
World,OWID_WRL,1918,-0.15158783,-0.20981725,-0.07233199
World,OWID_WRL,1919,-0.1071389,-0.16634566,-0.021368073
World,OWID_WRL,1920,-0.025858823,-0.085223906,0.055460926
World,OWID_WRL,1921,-0.00061382697,-0.05859641,0.09213109
World,OWID_WRL,1922,-0.082444824,-0.13929416,0.006017178
World,OWID_WRL,1923,-0.05747799,-0.11709532,0.03345218
World,OWID_WRL,1924,-0.051506076,-0.11018391,0.044543013
World,OWID_WRL,1925,-0.008540409,-0.06723424,0.07853076
World,OWID_WRL,1926,0.11666451,0.056202594,0.20760825
World,OWID_WRL,1927,0.043085676,-0.017203657,0.14045867
World,OWID_WRL,1928,0.010753176,-0.050276075,0.11063084
World,OWID_WRL,1929,-0.058503658,-0.121447824,0.038276173
World,OWID_WRL,1930,0.09491634,0.03198743,0.1988096
World,OWID_WRL,1931,0.14996593,0.08389468,0.24660034
World,OWID_WRL,1932,0.06688959,0.0034280124,0.17197151
World,OWID_WRL,1933,-0.005426825,-0.0651594,0.08943843
World,OWID_WRL,1934,0.05050276,-0.008428907,0.14232226
World,OWID_WRL,1935,0.04515993,-0.012288071,0.14879134
World,OWID_WRL,1936,0.08466909,0.02544676,0.16880943
World,OWID_WRL,1937,0.22487059,0.16485326,0.3168026
World,OWID_WRL,1938,0.144773,0.08630551,0.23535068
World,OWID_WRL,1939,0.15666135,0.09180442,0.25070152
World,OWID_WRL,1940,0.2455971,0.16577518,0.34578252
World,OWID_WRL,1941,0.25580752,0.03135884,0.4748235
World,OWID_WRL,1942,0.29968867,0.06921409,0.5144012
World,OWID_WRL,1943,0.29528785,0.06386601,0.50980604
World,OWID_WRL,1944,0.44925952,0.22063659,0.664591
World,OWID_WRL,1945,0.44637585,0.21538326,0.6598263
World,OWID_WRL,1946,0.17005442,0.021833507,0.30987436
World,OWID_WRL,1947,0.10835776,-0.046724156,0.23498559
World,OWID_WRL,1948,0.12212084,-0.02798966,0.25143185
World,OWID_WRL,1949,0.1366971,0.012704011,0.24641968
World,OWID_WRL,1950,0.11909101,0.016940592,0.22424643
World,OWID_WRL,1951,0.22120292,0.1430976,0.3232931
World,OWID_WRL,1952,0.3163541,0.24882792,0.42307958
World,OWID_WRL,1953,0.33070284,0.26298094,0.4256307
World,OWID_WRL,1954,0.14432192,0.075055346,0.2321086
World,OWID_WRL,1955,0.06934309,0.00027392336,0.14859992
World,OWID_WRL,1956,0.056224342,-0.013829825,0.1339176
World,OWID_WRL,1957,0.260874,0.19557884,0.32656425
World,OWID_WRL,1958,0.28372392,0.21836467,0.35430485
World,OWID_WRL,1959,0.22697742,0.17123967,0.30188042
World,OWID_WRL,1960,0.18537384,0.13278718,0.2465836
World,OWID_WRL,1961,0.23600902,0.19134127,0.2972161
World,OWID_WRL,1962,0.18116626,0.13999993,0.23032193
World,OWID_WRL,1963,0.22832018,0.18604676,0.28655252
World,OWID_WRL,1964,0.020213094,-0.022393074,0.076828845
World,OWID_WRL,1965,0.056180343,0.013531843,0.110218845
World,OWID_WRL,1966,0.16683775,0.12429801,0.2162615
World,OWID_WRL,1967,0.106827006,0.06855492,0.15119234
World,OWID_WRL,1968,0.10851626,0.08043284,0.14285143
World,OWID_WRL,1969,0.27354285,0.2487226,0.3033994
World,OWID_WRL,1970,0.16417918,0.14307834,0.18752785
World,OWID_WRL,1971,0.0055907606,-0.015449241,0.026893007
World,OWID_WRL,1972,0.24142584,0.22150584,0.26182243
World,OWID_WRL,1973,0.27251166,0.25267777,0.29496026
World,OWID_WRL,1974,0.11628034,0.09393093,0.13567425
World,OWID_WRL,1975,0.10943234,0.0851571,0.13026817
World,OWID_WRL,1976,0.13030376,0.10659384,0.15062234
World,OWID_WRL,1977,0.33987483,0.31864277,0.3592134
World,OWID_WRL,1978,0.28211394,0.2592016,0.3019746
World,OWID_WRL,1979,0.39976934,0.37500635,0.41796485
World,OWID_WRL,1980,0.3948601,0.3707007,0.41087267
World,OWID_WRL,1981,0.3691694,0.34332567,0.38413435
World,OWID_WRL,1982,0.35132918,0.32682177,0.36745718
World,OWID_WRL,1983,0.44646433,0.42305675,0.46404475
World,OWID_WRL,1984,0.31433776,0.29048377,0.3322285
World,OWID_WRL,1985,0.29805127,0.2744215,0.31745875
World,OWID_WRL,1986,0.32733142,0.30397725,0.34770027
World,OWID_WRL,1987,0.48364744,0.46047375,0.5052183
World,OWID_WRL,1988,0.45826784,0.43605983,0.47929668
World,OWID_WRL,1989,0.41577893,0.39234418,0.43693691
World,OWID_WRL,1990,0.5415352,0.5180641,0.56220543
World,OWID_WRL,1991,0.5214536,0.4969241,0.5411993
World,OWID_WRL,1992,0.42343467,0.39871368,0.44316658
World,OWID_WRL,1993,0.45326218,0.42878917,0.4730506
World,OWID_WRL,1994,0.49292,0.46808627,0.51400757
World,OWID_WRL,1995,0.5490423,0.52275765,0.56982595
World,OWID_WRL,1996,0.48797026,0.4615099,0.5084196
World,OWID_WRL,1997,0.6699001,0.64306307,0.6902786
World,OWID_WRL,1998,0.7591193,0.7322164,0.779952
World,OWID_WRL,1999,0.52381474,0.49700317,0.54434884
World,OWID_WRL,2000,0.5289593,0.5021878,0.5495757
World,OWID_WRL,2001,0.63978726,0.6136907,0.6615028
World,OWID_WRL,2002,0.68141156,0.654396,0.70266676
World,OWID_WRL,2003,0.70741326,0.68123186,0.7288362
World,OWID_WRL,2004,0.6860904,0.65988386,0.7072368
World,OWID_WRL,2005,0.6972486,0.6717061,0.718521
World,OWID_WRL,2006,0.67389554,0.6482351,0.6940935
World,OWID_WRL,2007,0.60861236,0.5824706,0.6287653
World,OWID_WRL,2008,0.5819749,0.5564718,0.6026234
World,OWID_WRL,2009,0.7316098,0.70636165,0.75221175
World,OWID_WRL,2010,0.7358557,0.7111206,0.7559291
World,OWID_WRL,2011,0.6291265,0.6040495,0.64986837
World,OWID_WRL,2012,0.6997224,0.67381084,0.72070426
World,OWID_WRL,2013,0.7255552,0.6994615,0.7471575
World,OWID_WRL,2014,0.8273498,0.80145234,0.8481195
World,OWID_WRL,2015,0.9532227,0.9282383,0.97319984
World,OWID_WRL,2016,0.9720018,0.9466275,0.9912241
World,OWID_WRL,2017,0.8951988,0.8697495,0.91456467
World,OWID_WRL,2018,0.85865796,0.833183,0.877632
World,OWID_WRL,2019,0.9508285,0.9246565,0.9696474
World,OWID_WRL,2020,0.9463409,0.9200142,0.9649459
World,OWID_WRL,2021,0.87135327,0.8448192,0.88930327
World,OWID_WRL,2022,0.9250327,0.89738315,0.94295985
World,OWID_WRL,2023,1.1726915,1.1447836,1.1912228
World,OWID_WRL,2024,1.1952589,1.167593,1.2146014
World,OWID_WRL,2025,1.0913708,1.061797,1.109387