study,burn,sites,Project_site,Lat.N.,Lon.W.,BS.dens.pre,BS.ba.pre,TA.den.pre,TA.ba.pre,PB.dens.pre,PB.ba.pre,bs.biomass.pre,ta.biomass.pre,pb.biomass.pre,decid.dens.pre,decid.ba.pre,decid.bio.pre,rel.decid.dens.pre,rel.decid.ba.pre,rel.decid.bio.pre,DI.pre,class.pre,BS.dens.post,TA.dens.post,PB.dens.post,decid.dens.post,bs.bio.post,ta.bio.post,pb.bio.post,decid.bio.post,rel.decid.dens.post,rel.decid.bio.post,DI.post,class.post
DiVA,Applegate,1162,DiVA_1162,65.15733,-150.17776,0.666667,3.658,0.216666667,12.4010375,0.133333333,40.33578583,1082.231263,3697.701096,991.4664974,0.35,52.73682333,4689.167594,0.344262182,0.93513589,0.812483717,57.83729494,Mixed,0,5.666666667,0,5.666666667,0,801.2463374,0,801.2463374,1,1,100,Decid
DiVA,Applegate,1913,DiVA_1913,65.15151696,-150.221337,1.333333,3.907,0.033333333,7.164040833,0.1,30.20863167,1215.385869,2537.064888,362.5826377,0.133333333,37.3726725,2899.647526,0.090909111,0.905352931,0.704647386,39.77782488,Mixed,0.666666667,3.666666667,0.5,4.166666667,0.162102466,692.9713926,0.993288114,693.9646808,0.862068965,0.999766466,93.09177155,Decid
DiVA,Applegate,2232,DiVA_2232,65.158239,-150.174353,0,0,0.15,24.0151125,0.033333333,2.529008333,0,8185.269347,0,0.183333333,26.54412083,8185.269347,1,1,1,100,Decid,0,6.5,0.166666667,6.666666667,0,808.5911323,0.000943374,808.5920756,1,1,100,Decid
DiVA,Applegate,2957,DiVA_2957,65.160728,-150.180116,0.833333,3.302,0,0,0.233333333,37.0272725,1002.682751,0,1195.199166,0.233333333,37.0272725,1195.199166,0.218750068,0.918123988,0.543795896,38.1272982,Mixed,0,2.333333333,2.333333333,4.666666667,0,143.0895573,156.935177,300.0247343,1,1,100,Decid
DiVA,Applegate,4362,DiVA_4362,65.15998696,-150.174977,1.666667,26.003,0.066666667,10.11773417,0.033333333,6.318203333,7076.078469,3424.626117,820.0960262,0.1,16.4359375,4244.722144,0.056603763,0.387284378,0.374948936,21.57763494,Spruce,2.166666667,4.666666667,2.5,7.166666667,1.089359193,154.9436651,53.1334275,208.0770926,0.767857143,0.994791903,88.13245229,Decid
DiVA,Applegate,4409,DiVA_4409,65.15585099,-150.21766,4.166667,4.253,0.166666667,16.18853167,0,0,1439.48124,5170.604303,0,0.166666667,16.18853167,5170.604303,0.038461536,0.791943184,0.78222956,41.03455475,Mixed,0.166666667,10.83333333,0,10.83333333,0.007286899,464.986893,0,464.986893,0.984848485,0.999984329,99.24164069,Decid
DiVA,Applegate,4928,DiVA_4928,65.15358503,-150.219429,2,11.173,0,0,0.083333333,21.76163917,3300.81944,0,632.5499912,0.083333333,21.76163917,632.5499912,0.04,0.660752318,0.160816318,10.04081592,Spruce,1.166666667,0,0.5,0.5,1.056764951,0,3.124728606,3.124728606,0.3,0.747275719,52.36378597,Mixed
DiVA,Eagle Trail,26,DiVA_26,63.367422,-143.485766,3.666667,14.809,0,0,0.016666667,0.879723333,4490.022796,0,87.25913769,0.016666667,0.879723333,87.25913769,0.004524887,0.056073609,0.019063527,1.179420677,Spruce,1,1,4.5,5.5,3.03996147,0.437020691,25.51892659,25.95594728,0.846153846,0.895158952,87.06563989,Decid
DiVA,Eagle Trail,51,DiVA_51,63.37057703,-143.469121,0.666667,6.185,0,0,0.1,10.5649225,1754.560703,0,1356.779369,0.1,10.5649225,1356.779369,0.130434726,0.63074456,0.436075562,28.32551438,Spruce,0,0,3.333333333,3.333333333,0,0,93.37943648,93.37943648,1,1,100,Decid
DiVA,Eagle Trail,54,DiVA_54,63.36437199,-143.473378,6.5,2.958,0,0,0.033333333,0.079808333,1068.00808,0,14.32804309,0.033333333,0.079808333,14.32804309,0.005102041,0.026271682,0.013238072,0.917005618,Spruce,5.333333333,0,1.5,1.5,12.42966742,0,1.745157515,1.745157515,0.219512195,0.123116689,17.13144421,Spruce
DiVA,Eagle Trail,58,DiVA_58,63.36470501,-143.400547,2,12.558,0,0,0.05,17.57287917,3675.465867,0,433.8660168,0.05,17.57287917,433.8660168,0.024390244,0.583218268,0.105580671,6.498545734,Spruce,3,0,0.333333333,0.333333333,3.196904435,0,0,0,0.1,0,4.999999996,Spruce
DiVA,Eagle Trail,150,DiVA_150,63.36929896,-143.411008,1.833333,7.086,0.066666667,21.27807917,0,0,2156.013712,7932.913347,0,0.066666667,21.27807917,7932.913347,0.035087726,0.750176977,0.786299009,41.06933673,Mixed,0.833333333,3.5,1,4.5,0,134.3055008,0,134.3055008,0.84375,1,92.1875,Decid
DiVA,Parks Hwy,7000,DiVA_7000,64.536613,-149.074289,0,0,0,0,0.233333333,16.52582,0,0,0,0.233333333,16.52582,0,1,1,1,100,Decid,0,0,3.666666667,3.666666667,0,0,7.377171446,7.377171446,1,1,100,Decid
DiVA,Parks Hwy,7003,DiVA_7003,64.52741797,-149.074321,0.333333,1.305,0.083333333,14.55952583,0.266666667,22.76408417,396.6569695,5019.114987,1347.249806,0.35,37.32361,6366.364794,0.512195372,0.96621675,0.941349151,72.67722613,Decid,0,6,3.666666667,9.666666667,0,376.3401362,76.98797339,453.3281096,1,1,100,Decid
DiVA,Parks Hwy,7008,DiVA_7008,64.48474696,-149.075914,1,1.933,0.233333333,23.89801667,0,0,621.6650609,7685.800926,0,0.233333333,23.89801667,7685.800926,0.189189189,0.925167483,0.925167908,55.71785484,Mixed,0,2,1.833333333,3.833333333,0,854.6571004,40.04833616,894.7054366,1,1,100,Decid
DiVA,Parks Hwy,7010,DiVA_7010,64.41019001,-149.023639,2,11.722,0,0,0.083333333,15.25869917,3449.746107,0,668.262976,0.083333333,15.25869917,668.262976,0.04,0.565541281,0.16227817,10.11390847,Spruce,1,0,6,6,4.344738896,0,234.3159558,234.3159558,0.857142857,0.981795331,91.94690942,Decid
DiVA,Parks Hwy,7131,DiVA_7131,64.49180603,-149.06978,1.166667,1.848,0,0,0.05,2.437326833,603.8717547,0,89.63767171,0.05,2.437326833,89.63767171,0.041095879,0.568761014,0.129252276,8.517407752,Spruce,1.833333333,0,0.666666667,0.666666667,3.4359398,0,3.409880115,3.409880115,0.266666667,0.498096672,38.23816693,Mixed
DiVA,Parks Hwy,7144,DiVA_7144,64.50960098,-149.080945,0.5,5.309,0,0,0.05,4.982525833,1489.884018,0,791.7534184,0.05,4.982525833,791.7534184,0.090909091,0.48413869,0.347011057,21.89600739,Spruce,0.166666667,0,1.833333333,1.833333333,1.826868496,0,44.31879343,44.31879343,0.916666667,0.960410829,93.85387478,Decid
DiVA,Parks Hwy,7202,DiVA_7202,64.48293001,-149.073394,5.166667,14.447,0,0,0.033333333,0.616094167,4511.02725,0,114.5510867,0.033333333,0.616094167,114.5510867,0.006410256,0.040900904,0.024764706,1.558748088,Spruce,2.833333333,0.166666667,4.5,4.666666667,10.1015841,0.165395357,5.889020649,6.054416005,0.622222222,0.374747213,49.84847174,Mixed
DiVA,Parks Hwy,7311,DiVA_7311,64.41197402,-149.034079,5.333333,16.656,0,0,0.133333333,6.3989275,5154.9933,0,520.0255904,0.133333333,6.3989275,520.0255904,0.024390245,0.277551404,0.09163416,5.801220279,Spruce,4,0.166666667,5.333333333,5.5,7.008823622,0.195782552,17.45374819,17.64953074,0.578947368,0.715762718,64.73550432,Mixed
DiVA,Parks Hwy,7374,DiVA_7374,64.53093099,-149.046902,0.166667,1.916,0,0,0.183333333,24.32414083,534.287468,0,3179.563489,0.183333333,24.32414083,3179.563489,0.523809024,0.926982099,0.856136535,68.99727796,Decid,0.166666667,2.5,2,4.5,0.113156276,311.189144,137.4550363,448.6441802,0.964285714,0.999747845,98.20167798,Decid
DiVA,Parks Hwy,7392,DiVA_7392,64.50606097,-149.078141,1.833333,8.736,0,0,0.15,14.39663833,2613.906674,0,949.0386288,0.15,14.39663833,949.0386288,0.075630265,0.622351767,0.266363513,17.09968891,Spruce,3.166666667,0,8.5,8.5,6.893340723,0,123.378259,123.378259,0.728571429,0.947084854,83.78281413,Decid
DiVA,Parks Hwy,7430,DiVA_7430,64.47004099,-149.054123,2.5,7.293,0,0,0.116666667,5.0157575,2269.509845,0,420.856581,0.116666667,5.0157575,420.856581,0.044585987,0.407495029,0.156430952,10.05084696,Spruce,7.833333333,0.833333333,10.5,11.33333333,41.47481338,2.806932125,131.7589069,134.565839,0.591304348,0.76440207,67.78532087,Decid
DiVA,Parks Hwy,7454,DiVA_7454,64.48747502,-149.074979,2.666667,3.911,0,0,0.116666667,6.730328333,1285.894822,0,191.5063182,0.116666667,6.730328333,191.5063182,0.041916163,0.632470696,0.129623779,8.576997064,Spruce,3.333333333,0,2.166666667,2.166666667,2.914513497,0,2.517485629,2.517485629,0.393939394,0.463454719,42.86970565,Mixed
DiVA,Rex Creek,1858,DiVA_1858,64.22418804,-149.307978,2,3.8,0.316666667,19.63428917,0,0,1223.788767,5915.698927,0,0.316666667,19.63428917,5915.698927,0.136690648,0.837844452,0.828588714,48.26396808,Mixed,0.166666667,1.833333333,0,1.833333333,0.044564868,504.6483468,0,504.6483468,0.916666667,0.999911699,95.82891828,Decid
DiVA,Rex Creek,2019,DiVA_2019,64.21528604,-149.3074,1.666667,1.347,0.283333333,23.9067825,0,0,464.5037761,7497.343208,0,0.283333333,23.9067825,7497.343208,0.14529912,0.946661456,0.941658791,54.34789558,Mixed,0.166666667,2.833333333,0,2.833333333,3.331851389,193.0598671,0,193.0598671,0.944444444,0.983034665,96.37395544,Decid
DiVA,Rex Creek,2025,DiVA_2025,64.22036204,-149.311824,4.333333,3.638,0.2,27.06209,0,0,1250.72721,9024.260427,0,0.2,27.06209,9024.260427,0.04411765,0.881498719,0.878274578,46.1196114,Mixed,0.166666667,4.5,0,4.5,0.224573791,1524.714213,0,1524.714213,0.964285714,0.999852733,98.20692234,Decid
DiVA,Rex Creek,2568,DiVA_2568,64.22115203,-149.307222,1.5,0.589,0.25,26.30953667,0,0,215.1872452,8491.275399,0,0.25,26.30953667,8491.275399,0.142857143,0.978102898,0.975284194,55.90706682,Mixed,0.666666667,3.833333333,0,3.833333333,20.14086762,922.2482133,0,922.2482133,0.851851852,0.978627864,91.52398579,Decid
DiVA,Rex Creek,3160,DiVA_3160,64.22985898,-149.31151,4.666667,18.727,0.016666667,2.94375,0.083333333,1.982255833,5680.864786,1016.236801,433.0949111,0.1,4.926005833,1449.331712,0.02097902,0.208261304,0.203266728,11.21228737,Spruce,0,0.166666667,1.666666667,1.833333333,0,0.199009558,4.359163367,4.558172926,1,1,100,Decid
DiVA,Rex Creek,3583,DiVA_3583,64.22837497,-149.31177,4.833333,21.109,0.1,2.366513333,0.083333333,2.057354167,6360.234649,629.1009366,477.1695901,0.183333333,4.4238675,1106.270527,0.036544853,0.173261679,0.148164436,9.235464433,Spruce,3.833333333,2.166666667,9,11.16666667,28.36385157,282.4558633,19.27622321,301.7320865,0.744444445,0.914073915,82.92591799,Decid
DiVA,Rex Creek,4518,DiVA_4518,64.23076004,-149.311289,2.666667,11.277,0.05,4.115231667,0.183333333,6.159371667,3406.581243,1286.401855,1011.742166,0.233333333,10.27460333,2298.144021,0.080459761,0.476744267,0.402849202,24.16544814,Spruce,0.166666667,0.5,0.833333333,1.333333333,0.02373386,2.852214213,80.72768151,83.57989573,0.888888889,0.999716114,94.43025016,Decid
DiVA,Rex Creek,4897,DiVA_4897,64.22591999,-149.309909,3.333333,6.785,0.033333333,5.696090833,0,0,2173.098009,1957.964799,0,0.033333333,5.696090833,1957.964799,0.009900991,0.456377644,0.473961518,24.19312544,Spruce,0.166666667,0.666666667,0,0.666666667,0.113156276,58.54800072,0,58.54800072,0.8,0.998071019,89.90355092,Decid
DiVA,Skinny's,3,DiVA_3,64.7185,-148.61897,0.666667,0.398,0.033333333,1.064721667,0.283333333,19.0240825,140.6139139,294.292883,166.1839427,0.316666666,20.08880417,460.4768257,0.322033789,0.980572861,0.76606874,54.40512645,Mixed,0.166666667,0.5,10,10.5,0.007286899,11.11051716,7.195604141,18.3061213,0.984375,0.9996021,99.19885502,Decid
DiVA,Skinny's,53,DiVA_53,64.71461,-148.59767,0,0,0,0,0.05,5.796701667,0,0,0,0.05,5.796701667,0,1,1,1,100,Decid,0.333333333,1.333333333,1,2.333333333,0,150.3535397,66.61623115,216.9697709,0.875,1,93.75,Decid
DiVA,Skinny's,77,DiVA_77,64.72306299,-148.602716,0,0,0,0,0.116666667,28.11372833,0,0,0,0.116666667,28.11372833,0,1,1,1,100,Decid,1.5,0,23,23,1.001861308,0,1377.745722,1377.745722,0.93877551,0.999273354,96.90244321,Decid
DiVA,Skinny's,702,DiVA_702,64.71682,-148.60556,0.666667,5.442,0,0,0.15,22.8949175,1559.673614,0,1757.761932,0.15,22.8949175,1757.761932,0.183673394,0.807953706,0.529855639,35.67645168,Mixed,0.166666667,0,0.666666667,0.666666667,0.014050311,0,1.030857517,1.030857517,0.8,0.98655354,89.32767701,Decid
DiVA,Skinny's,715,DiVA_715,64.71438504,-148.620859,9.333333,8.147,0,0,0.166666667,14.85691,2792.183741,0,151.0254267,0.166666667,14.85691,151.0254267,0.01754386,0.645842815,0.051313182,3.442852098,Spruce,1.666666667,0.166666667,17.16666667,17.33333333,0.994190681,0.003274804,63.67090089,63.6741757,0.912280702,0.984626321,94.84535116,Decid
DiVA,Skinny's,749,DiVA_749,64.71507,-148.61737,0.333333,8.776,0,0,0.166666667,30.77213083,2290.267995,0,7464.981492,0.166666667,30.77213083,7464.981492,0.333333556,0.778093179,0.765227122,54.92803391,Mixed,0,0,0.833333333,0.833333333,0,0,0.139281047,0.139281047,1,1,100,Decid
DiVA,Skinny's,1589,DiVA_1589,64.7128,-148.62047,0.833333,1.063,0,0,0.183333333,26.59449167,353.4266089,0,256.4990581,0.183333333,26.59449167,256.4990581,0.180327928,0.961565567,0.420541505,30.04347165,Spruce,0.333333333,1.5,9.666666667,11.16666667,0,254.9683408,12.04054553,267.0088864,0.971014493,1,98.55072464,Decid
DiVA,Skinny's,3201,DiVA_3201,64.71527302,-148.617209,0.666667,0.518,0,0,0.266666667,30.72149833,179.1922611,0,211.4957175,0.266666667,30.72149833,211.4957175,0.285714184,0.983418428,0.541341759,41.35279714,Mixed,0.166666667,0,2.333333333,2.333333333,0.02373386,0,24.33325318,24.33325318,0.933333333,0.999025583,96.61794581,Decid
DiVA,Skinny's,3497,DiVA_3497,64.71767,-148.60283,1.833333,15.023,0,0,0.1,12.1655375,4304.260982,0,1176.998905,0.1,12.1655375,1176.998905,0.051724147,0.447450971,0.214731454,13.32278004,Spruce,0,0,1.166666667,1.166666667,0,0,0.407238163,0.407238163,1,1,100,Decid
DiVA,Skinny's,4590,DiVA_4590,64.71815002,-148.605107,0.166667,2.077,0,0,0.083333333,35.12220833,575.4567653,0,1585.136824,0.083333333,35.12220833,1585.136824,0.333332888,0.944165478,0.733658024,53.34954562,Mixed,0,0,1.666666667,1.666666667,0,0,1.802534779,1.802534779,1,1,100,Decid
JFSP,BF,58,BF58,65.28902,-146.55051,0.266666667,10.20572553,0,0,0.016666667,0.837758041,2584.860001,0,1145.62329,0.016666667,0.837758041,1145.62329,0.05882353,0.075859944,0.307097821,18.29606757,Spruce,0.7,0.3,0.5,0.8,6.7,NA,NA,84.85,0.533333333,0.926815948,73.00746405,Decid
JFSP,BF,59,BF59,65.28984,-146.54884,0.583333333,12.39292852,0,0,0,0,3290.156276,0,0,0,0,0,0,0,0,0,Spruce,2.1,0.6,0.2,0.8,18.33,NA,NA,1.68,0.275862069,0.083958021,17.9910045,Spruce
JFSP,BF,60,BF60,65.28783,-146.54785,0.144444444,3.482542723,0,0,0.011111111,0.572555261,915.2588943,0,449.9585292,0.011111111,0.572555261,449.9585292,0.071428571,0.14119394,0.32958745,20.05080105,Spruce,0.6,0,0,0,1.62,NA,NA,0,0,0,0,Spruce
JFSP,BF,61,BF61,65.34931,-146.66884,0.466666667,7.125590287,0,0,0,0,1942.400924,0,0,0,0,0,0,0,0,0,Spruce,0.6,0.1,0,0.1,13.27,NA,NA,13.28,0.142857143,0.500188324,32.15227334,Spruce
JFSP,BF,62,BF62,65.35094,-146.67092,0.325,6.679025982,0,0,0,0,1777.910542,0,0,0,0,0,0,0,0,0,Spruce,0.2,0,0,0,13.13,NA,NA,0,0,0,0,Spruce
JFSP,BF,63,BF63,65.35313,-146.67368,0.433333333,10.67853523,0,0,0,0,2801.558346,0,0,0,0,0,0,0,0,0,Spruce,0.2,0,0,0,3.8,NA,NA,0,0,0,0,Spruce
JFSP,BF,64,BF64,65.29941,-146.72077,0.188888889,15.46073738,0,0,0,0,3684.77907,0,0,0,0,0,0,0,0,0,Spruce,0,0.4,0.6,1,0,NA,NA,143.45,1,1,100,Decid
JFSP,BF,65,BF65,65.29727,-146.72076,0.55,8.82224667,0,0,0.016666667,0.169646003,2395.438525,0,423.2750659,0.016666667,0.169646003,423.2750659,0.029411765,0.018866551,0.150166043,8.978890408,Spruce,0.4,0.3,0.1,0.4,4.91,NA,NA,4.55,0.5,0.480972516,49.04862579,Mixed
JFSP,BF,66,BF66,65.2962,-146.71674,0.1,4.376762165,0,0,0.044444444,0.046163959,1096.689955,0,3562.366759,0.044444444,0.046163959,3562.366759,0.307692306,0.010437425,0.76461116,53.61517328,Mixed,0.4,0.1,0.1,0.2,2.91,NA,NA,7.39,0.333333333,0.717475728,52.54045307,Mixed
JFSP,BF,67,BF67,65.289421,-146.72928,0.883333333,8.555211294,0,0,0,0,2418.60755,0,0,0,0,0,0,0,0,0,Spruce,0.3,0,0,0,0.31,NA,NA,0,0,0,0,Spruce
JFSP,BF,68,BF68,65.28237,-146.73661,0.3,4.926933579,0.016666667,1.181369737,0,0,1335.252578,362.1870133,0,0.016666667,1.181369737,362.1870133,0.05263158,0.193403909,0.21337255,13.30020648,Spruce,0.6,0.5,0,0.5,0.57,NA,NA,23.8,0.454545455,0.976610587,71.55780207,Decid
JFSP,BF,69,BF69,65.28306,-146.73943,0.55,9.507244768,0,0,0,0,2566.034376,0,0,0,0,0,0,0,0,0,Spruce,0,0.1,0,0.1,0,NA,NA,0.87,1,1,100,Decid
JFSP,BF,70,BF70,65.11976,-147.43454,0.766666667,9.749801901,0,0,0,0,2696.918415,0,0,0,0,0,0,0,0,0,Spruce,4.1,3.3,1.1,4.4,6.22,NA,NA,386.52,0.517647059,0.98416255,75.09048046,Decid
JFSP,BF,71,BF71,65.11955,-147.4299,0.966666667,6.350729549,0,0,0,0,1852.008699,0,0,0,0,0,0,0,0,0,Spruce,2.1,2.9,0.8,3.7,17.26,NA,NA,180.79,0.637931034,0.91285029,77.53906624,Decid
JFSP,BF,72,BF72,65.11641,-147.42867,0.65,9.505804871,0,0,0.016666667,0.81694499,2600.195522,0,380.7687314,0.016666667,0.81694499,380.7687314,0.025,0.079140249,0.127733411,7.636670563,Spruce,6.5,3.3,4.3,7.6,9.9,NA,NA,69.5,0.539007092,0.875314861,70.71609768,Decid
JFSP,BF,73,BF73,65.11811,-147.44866,0.966666667,6.889643589,0,0,0.016666667,0.088488193,1996.11845,0,167.2026668,0.016666667,0.088488193,167.2026668,0.016949153,0.012680786,0.077289805,4.711947883,Spruce,4.9,2.9,2.2,5.1,4.79,NA,NA,197.54,0.51,0.976325804,74.31629022,Decid
JFSP,BF,74,BF74,65.1168,-147.46776,0.366666667,3.070121421,0.166666667,9.844704179,0.033333333,0.349371283,878.1080854,2947.514106,402.1444568,0.2,10.19407546,3349.658563,0.352941176,0.768540723,0.792299775,57.26204755,Mixed,1.5,2.4,1.3,3.7,11.42,NA,NA,258.99,0.711538462,0.957767834,83.46531478,Decid
JFSP,BF,75,BF75,65.12273,-147.46527,0.383333333,13.43043949,0,0,0,0,3425.723345,0,0,0,0,0,0,0,0,0,Spruce,0.2,0.2,0.2,0.4,9.17,NA,NA,87.53,0.666666667,0.905170631,78.59186487,Decid
JFSP,BF,76,BF76,65.1234,-147.46541,0.091666667,2.187792034,0,0,0.008333333,0.121016767,575.4473877,0,333.5758307,0.008333333,0.121016767,333.5758307,0.08333333,0.05241524,0.366960738,22.51470338,Spruce,2.2,5.2,2.6,7.8,14,NA,NA,243.9,0.78,0.945715394,86.28576968,Decid
JFSP,BF,77,BF77,65.12968,-147.47365,1.866666667,6.558860063,0,0,0,0,2010.900544,0,0,0,0,0,0,0,0,0,Spruce,5.4,5.1,5,10.1,6.77,NA,NA,56.39,0.651612903,0.892811906,77.22124047,Decid
JFSP,BF,78,BF78,65.15298,-147.48117,0.516666667,3.765067896,0,0,0,0,1088.907469,0,0,0,0,0,0,0,0,0,Spruce,0.6,3.4,0.4,3.8,7.24,NA,NA,18.26,0.863636364,0.716078431,78.98573975,Decid
JFSP,BF,79,BF79,65.15089,-147.47616,0.95,8.412596078,0,0,0,0,2395.392451,0,0,0,0,0,0,0,0,0,Spruce,11.2,16.8,5.6,22.4,25.81,NA,NA,42.83,0.666666667,0.623980186,64.53234266,Mixed
JFSP,BF,80,BF80,65.15125,-147.47287,0.7,5.840613442,0,0,0,0,1670.985894,0,0,0,0,0,0,0,0,0,Spruce,8.2,8.6,6.4,15,18.11,NA,NA,179.58,0.646551724,0.908391927,77.74718254,Decid
JFSP,BF,81,BF81,65.15033,-147.47324,0.766666667,3.165743647,0,0,0.008333333,0,958.1408684,0,44.74968215,0.008333333,0,44.74968215,0.010752688,0,0.044620704,2.768669574,Spruce,11.5,7.4,6.1,13.5,5.8,NA,NA,335.76,0.54,0.983019089,76.15095444,Decid
JFSP,BF,82,BF82,65.14843,-147.47171,0.483333333,10.94164361,0,0,0,0,2890.139818,0,0,0,0,0,0,0,0,0,Spruce,2.1,2,12.9,14.9,3.09,NA,NA,114.9,0.876470588,0.97381134,92.51409641,Decid
JFSP,BF,83,BF83,65.14805,-147.47091,0.15,14.26073625,0.05,0,0.033333333,4.188790205,3358.312041,0,6494.531188,0.083333333,4.188790205,6494.531188,0.357142856,0.227040527,0.659153002,50.81479289,Mixed,1.8,3.8,8.7,12.5,1.9,NA,NA,322.28,0.874125874,0.994139059,93.41324663,Decid
JFSP,BF,84,BF84,65.15299,-147.47819,0.6,3.708781027,0,0,0,0,1086.845849,0,0,0,0,0,0,0,0,0,Spruce,12.9,0.5,0.6,1.1,4.67,NA,NA,4.71,0.078571429,0.502132196,29.03518124,Spruce
JFSP,BF,85,BF85,65.14273,-147.46578,0.233333333,21.87477875,0.05,7.572547292,0.033333333,1.9671606,5157.146542,2562.445073,6391.191798,0.083333333,9.539707892,8953.636871,0.263157894,0.303672252,0.634524435,44.88411646,Mixed,1.1,2.4,1.7,4.1,4.38,NA,NA,253.85,0.788461538,0.983038377,88.57499576,Decid
JFSP,BF,86,BF86,65.1424,-147.4649,1.208333333,10.37962578,0,0,0.008333333,0,2962.683472,0,103.5246975,0.008333333,0,103.5246975,0.006849315,0,0.033763101,2.030620812,Spruce,16.3,9.1,16.1,25.2,9.58,NA,NA,29.43,0.607228916,0.754421943,68.08254294,Decid
JFSP,DC,30,DC30,66.31539,-150.40571,0.075,0.066666667,0,0,0,0,22.81519046,0,0,0,0,0,0,0,0,0,Spruce,0.6,2.7,0,2.7,26.01,NA,NA,364.49,0.818181818,0.933393086,87.5787452,Decid
JFSP,DC,31,DC31,66.31533,-150.39721,0.166666667,6.852402626,0,0,0,0,1725.62529,0,0,0,0,0,0,0,0,0,Spruce,0.4,0.6,0.1,0.7,0.26,NA,NA,2.01,0.636363636,0.885462555,76.09130957,Decid
JFSP,DC,32,DC32,66.28177,-150.35849,0.866666667,20.33186406,0,0,0,0,5355.183328,0,0,0,0,0,0,0,0,0,Spruce,6,0,0,0,0.23,NA,NA,0,0,0,0,Spruce
JFSP,DC,33,DC33,66.26538,-150.33509,1.966666667,22.1507153,0,0,0,0,6186.97483,0,0,0,0,0,0,0,0,0,Spruce,2.6,0,0,0,6.12,NA,NA,0,0,0,0,Spruce
JFSP,DC,34,DC34,66.20925,-150.27001,0.041666667,0.01282817,0,0,0,0,4.778788225,0,0,0,0,0,0,0,0,0,Spruce,0.6,0.2,0.3,0.5,2.15,NA,NA,12.77,0.454545455,0.855898123,65.52217889,Mixed
JFSP,DC,35,DC35,66.21316,-150.26391,0.825,3.851527143,0,0,0,0,1154.308239,0,0,0,0,0,0,0,0,0,Spruce,7.8,0.9,0,0.9,14.53,NA,NA,5.77,0.103448276,0.284236453,19.38423645,Spruce
JFSP,DC,36,DC36,66.21492,-150.25723,0.5,11.40476673,0,0,0.016666667,0.052359878,3010.649851,0,633.4218879,0.016666667,0.052359878,633.4218879,0.032258065,0.004570071,0.173822563,10.30403139,Spruce,17.2,1.5,1.6,3.1,7.84,NA,NA,29.07,0.15270936,0.787591439,47.01503991,Mixed
JFSP,DC,37,DC37,66.20771,-150.2349,0.775,18.94413095,0,0,0.058333333,1.43682049,4973.292495,0,2399.804625,0.058333333,1.43682049,2399.804625,0.07,0.070498205,0.325481217,19.77406084,Spruce,8.8,1.7,7.8,9.5,6.62,NA,NA,57.54,0.519125683,0.896820449,70.7973066,Decid
JFSP,DC,38,DC38,66.19166,-150.2168,1.4,14.48313483,0,0,0,0,4072.930174,0,0,0,0,0,0,0,0,0,Spruce,24,2.3,0.1,2.4,5.96,NA,NA,4.13,0.090909091,0.409316155,25.01126228,Spruce
JFSP,DC,39,DC39,66.16861,-150.20422,2.033333333,7.602785121,0.008333333,0.058904862,0,0,2319.39512,13.38263298,0,0.008333333,0.058904862,13.38263298,0.004081632,0.007688234,0.00573678,0.490920629,Spruce,22.2,5.6,0.6,6.2,11.78,NA,NA,61.06,0.218309859,0.838275673,52.82927659,Mixed
JFSP,DC,40,DC40,66.16364,-150.20207,1.308333333,11.66669702,0.05,0.324303992,0.033333333,1.438653086,3320.111832,72.85967074,432.2077608,0.083333333,1.762957078,505.0674315,0.059880239,0.131273454,0.132037585,9.595891208,Spruce,6.5,19.4,4.7,24.1,0.4,NA,NA,20.02,0.787581699,0.980411361,88.39965304,Decid
JFSP,DC,41,DC41,66.15536,-150.18442,2.083333333,5.77738889,0,0,0,0,1805.165101,0,0,0,0,0,0,0,0,0,Spruce,13.4,5.7,0.1,5.8,16.48,NA,NA,65.89,0.302083333,0.799927158,55.10052456,Mixed
JFSP,DC,42,DC42,66.15127,-150.18096,1.833333333,27.31649719,0,0,0,0,7460.938785,0,0,0,0,0,0,0,0,0,Spruce,8.6,26,0.2,26.2,0.71,NA,NA,20.41,0.752873563,0.966382576,85.96280695,Decid
JFSP,DC,43,DC43,66.14552,-150.17628,1.116666667,0.837888941,0.016666667,0,0,0,290.6622157,0,0,0.016666667,0,0,0.014705883,0,0,0.735294132,Spruce,5.3,0.1,0.1,0.2,2.29,NA,NA,0.83,0.036363636,0.266025641,15.11946387,Spruce
JFSP,DC,44,DC44,66.14079,-150.17242,2.133333333,5.547594477,0,0,0.016666667,0.471369798,1742.304996,0,52.70810977,0.016666667,0.471369798,52.70810977,0.007751938,0.078314105,0.029363635,1.85577866,Spruce,16.9,1.7,0.1,1.8,6.99,NA,NA,49.74,0.096256684,0.87678477,48.65207272,Mixed
JFSP,DC,45,DC45,66.10999,-150.15623,0.011111111,0.13962634,0.288888889,2.265786435,0,0,38.65927619,521.7706448,0,0.288888889,2.265786435,521.7706448,0.962962963,0.941953272,0.931018536,94.69907499,Decid,0,3.1,0,3.1,0,NA,NA,75.35,1,1,100,Decid
JFSP,DC,46,DC46,66.10976,-150.15785,1.291666667,9.697114774,0.016666667,0.085150251,0,0,2797.862215,18.54586,0,0.016666667,0.085150251,18.54586,0.012738854,0.008704554,0.006584934,0.966189365,Spruce,9.2,3.7,0,3.7,9.38,NA,NA,62.95,0.286821705,0.870316604,57.85691549,Mixed
JFSP,DC,47,DC47,66.11998,-150.16491,0.277777778,0.690539519,0,0,0,0,217.6568846,0,0,0,0,0,0,0,0,0,Spruce,6.4,0,0,0,8.76,NA,NA,0,0,0,0,Spruce
JFSP,DC,48,DC48,66.10866,-150.15698,0.566666667,10.02613115,0,0,0,0,2701.046607,0,0,0,0,0,0,0,0,0,Spruce,8.4,7.3,0,7.3,13.1,NA,NA,92.77,0.464968153,0.876263342,67.06157474,Decid
JFSP,DC,49,DC49,66.10515,-150.15355,1.75,6.534578169,0,0,0,0,1993.730032,0,0,0,0,0,0,0,0,0,Spruce,24.4,2.9,0.1,3,13.13,NA,NA,3.06,0.109489051,0.189005559,14.9247305,Spruce
JFSP,DC,50,DC50,66.08579,-150.16491,0.255555556,0.865246977,0,0,0,0,266.0669085,0,0,0,0,0,0,0,0,0,Spruce,12.4,0,5,5,1.02,NA,NA,0,0.287356322,0,14.36781609,Spruce
JFSP,DC,51,DC51,66.07446,-150.16788,0.358333333,4.58004939,0.075,1.688933301,0.025,0.927686131,1266.387686,446.0888533,489.529103,0.1,2.616619432,935.6179563,0.218181818,0.363587584,0.424893533,32.15376755,Spruce,1.4,3.2,0,3.2,8.68,NA,NA,215.78,0.695652174,0.961329413,82.84907934,Decid
JFSP,DC,52,DC52,66.07288,-150.16742,1.35,13.14507816,0,0,0.033333333,0.82519167,3714.599315,0,478.0038956,0.033333333,0.82519167,478.0038956,0.024096385,0.059067697,0.114011241,6.905381322,Spruce,7.1,17.4,0,17.4,14.25,NA,NA,34.46,0.710204082,0.707452269,70.88281751,Decid
JFSP,DC,53,DC53,66.07199,-150.16674,0.958333333,20.38455118,0.008333333,0.037699112,0,0,5411.299143,8.082113449,0,0.008333333,0.037699112,8.082113449,0.008620689,0.001845982,0.001491335,0.50560122,Spruce,3.4,9.1,0,9.1,0.92,NA,NA,29.13,0.728,0.969384359,84.86921797,Decid
JFSP,DC,54,DC54,65.91047,-149.78075,2.375,9.546776475,0,0,0,0,2895.639264,0,0,0,0,0,0,0,0,0,Spruce,3.2,0.1,0.3,0.4,5.01,NA,NA,0.1,0.111111111,0.019569472,6.534029137,Spruce
JFSP,DC,55,DC55,65.89614,-149.75351,0.816666667,18.90584279,0.45,12.51060734,0,0,4984.884488,3396.128933,0,0.45,12.51060734,3396.128933,0.355263158,0.398218363,0.405216978,38.0240068,Mixed,2.8,10.4,0.4,10.8,1.36,NA,NA,182.35,0.794117647,0.992597028,89.33573375,Decid
JFSP,DC,56,DC56,65.89577,-149.75385,1.15,15.52705989,0.283333333,6.568808439,0.016666667,0.455661834,4274.458166,1741.559712,347.4944915,0.3,7.024470273,2089.054203,0.206896552,0.311485306,0.328286343,26.75914473,Spruce,2.5,8.1,0.1,8.2,1.24,NA,NA,213.89,0.76635514,0.994236043,88.02955918,Decid
JFSP,DC,57,DC57,65.14189,-147.46556,0.377777778,0.040317106,0.011111111,0,0,0,16.34753474,0,0,0.011111111,0,0,0.028571428,0,0,1.428571414,Spruce,1.5,0,0,0,1.27,NA,NA,0,0,0,0,Spruce
JFSP,DC,87,DC87,65.15116,-147.34464,0.233333333,17.33596276,0,0,0.008333333,2.144202436,4163.83417,0,1224.28285,0.008333333,2.144202436,1224.28285,0.034482757,0.11007106,0.227219054,13.08509055,Spruce,6.6,5.8,46.3,52.1,3.09,NA,NA,132.03,0.887563884,0.977131439,93.23476614,Decid
JFSP,DC,88,DC88,65.15008,-147.34393,0.716666667,2.270978789,0,0,0.016666667,0,702.0443718,0,66.09605813,0.016666667,0,66.09605813,0.022727273,0,0.086046842,5.438705753,Spruce,6.3,1.1,0,1.1,1.29,NA,NA,11.23,0.148648649,0.896964856,52.28067524,Mixed
JFSP,DC,89,DC89,65.15439,-147.3412,1.35,6.276771222,0,0,0.066666667,0.038222711,1881.773079,0,410.0961277,0.066666667,0.038222711,410.0961277,0.047058824,0.006052692,0.178935223,11.29970234,Spruce,2.6,0,0,0,0.1,NA,NA,0,0,0,0,Spruce
JFSP,DC,90,DC90,64.05748,-142.02016,0.666666667,1.585718892,0,0,0,0,501.5843268,0,0,0,0,0,0,0,0,0,Spruce,6.5,0,0.1,0.1,2.86,NA,NA,12.34,0.015151515,0.811842105,41.34968102,Mixed
JFSP,TC,1,TC1,64.04595,-142.05908,0.583333333,0.771980945,0,0,0.025,0.240920887,255.9142985,0,36.48176504,0.025,0.240920887,36.48176504,0.04109589,0.237852158,0.124768318,8.293210422,Spruce,2.6,10.4,2.6,13,2.47,NA,NA,6.92,0.833333333,0.736954207,78.514377,Decid
JFSP,TC,2,TC2,64.03971,-142.05802,0.75,18.41719423,0,0,0,0,4833.187524,0,0,0,0,0,0,0,0,0,Spruce,1.1,0,0,0,3.04,NA,NA,0,0,0,0,Spruce
JFSP,TC,3,TC3,64.01855,-142.08482,0.6,2.316662783,0,0,0,0,704.9349614,0,0,0,0,0,0,0,0,0,Spruce,0.4,18.6,2.4,21,7.15,NA,NA,6.76,0.981308411,0.485981308,73.36448598,Decid
JFSP,TC,4,TC4,64.0205,-142.08616,1.55,9.53636995,0,0,0,0,2795.645712,0,0,0,0,0,0,0,0,0,Spruce,2.6,0,0.1,0.1,0.27,NA,NA,0.15,0.037037037,0.357142857,19.70899471,Spruce
JFSP,TC,5,TC5,63.98123,-142.15653,0.983333333,13.51578609,0,0,0,0,3715.465386,0,0,0,0,0,0,0,0,0,Spruce,0.4,1.3,0,1.3,7.33,NA,NA,113.73,0.764705882,0.939451512,85.2078697,Decid
JFSP,TC,6,TC6,63.97744,-142.16343,0.516666667,3.160704009,0,0,0,0,927.0029378,0,0,0,0,0,0,0,0,0,Spruce,7.4,0,0,0,1.03,NA,NA,0,0,0,0,Spruce
JFSP,TC,7,TC7,63.96044,-142.16955,1.6,6.447988022,0,0,0,0,1955.343386,0,0,0,0,0,0,0,0,0,Spruce,0.9,0,0.1,0.1,2.08,NA,NA,1.82,0.1,0.466666667,28.33333333,Spruce
JFSP,TC,8,TC8,63.85791,-142.23308,0.922222222,10.26035434,0.1,7.007584213,0.011111111,0.031503193,2868.661938,2145.208059,185.6105564,0.111111111,7.039087406,2330.818615,0.107526882,0.406896795,0.448279129,27.79030055,Spruce,2.9,1.3,0,1.3,6.55,NA,NA,198.8,0.30952381,0.968103238,63.88135239,Mixed
JFSP,TC,9,TC9,63.84834,-142.22064,0.483333333,3.733651969,0.683333333,5.557739204,0.05,0.592321115,1074.795947,1285.908,550.0494626,0.733333333,6.150060319,1835.957462,0.602739726,0.622241941,0.630749914,61.674482,Mixed,1.1,5.6,3.6,9.2,2.48,NA,NA,191.93,0.893203883,0.987243455,94.0223669,Decid
JFSP,TC,10,TC10,63.84807,-142.21893,1.2,3.116721712,0,0,0,0,978.9484834,0,0,0,0,0,0,0,0,0,Spruce,4.9,2.6,1.9,4.5,3.32,NA,NA,11.02,0.478723404,0.768479777,62.36015906,Mixed
JFSP,TC,11,TC11,63.82115,-142.21454,1.133333333,4.676260665,0,0,0,0,1415.398013,0,0,0,0,0,0,0,0,0,Spruce,3.6,5.3,2.1,7.4,1.17,NA,NA,0.81,0.672727273,0.409090909,54.09090909,Mixed
JFSP,TC,12,TC12,63.65835,-142.29001,0.35,4.317071905,0,0,0,0,1197.078793,0,0,0,0,0,0,0,0,0,Spruce,0.7,9.6,5.1,14.7,1.25,NA,NA,24.96,0.954545455,0.952308279,95.34268669,Decid
JFSP,TC,13,TC13,63.63045,-142.3082,0.183333333,4.724366302,0,0,0,0,1235.032956,0,0,0,0,0,0,0,0,0,Spruce,0.1,0.1,0.9,1,0.02,NA,NA,2.13,0.909090909,0.990697674,94.98942918,Decid
JFSP,TC,14,TC14,63.632527,-142.32314,0.116666667,0.273907609,0,0,0,0,86.73106241,0,0,0,0,0,0,0,0,0,Spruce,0.4,0.6,0,0.6,1.07,NA,NA,2.32,0.6,0.684365782,64.21828909,Mixed
JFSP,TC,15,TC15,63.58511,-142.36102,0.683333333,14.85358097,0,0,0,0,3936.211601,0,0,0,0,0,0,0,0,0,Spruce,0.2,0.6,0,0.6,23.02,NA,NA,132.22,0.75,0.851713476,80.0856738,Decid
JFSP,TC,16,TC16,63.5631,-142.37186,0.983333333,19.12038739,0,0,0,0,5112.298066,0,0,0,0,0,0,0,0,0,Spruce,0.4,0.1,0,0.1,7.54,NA,NA,6.73,0.2,0.471618781,33.58093903,Mixed
JFSP,TC,17,TC17,63.56229,-142.37246,2.25,5.963004656,0,0,0,0,1869.931476,0,0,0,0,0,0,0,0,0,Spruce,0.4,0.4,0,0.4,0.16,NA,NA,0.09,0.5,0.36,43,Mixed
JFSP,TC,18,TC18,63.53854,-142.38543,0.4,8.813214591,0,0,0,0,2332.982872,0,0,0,0,0,0,0,0,0,Spruce,0.3,0.1,0,0.1,0.27,NA,NA,1.94,0.25,0.877828054,56.39140271,Mixed
JFSP,TC,19,TC19,63.52626,-142.39379,0.575,18.67716102,0,0,0,0,4792.946435,0,0,0,0,0,0,0,0,0,Spruce,0.1,0,0,0,1.05,NA,NA,0,0,0,0,Spruce
JFSP,TC,20,TC20,63.46036,-142.46834,1.4,8.370860892,0,0,0,0,2459.585429,0,0,0,0,0,0,0,0,0,Spruce,0,0.1,0,0.1,0,NA,NA,16.06,1,1,100,Decid
JFSP,TC,23,TC23,63.46201,-142.47032,0.944444444,17.95908894,0,0,0,0,4810.373788,0,0,0,0,0,0,0,0,0,Spruce,0.4,4.4,0,4.4,1.16,NA,NA,3,0.916666667,0.721153846,81.89102564,Decid
JFSP,TC,24,TC24,63.42012,-142.48093,0.877777778,27.29660044,0,0,0,0,7029.32783,0,0,0,0,0,0,0,0,0,Spruce,0.1,0.1,0.2,0.3,0.6,NA,NA,33.86,0.75,0.982588508,86.62942542,Decid
JFSP,TC,25,TC25,63.52002,-142.38799,1,8.060977683,0,0,0,0,2312.596453,0,0,0,0,0,0,0,0,0,Spruce,2,0,0,0,1.89,NA,NA,0,0,0,0,Spruce
JFSP,TC,26,TC26,63.40473,-142.46973,1.166666667,7.918057034,0,0,0,0,2303.074743,0,0,0,0,0,0,0,0,0,Spruce,0.6,0.1,0,0.1,6.17,NA,NA,7.91,0.142857143,0.561789773,35.23234578,Mixed
JFSP,TC,27,TC27,63.39563,-142.49361,1.344444444,9.860761208,0,0,0,0,2850.389367,0,0,0,0,0,0,0,0,0,Spruce,3.4,0.1,0.1,0.2,1.96,NA,NA,0.06,0.055555556,0.02970297,4.262926293,Spruce
JFSP,TC,28,TC28,63.38705,-142.52443,0.45,16.9330535,0,0,0,0,4294.539613,0,0,0,0,0,0,0,0,0,Spruce,6.3,2.6,1.4,4,2.28,NA,NA,25.35,0.388349515,0.917480999,65.29152567,Mixed
JFSP,TC,29,TC29,65.88308,-149.71782,0.533333333,16.36076004,0,0,0,0,4217.763742,0,0,0,0,0,0,0,0,0,Spruce,7.6,3.1,3.5,6.6,2.92,NA,NA,26.69,0.464788732,0.901384667,68.30866999,Decid
XJW,BF,D1,BFD1,65.18373333,-147.26666,0.525,9.742667867,0,0,0,0,2614.686134,0,0,0,0,0,0,0,0,0,Spruce,8.8,0.1,0.8,0.9,3.907665609,0.410260063,3.574480479,3.984740542,0.092783505,0.504882854,29.88331796,Spruce
XJW,BF,D2,BFD2,65.2715666,-146.707633,0.525,9.48911516,0,0,0,0,2552.016971,0,0,0,0,0,0,0,0,0,Spruce,5.9,0.7,0.5,1.2,3.041859071,2.574467951,1.417645457,3.992113409,0.169014085,0.567547488,36.8280786,Mixed
XJW,BF,D3,BFD3,65.26613333,-146.72455,0.508333333,6.932251439,0,0,0,0,1906.86261,0,0,0,0,0,0,0,0,0,Spruce,7.8,0.7,0.4,1.1,6.793039329,1.041360345,1.297650882,2.339011227,0.123595506,0.256132094,18.98637996,Spruce
XJW,BF,M1,BFM1,65.28825,-146.4298,0.041666667,1.913884425,0,0,0.158333333,7.322070728,477.7148111,0,13412.46911,0.158333333,7.322070728,13412.46911,0.791666665,0.792778939,0.96560774,87.86372027,Decid,0,1.4,2.5,3.9,0,18.33063313,33.82689363,52.15752675,1,1,100,Decid
XJW,BF,M10,BFM10,65.17773,-146.3922,0.033333333,2.579378468,0.000833333,0.035145477,0,0,617.5147245,10.07171124,0,0.000833333,0.035145477,10.07171124,0.024390235,0.0134424,0.016048325,2.021927993,Spruce,0.2,4.2,0.6,4.8,1.129658786,506.8712212,201.1516811,708.0229022,0.96,0.99840703,97.9203515,Decid
XJW,BF,M11,BFM11,65.2782,-146.645683,0.275,5.193445355,0.25,12.80788055,0.033333333,0.92814428,1391.838644,3764.387514,1020.564499,0.283333333,13.73602483,4784.952014,0.507462686,0.725642329,0.774666373,64.10645295,Mixed,0.2,3.3,0.2,3.5,0.830442916,549.9975123,6.509350332,556.5068627,0.945945946,0.998509981,97.22279637,Decid
XJW,BF,M12,BFM12,65.15842,-146.44219,0.2,6.694472145,0.066666667,5.922098502,0.033333333,2.436697802,1713.817548,1869.676776,1965.375922,0.1,8.358796304,3835.052698,0.333333333,0.555281156,0.691141174,51.22372538,Mixed,2.3,5,2.2,7.2,20.91743872,225.8673123,60.07113496,285.9384472,0.757894737,0.931833021,84.48638789,Decid
XJW,BF,M2,BFM2,65.27906666,-146.6081333,0.316666667,11.87345308,0,0,0.066666667,3.776652519,3012.189006,0,4476.213469,0.066666667,3.776652519,4476.213469,0.173913044,0.241318021,0.59775279,38.58329168,Mixed,2.1,0.2,7.2,7.4,0.672423669,0.265014821,14.30334884,14.56836366,0.778947368,0.955879991,86.74136799,Decid
XJW,BF,M3,BFM3,65.24006667,-146.8293333,0.108333333,4.748844545,0,0,0.166666667,4.614672359,1189.775548,0,13382.5962,0.166666667,4.614672359,13382.5962,0.606060607,0.492835374,0.918354022,76.22073145,Decid,1.3,2.1,6.1,8.2,0.380979931,0.454939848,19.27403837,19.72897822,0.863157895,0.98105516,92.21065276,Decid
XJW,BF,M4,BFM4,65.07036,-147.28086,0.075,4.803429717,0.008333333,0.388052143,0.216666667,10.39507194,1167.495944,112.6462072,26854.95214,0.225,10.78312408,26967.59834,0.75,0.691822209,0.958503926,85.42519632,Decid,0.3,1.8,1.8,3.6,0.771618245,177.9731419,282.0273153,460.0004571,0.923076923,0.99832538,96.07011514,Decid
XJW,BF,M5,BFM5,65.08856,-147.23226,0.333333333,11.46988933,0.008333333,0.075660023,0.158333333,9.673618279,2929.867247,17.75782967,9635.461798,0.166666666,9.749278302,9653.219628,0.333333333,0.459456208,0.767158307,55.024582,Mixed,0.6,0.5,3.5,4,5.724676997,1.290000767,33.28108403,34.57108479,0.869565217,0.857933521,86.37493692,Decid
XJW,BF,M6,BFM6,65.14379,-146.49784,0.333333333,12.252015,0.008333333,0.227830917,0.141666667,3.156646118,3113.181003,61.71249142,9297.584861,0.15,3.384477035,9359.297353,0.310344828,0.216447335,0.750395959,53.03703932,Mixed,2.7,0.2,2,2.2,36.73202996,2.478980347,38.87478403,41.35376438,0.448979592,0.529593952,48.92867717,Mixed
XJW,BF,M7,BFM7,65.29406,-146.501316,0.075,4.966857985,0.108333333,9.033911475,0,0,1203.991049,2828.771232,0,0.108333333,9.033911475,2828.771232,0.59090909,0.645243928,0.701447553,64.61783214,Mixed,0,8.2,0,8.2,0,686.0318079,0,686.0318079,1,1,100,Decid
XJW,BF,M8,BFM8,65.28096,-146.74013,0.275,5.89722756,0.25,25.7202845,0,0,1564.464904,8276.688849,0,0.25,25.7202845,8276.688849,0.476190476,0.813482239,0.841028304,65.860939,Mixed,0,6.1,0,6.1,0,663.3500006,0,663.3500006,1,1,100,Decid
XJW,BF,M9,BFM9,65.23803,-146.81425,0.208333333,6.23488332,0.1,4.217457238,0.025,1.001317208,1610.519245,1208.605285,1296.703526,0.125,5.218774446,2505.308812,0.375,0.455642604,0.608701038,49.18505193,Mixed,1.3,3.1,0.3,3.4,0.416262271,4.10772972,0.595972868,4.703702588,0.723404255,0.918698217,82.10512362,Decid
XJW,BF,N1,BFN1,65.15128333,-147.3421166,0.208333333,2.500053254,0,0,0,0,694.7637871,0,0,0,0,0,0,0,0,0,Spruce,0.1,0,0,0,0.007260806,0,0,0,0,0,0,Spruce
XJW,BF,N2,BFN2,65.16571666,-147.2900333,0.001736111,0.020833777,0,0,0,0,5.789698167,0,0,0,0,0,0,0,0,0,Spruce,4.8,0,0,0,1.167137754,0,0,0,0,0,0,Spruce
XJW,BF,N3,BFN3,65.28393333,-146.7349,0.283333333,4.971308575,0,0,0,0,1340.170429,0,0,0,0,0,0,0,0,0,Spruce,0.1,0,0,0,0.011101457,0,0,0,0,0,0,Spruce
XJW,BF,S1,BFS1,65.26211666,-146.7543167,0.441666667,11.0561154,0,0,0,0,2896.977231,0,0,0,0,0,0,0,0,0,Spruce,7.9,0.2,4.2,4.4,14.80577696,1.743113611,29.27546379,31.0185774,0.357723577,0.67690157,51.73125735,Mixed
XJW,BF,S2,BFS2,65.29468333,-146.5243333,0.241666667,10.14060294,0,0,0,0,2549.524384,0,0,0,0,0,0,0,0,0,Spruce,1.3,1.9,0,1.9,0.577268783,10.32657844,0,10.32657844,0.59375,0.947058247,77.04041237,Decid
XJW,BF,S3,BFS3,65.2932666,-146.3917,0.166666667,4.301036692,0,0,0,0,1124.23823,0,0,0,0,0,0,0,0,0,Spruce,5.5,1.6,0.4,2,3.310936049,4.258938027,6.259862924,10.51880095,0.266666667,0.760592985,51.3629826,Mixed
XJW,BF,W1,BFW1,65.22406667,-147.1307167,0.383333333,2.53598522,0,0,0,0,739.1358401,0,0,0,0,0,0,0,0,0,Spruce,3.9,0,0,0,1.248786813,0,0,0,0,0,0,Spruce
XJW,BF,W2,BFW2,65.28941667,-146.4879,0.208333333,2.607325553,0,0,0,0,722.1434807,0,0,0,0,0,0,0,0,0,Spruce,1.2,0,0.2,0.2,0.925483798,0,1.237255883,1.237255883,0.142857143,0.572078042,35.74675926,Mixed
XJW,BF,W3,BFW3,65.15606667,-147.3326833,0.45,3.764478847,0,0,0,0,1076.784083,0,0,0,0,0,0,0,0,0,Spruce,2,0.1,0.1,0.2,1.107654079,0.112720092,0.457221455,0.569941547,0.090909091,0.339737144,21.53231175,Spruce
XJW,DC,D1,DCD1,66.16901667,-150.2023167,0.791666667,5.510418964,0,0,0,0,1599.544744,0,0,0,0,0,0,0,0,0,Spruce,14.4,7.7,1.6,9.3,34.75786797,5.545579123,14.44150652,19.98708564,0.392405063,0.365094576,37.87498198,Mixed
XJW,DC,D2,DCD2,66.13816667,-150.1670333,0.666666667,6.737014546,0,0,0,0,1898.12994,0,0,0,0,0,0,0,0,0,Spruce,8.8,8.1,0.1,8.2,2.353025042,8.038214316,1.105057538,9.143271854,0.482352941,0.795323219,63.88380801,Mixed
XJW,DC,D3,DCD3,65.96183333,-149.9766667,0.816666667,8.626028029,0,0,0.008333333,1.803535983,2421.769114,0,131.1692013,0.008333333,1.803535983,131.1692013,0.01010101,0.172925348,0.051379699,3.074035417,Spruce,6.1,0.1,0.3,0.4,1.631074177,0.205326982,1.025130204,1.230457186,0.061538462,0.429999546,24.57690036,Spruce
XJW,DC,M1,DCM1,66.11036667,-150.1541833,0.083333333,4.412759581,0.125,2.743984833,0,0,1088.985506,722.3542605,0,0.125,2.743984833,722.3542605,0.600000001,0.383412439,0.398795562,49.93977816,Mixed,0.1,2.7,0,2.7,0.330792794,75.71610846,0,75.71610846,0.964285714,0.995650148,97.9967931,Decid
XJW,DC,M10,DCM10,66.0965,-150.12058,1.033333333,11.4814085,0,0,0.225,4.734641928,3210.391114,0,3752.94942,0.225,4.734641928,3752.94942,0.178807947,0.291972571,0.538958191,35.88830692,Mixed,1.4,1.5,1.3,2.8,12.32576894,15.36829853,197.9117273,213.2800258,0.666666667,0.945365903,80.60162847,Decid
XJW,DC,M11,DCM11,65.58354,-150.00049,0.266666667,10.56039826,0,0,0,0,2667.390043,0,0,0,0,0,0,0,0,0,Spruce,2.8,0,0,0,3.772839689,0,0,0,0,0,0,Spruce
XJW,DC,M12,DCM12,65.54693,-149.47666,0.641666667,12.24815346,0.1,5.628752288,0.016666667,3.197225023,3279.690651,1674.722774,516.5606151,0.116666667,8.825977311,2191.283389,0.153846154,0.418806232,0.400528932,27.71875431,Spruce,13,2.2,4.3,6.5,53.97878955,76.21386534,8.542277778,84.75614312,0.333333333,0.610921428,47.21273805,Mixed
XJW,DC,M2,DCM2,66.07668333,-150.16755,0.366666667,6.892850632,0.1,0.288372026,0,0,1847.956851,58.30747668,0,0.1,0.288372026,58.30747668,0.214285714,0.040156397,0.030587299,12.24365065,Spruce,1.8,3.9,0,3.9,1.303523364,305.9247194,0,305.9247194,0.684210526,0.99575715,83.99838381,Decid
XJW,DC,M3,DCM3,65.89646667,-149.7547833,0.575,13.46427706,0.2,69.41492958,0,0,3546.867607,26162.85144,0,0.2,69.41492958,26162.85144,0.258064516,0.837543365,0.880615916,56.93402159,Mixed,8,8.3,7.8,16.1,0.580864471,85.03791853,1.276422355,86.31434089,0.668049793,0.993315345,83.06825688,Decid
XJW,DC,M4,DCM4,65.54447,-149.46967,0.758333333,17.03234092,0.191666667,15.64886206,0,0,4501.780956,4886.654976,0,0.191666667,15.64886206,4886.654976,0.201754386,0.478833722,0.520497238,36.11258124,Mixed,1.5,3.7,0,3.7,4.394053567,414.9292363,0,414.9292363,0.711538462,0.989521084,85.05297727,Decid
XJW,DC,M5,DCM5,66.065,-150.0773,0.141666667,9.440551374,0.183333333,7.255573683,0,0,2287.294782,2062.124636,0,0.183333333,7.255573683,2062.124636,0.564102563,0.434566324,0.474114919,51.91087412,Mixed,0.6,1.1,0.3,1.4,27.29362689,340.2708915,13.17728338,353.4481748,0.7,0.928314604,81.41573019,Decid
XJW,DC,M6,DCM6,66.09015,-150.10638,0.483333333,27.70642556,0,0,0.066666667,2.667277613,6794.178523,0,7277.830185,0.066666667,2.667277613,7277.830185,0.121212122,0.087815358,0.517184884,31.91985027,Spruce,3.4,10.1,0.5,10.6,10.49965781,37.14589473,10.23151639,47.37741112,0.757142857,0.818586912,78.78648845,Decid
XJW,DC,M7,DCM7,66.12109,-150.15542,0.05,5.849056472,0,0,0.05,4.887467321,1354.751697,0,12352.74949,0.05,4.887467321,12352.74949,0.5,0.455218785,0.901167129,70.05835645,Decid,1.2,0,2.6,2.6,10.91344629,0,88.25766518,88.25766518,0.684210526,0.889953373,78.70819498,Decid
XJW,DC,M8,DCM8,66.08195,-150.10324,0.791666667,16.15878181,0,0,0.033333333,1.690045948,4303.704756,0,1115.518129,0.033333333,1.690045948,1115.518129,0.04040404,0.094686664,0.205844667,12.31243534,Spruce,6.5,1.9,3.7,5.6,26.98939477,3.435716008,20.63035766,24.06607366,0.462809917,0.471371126,46.70905219,Mixed
XJW,DC,M9,DCM9,66.08898,-150.10966,1.175,23.31199194,0,0,0.05,1.571712625,6222.991629,0,1619.780138,0.05,1.571712625,1619.780138,0.040816327,0.063162325,0.206531592,12.36739592,Spruce,6.5,5.3,8,13.3,20.49511356,11.06791895,51.18712634,62.25504529,0.671717172,0.752325387,71.20212794,Decid
XJW,DC,N1,DCN1,66.2603166,-150.3361,0.116666667,8.131292636,0,0,0,0,1963.024505,0,0,0,0,0,0,0,0,0,Spruce,2.8,0,0,0,1.061225335,0,0,0,0,0,0,Spruce
XJW,DC,N2,DCN2,66.2118166,-150.2578166,0.55,6.786167381,0,0,0,0,1881.684342,0,0,0,0,0,0,0,0,0,Spruce,12.5,12.5,2.3,14.8,7.422362451,5.00646619,29.74190427,34.74837046,0.542124542,0.823992567,68.30585545,Decid
XJW,DC,N3,DCN3,66.11195,-150.1569333,0.166666667,6.901424561,0.033333333,0.403891006,0,0,1736.979526,98.41957867,0,0.033333333,0.403891006,98.41957867,0.166666665,0.055287277,0.053622985,11.0144825,Spruce,0,1.9,0,1.9,0,121.5011536,0,121.5011536,1,1,100,Decid
XJW,DC,S1,DCS1,66.25559833,-150.321,0.158333333,10.90865689,0,0,0,0,2635.958216,0,0,0,0,0,0,0,0,0,Spruce,3.3,1.6,0,1.6,4.446561063,4.810118039,0,4.810118039,0.326530612,0.519637549,42.30840805,Mixed
XJW,DC,S2,DCS2,66.073,-150.1683666,1.075,12.48180941,0,0,0,0,3477.852621,0,0,0,0,0,0,0,0,0,Spruce,1.6,1.6,0,1.6,1.655487496,15.4441488,0,15.4441488,0.5,0.903185807,70.15929033,Decid
XJW,DC,S3,DCS3,66.07135,-150.1691333,0.558333333,11.98157623,0,0,0,0,3178.392134,0,0,0,0,0,0,0,0,0,Spruce,1.2,8,0.1,8.1,0.116510079,2.840510046,0.060057156,2.900567203,0.870967742,0.961383131,91.61754363,Decid
XJW,DC,W1,DCW1,66.11525,-150.16475,0.466666667,3.171241434,0,0,0,0,922.3052037,0,0,0,0,0,0,0,0,0,Spruce,3.2,1,0,1,2.467956794,0.333676485,0,0.333676485,0.238095238,0.1191007,17.8597969,Spruce
XJW,DC,W2,DCW2,66.17566666,-150.2105,0.375,2.29637333,0,0,0,0,673.4490585,0,0,0,0,0,0,0,0,0,Spruce,2.9,0,0.066666667,0.066666667,1.84290149,0,0.971121525,0.971121525,0.02247191,0.345100776,18.37863429,Spruce
XJW,DC,W3,DCW3,66.10715,-150.1558666,0.266666667,1.356251728,0,0,0,0,403.6953367,0,0,0,0,0,0,0,0,0,Spruce,6.4,1.5,0,1.5,1.556183672,0.884362287,0,0.884362287,0.189873418,0.36236248,27.6117949,Spruce
XJW,RR,N1,RRN1,65.12058,-147.44743,0.258333333,3.111812973,0,0,0,0,864.5099532,0,0,0,0,0,0,0,0,0,Spruce,2,1,4.2,0,1.107654079,2.123695909,2.925663112,5.049359021,0,0.820098794,41.00493972,Mixed
XJW,RR,N2,RRN2,65.11996,-147.446677,0.333333333,4.596346402,0,0,0,0,1263.203107,0,0,0,0,0,0,0,0,0,Spruce,7.1,0.5,1.9,0,3.932171982,1.548408838,2.225025349,3.773434188,0,0.48969985,24.48499252,Spruce
XJW,RR,N3,RRN3,65.11929,-147.44661,0.216666667,10.28845414,0,0,0,0,2561.230342,0,0,0,0,0,0,0,0,0,Spruce,6.5,0.7,1.3,0,7.905394869,3.804528899,0.362800216,4.167329115,0,0.345185488,17.25927438,Spruce
XJW,RR,N4,RRN4,65.11866,-147.44551,0.466666667,4.158552375,0,0,0,0,1183.506092,0,0,0,0,0,0,0,0,0,Spruce,3.2,1.7,2.7,0,19.14276625,10.90749688,8.531131738,19.43862862,0,0.503834262,25.19171311,Spruce
XJW,RR,N5,RRN5,65.11803,-147.44476,0.633333333,9.21991994,0,0,0,0,2522.915585,0,0,0,0,0,0,0,0,0,Spruce,0.1,0.4,1.1,0,0.026738921,7.251156589,3.662925298,10.91408189,0,0.997556041,49.87780203,Mixed
XJW,RR,S1,RRS1,65.11415,-147.43143,0.208333333,10.28845414,0,0,0,0,2553.206673,0,0,0,0,0,0,0,0,0,Spruce,0.9,2.1,2.1,0,0.128162846,5.249680114,6.812667132,12.06234725,0,0.989486671,49.47433354,Mixed
XJW,RR,S2,RRS2,65.11469,-147.43143,0.291666667,12.28866691,0,0,0.05,2.767939477,3088.577395,0,3836.706798,0.05,2.767939477,3836.706798,0.146341463,0.183835547,0.554014347,35.0177905,Mixed,0.3,0.6,0.9,2.817939477,0.327955207,15.01210423,4.021290539,19.03339477,0.90378261,0.983061346,94.34219778,Decid
XJW,RR,S3,RRS3,65.11542,-147.43106,0.341666667,8.596575597,0,0,0.025,3.172157732,2251.597773,0,1063.086807,0.025,3.172157732,1063.086807,0.068181818,0.269541134,0.320720352,19.44510853,Spruce,0.1,0.3,0.4,3.197157732,0.07712365,7.397466048,7.574613602,14.97207965,0.969670847,0.994875234,98.22730406,Decid
XJW,RR,S4,RRS4,65.11598,-147.431,0.241666667,12.52467906,0,0,0.116666667,8.593303105,3096.17694,0,11347.68836,0.116666667,8.593303105,11347.68836,0.325581396,0.406918759,0.785640694,55.56110449,Mixed,1.3,0.4,2.5,8.709969772,2.436393677,5.929196291,2.814382321,8.743578612,0.870129478,0.78207516,82.61023188,Decid
XJW,RR,S5,RRS5,65.11656,-147.43144,0.3,10.95290099,0,0,0,0,2784.579895,0,0,0,0,0,0,0,0,0,Spruce,1.4,3.8,2.5,0,0.374344893,33.1191586,13.06949539,46.18865399,0,0.991960464,49.59802321,Mixed
XJW,TC,D1,TCD1,63.96244,-142.16904,0.408333333,17.95871805,0,0,0,0,4498.188451,0,0,0,0,0,0,0,0,0,Spruce,0.8,0.055555556,0.2,0.255555556,0.579343717,0.065857009,0.89362012,0.959477129,0.242105263,0.623514512,43.28098878,Mixed
XJW,TC,D2,TCD2,63.50164,-142.4129,0.391666667,8.686700037,0,0,0,0,2298.279916,0,0,0,0,0,0,0,0,0,Spruce,0.5,0.5,0,0.5,0.339468826,0.137330807,0,0.137330807,0.5,0.288026243,39.40131214,Mixed
XJW,TC,D3,TCD3,63.4045,-142.47238,0.833333333,34.54868346,0,0,0,0,8694.520513,0,0,0,0,0,0,0,0,0,Spruce,3.5,0.2,0.1,0.3,1.220942793,0.198474428,0.20503927,0.403513698,0.078947368,0.248399203,16.36732857,Spruce
XJW,TC,M1,TCM1,63.99109,-142.13461,0.158333333,2.226145644,0.158333333,84.31445634,0,0,610.8551372,33597.12503,0,0.158333333,84.31445634,33597.12503,0.5,0.974276287,0.982142905,74.10714527,Decid,0.4,13.5,0,13.5,0.017488557,733.3973787,0,733.3973787,0.971223022,0.999976155,98.55995881,Decid
XJW,TC,M10,TCM10,63.37014,-142.57756,0.5,13.76554271,0,0,0.05,1.606335594,3579.568069,0,2357.049748,0.05,1.606335594,2357.049748,0.090909091,0.104498329,0.397035791,24.39724407,Spruce,11.4,4.9,13.4,18.3,22.32433048,11.11957597,118.8358513,129.9554272,0.616161616,0.853399225,73.47804207,Decid
XJW,TC,M11,TCM11,64.00208,-142.11612,0.283333333,15.16859108,0,0,0.075,6.888400042,3740.042968,0,7571.183321,0.075,6.888400042,7571.183321,0.209302326,0.312300078,0.669351238,43.93267819,Mixed,0.1,1,0,1,0.067893765,27.65263003,0,27.65263003,0.909090909,0.997550776,95.33208427,Decid
XJW,TC,M12,TCM12,64.00407,-142.11273,0.258333333,6.751675312,0,0,0.058333333,6.146722376,1763.015842,0,2590.880785,0.058333333,6.146722376,2590.880785,0.184210526,0.476549299,0.595071727,38.96411264,Mixed,1.9,0,0.2,0.2,0.210927692,0,20.965401,20.965401,0.095238095,0.990039459,54.26387771,Mixed
XJW,TC,M2,TCM2,64.05722,-142.0309,0.133333333,5.122497721,0.108333333,7.749654578,0,0,1297.004505,2378.741166,0,0.108333333,7.749654578,2378.741166,0.448275862,0.60204808,0.6471452,54.77105307,Mixed,4,19.1,0.1,19.2,0.881293197,57.42078408,0.950888115,58.3716722,0.827586207,0.985126598,90.63564023,Decid
XJW,TC,M3,TCM3,63.85791,-142.23207,0.166666667,1.44958321,0.225,2.066840717,0,0,413.3469639,485.8367963,0,0.225,2.066840717,485.8367963,0.574468085,0.587767789,0.540308686,55.73883855,Mixed,0.5,6.8,0.5,7.3,0.385618249,30.20306901,1.579839211,31.78290822,0.935897436,0.988012561,96.19549984,Decid
XJW,TC,M4,TCM4,63.98396,-142.14635,0.433333333,4.282514386,0.25,18.5186415,0.008333333,0.388052143,1208.737082,5710.094836,121.549625,0.258333333,18.90669364,5831.644461,0.373493976,0.815322956,0.828313697,60.09038362,Mixed,0,3.8,0,3.8,0,283.6102704,0,283.6102704,1,1,100,Decid
XJW,TC,M5,TCM5,63.96906,-142.16295,0.508333333,4.807160359,0.141666667,17.38308665,0,0,1361.609466,5723.422485,0,0.141666667,17.38308665,5723.422485,0.217948718,0.783366073,0.807818867,51.28837929,Mixed,0.1,1.3,0,1.3,0.067893765,148.9956372,0,148.9956372,0.928571429,0.999544531,96.405798,Decid
XJW,TC,M6,TCM6,63.6229,-142.32236,0.316666667,6.494195614,0.083333333,1.524326935,0,0,1728.998748,391.8763497,0,0.083333333,1.524326935,391.8763497,0.208333333,0.190100723,0.184771065,19.65521986,Spruce,0.3,2.9,0,2.9,0.587482381,57.85119371,0,57.85119371,0.90625,0.989947028,94.80985139,Decid
XJW,TC,M7,TCM7,64.02663,-142.07826,0.625,10.91192938,0,0,0.091666667,11.81651172,2942.815116,0,2565.234777,0.091666667,11.81651172,2565.234777,0.127906977,0.519899788,0.465724681,29.68158288,Spruce,0,0,0.1,0.1,0,0,1.564965731,1.564965731,1,1,100,Decid
XJW,TC,M8,TCM8,63.36998,-142.56644,0.691666667,6.784334785,0,0,0.033333333,1.361029567,1916.02685,0,482.0295958,0.033333333,1.361029567,482.0295958,0.045977011,0.167092534,0.201008444,12.34927277,Spruce,2.9,4,13.9,17.9,5.678996349,3.31926407,83.10106114,86.42032521,0.860576923,0.938338348,89.94576354,Decid
XJW,TC,M9,TCM9,63.40369,-142.47316,0.25,6.779229697,0,0,0.175,14.81954705,1764.998236,0,8107.729779,0.175,14.81954705,8107.729779,0.411764706,0.686128998,0.82122487,61.64947878,Mixed,0.3,1.2,0.6,1.8,0.364864379,1.923667339,4.952835897,6.876503236,0.857142857,0.949613885,90.33783713,Decid
XJW,TC,N1,TCN1,63.9617,-142.16304,0.708333333,4.833013048,0,0,0,0,1405.150035,0,0,0,0,0,0,0,0,0,Spruce,2.8,0,0,0,1.443594135,0,0,0,0,0,0,Spruce
XJW,TC,N2,TCN2,63.56224,-142.3734,0.266666667,14.12322612,0,0,0,0,3485.297478,0,0,0,0,0,0,0,0,0,Spruce,0.1,0.2,0,0.2,0.075534756,0.865327758,0,0.865327758,0.666666667,0.919717541,79.3192104,Decid
XJW,TC,N3,TCN3,63.42263,-142.49141,0.208333333,10.98510231,0,0,0,0,2711.837316,0,0,0,0,0,0,0,0,0,Spruce,3.6,3,0.2,3.2,38.57780691,108.5029327,0.551501456,109.0544342,0.470588235,0.738689824,60.46390296,Mixed
XJW,TC,S1,TCS1,63.94592,-142.18526,0.55,23.72282063,0,0,0,0,5951.208804,0,0,0,0,0,0,0,0,0,Spruce,1.4,1.7,0,1.7,0.135928425,1.544776951,0,1.544776951,0.548387097,0.91912418,73.37556384,Decid
XJW,TC,S2,TCS2,63.53502,-142.39516,0.708333333,29.34116639,0,0,0,0,7384.504382,0,0,0,0,0,0,0,0,0,Spruce,0.033333333,0,0,0,0.035456119,0,0,0,0,0,0,Spruce
XJW,TC,S3,TCS3,63.47665,-142.44905,0.708333333,11.33682979,0,0,0,0,3078.75028,0,0,0,0,0,0,0,0,0,Spruce,0.2,0.016666667,0,0.016666667,0.230737438,0.010878852,0,0.010878852,0.076923078,0.045025324,6.0974201,Spruce
XJW,TC,W1,TCW1,64.06035,-142.02039,0.258333333,1.608757238,0,0,0,0,471.1604875,0,0,0,0,0,0,0,0,0,Spruce,3,0,0,0,0.108076628,0,0,0,0,0,0,Spruce
XJW,TC,W2,TCW2,63.92665,-142.19987,0.216666667,4.890412564,0,0,0,0,1292.065055,0,0,0,0,0,0,0,0,0,Spruce,3.9,0,0,0,0.775577003,0,0,0,0,0,0,Spruce
XJW,TC,W3,TCW3,63.80704,-142.20879,0.283333333,2.983793073,0,0,0,0,837.9038247,0,0,0,0,0,0,0,0,0,Spruce,0.1,0,0,0,0.134744275,0,0,0,0,0,0,Spruce
