plot_id,Grassland_type,Pika_type,Plant,Nematode,Bacteria,Fungi,SOC,N,P,NH4,NO3,AP,SM,AGB,Biodiversity,Mean_EMF,Effective_EMF,Plant_z,Bacteria_z,Fungi_z,Nematode_z,SOC_z,N_z,P_z,NO3_z,NH4_z,AP_z,SM_z,AGB_z,SOC.std,N.std,P.std,NO3.std,NH4.std,AP.std,SM.std,AGB.std
A1,Meadow,Without,2.85,3.42,4.01,4,69.52,6.12,0.647,14.63,14.95,15.5,19.52,289.5,0.592080408831351,0.508395857508046,2.54756848986787,1.17418657597022,0.0418398571462207,0.667199952158871,0.485095250050091,1.2087613268337,0.905838840598365,-0.900781075,1.53177297121954,0.586815381154415,-0.512889156,-0.772304458,1.68521482408694,0.831081888822474,0.760248447204969,0.67890870933893,0.888294711824124,0.655759748991484,0.248,0.361481481481481,0.760721042673954
A2,Meadow,Without,2.79,3.49,3.75,2.5,70.52,7.75,0.658,12.28,15.13,8,17.52,280.64,-0.023957378,0.260021639499716,2.29107333501695,1.04160722395267,-0.322798004,-1.385255182,0.570616449863035,1.26695023041608,1.9060010948849,-0.789114,1.61668365278384,-0.264429153,-1.069034024,-0.985913767,1.53494515184929,0.843036461446503,0.962732919254658,0.690451206715635,0.898989898989899,0.550425818018826,0.128,0.324444444444444,0.737439562749632
A3,Meadow,Without,2.77,3.39,3.3,4,71.52,7.01,0.743,22.31,9.4,12.2,18.3,200.91,0.289788842888843,0.401244951364232,2.59919296199798,0.997414106613492,-0.953901994,0.667199952158871,0.448443307273115,1.32513913399846,1.45193970336831,0.0737679468033369,-1.086306377,3.36875496588645,-0.757592898,-0.902606137,0.182687706306717,0.854991034070532,0.870807453416149,0.779643231899266,0.558526440879382,1,0.1952,0.338888888888889,0.527932520496111
A4,Meadow,Without,2.82,3.48,3.64,3.89,72.52,7.21,0.817,19.62,15.06,31.2,30.64,227.12,0.426478685725065,0.930065930497701,3.31957030419167,1.10789689996145,-0.477067868,0.51668657568917,0.558399135604043,1.38332803758085,1.57465899837279,0.824982817919889,1.5836628321755,2.39435164779672,0.651307434245106,0.41536330202124,0.627221352960059,0.866945606694561,0.895652173913043,0.857292759706191,0.894830659536542,0.879426266248319,0.4992,0.567407407407407,0.596804708850116
A5,Meadow,Without,2.72,3.44,3,2.5,73.52,5.94,0.701,16.8,15.22,48.5,32.72,187.82,-0.340857994,0.507101410400863,3.33020711142097,0.886931313265537,-1.374637988,-1.385255182,0.509529878568075,1.44151694116323,0.795391475094331,-0.35259725,1.65913899356598,1.37285820652792,1.93414826298594,0.63751698373998,-0.03932471,0.878900179318589,0.737888198757764,0.735571878279119,0.904337492572787,0.75302554908113,0.776,0.605925925925926,0.493535841917175
A6,Meadow,Without,2.82,3.52,3.47,2.5,74.52,7.75,0.635,9.94,14.51,10.6,32.81,176.53,-0.096393705,0.145814878359839,2.34322421314567,1.10789689996145,-0.715484931,-1.385255182,0.607268392640011,1.49970584474561,1.9060010948849,-1.022599703,1.32421352739572,-1.11205137,-0.876237136,0.647129402660503,-0.230808299,0.890854751942618,0.962732919254658,0.666316894018888,0.86215092097445,0.445540116539668,0.1696,0.607592592592593,0.463869035106159
A7,Meadow,Without,2.75,3.5,3.59,2.5,75.52,5.01,0.807,9.22,14.17,21.3,33.21,187.62,-0.099097741,0.205418081942054,2.62580161931066,0.95322098927431,-0.547190534,-1.385255182,0.582833764122027,1.55789474832799,0.224746753323487,0.723467294796031,1.16382668444094,-1.372858207,-0.082803791,0.689851264529491,-0.042716802,0.902809324566647,0.622360248447205,0.846799580272823,0.84194890077243,0.41326759300762,0.3408,0.615,0.493010300609628
A8,Meadow,Without,2.8,3.39,4.41,2.5,79.39,7.01,0.662,18.62,14.7,12.3,36.16,188.62,0.182428272597068,0.574265269076848,2.79623526187896,1.06370378262227,0.602821182011758,-1.385255182,0.448443307273115,1.78308580519181,1.45193970336831,-0.74850779,1.41384146904692,2.03211993103473,-0.750177633,1.00492499581328,-0.025756342,0.949073520621638,0.870807453416149,0.694648478488982,0.873440285204991,0.834603316898252,0.1968,0.66962962962963,0.495638007147362
A9,Meadow,Without,1.84,3.56,3.62,4,75.36,5.95,0.761,16.6,15.19,19.1,29.95,189.62,-0.059836296,0.449966194515895,2.84787334683676,-1.05756585,-0.505116935,0.667199952158871,0.65613764967598,1.54858452375481,0.801527439844555,0.256495888426282,1.64498721330527,1.30041186317552,-0.245939619,0.341668090297235,-0.008795883,0.900896592946802,0.739130434782609,0.798530954879328,0.902554961378491,0.744060959211116,0.3056,0.55462962962963,0.498265713685096
A10,Meadow,Without,2.81,3.48,4.18,3.45,76.69,7.75,0.821,13.16,14.54,17.2,32.5,190.62,0.459772366730085,0.655392525299282,2.79325561852262,1.08580034129186,0.280256920214074,-0.08536693,0.558399135604043,1.62597576551938,1.9060010948849,0.865589027169432,1.33836530765643,0.0543347575142977,-0.386829653,0.614019959712037,0.008164576811758,0.91679617453676,0.962732919254658,0.861490031479538,0.863933452168746,0.589870013446885,0.2752,0.601851851851852,0.50089342022283
A11,Meadow,Without,2.82,3.49,3.95,3.23,73,8.05,0.807,15.28,9.4,19.8,33.86,248.74,0.31245308127796,0.564143833634826,2.92697952842842,1.10789689996145,-0.042307342,-0.386393683,0.570616449863035,1.41125871130039,2.09008003739162,0.723467294796031,-1.086306377,0.822265997049704,-0.194032765,0.759274290066598,0.993906489955299,0.872683801554094,1,0.846799580272823,0.558526440879382,0.684894666069027,0.3168,0.627037037037037,0.653615724195922
A12,Meadow,Without,2.78,3.43,3.19,3.41,82.55,7.05,0.671,13.12,14.71,37.1,33,264.48,0.0671380759190826,0.627529456664768,3.12470090962651,1.01951066528308,-1.108171859,-0.140099067,0.497312564309083,1.96696274051214,1.47648356236921,-0.65714382,1.41855872913382,0.039845488843818,1.08880806370007,0.667422287048272,1.26086412438199,0.986849970113568,0.875776397515528,0.704092339979014,0.874034462269757,0.588077095472882,0.5936,0.611111111111111,0.694975825099853
A13,Meadow,Without,2.86,3.54,4.02,3.91,63.55,7.01,0.671,13.8,16.63,21.1,22.81,380.56,0.606975797550968,0.783799265016269,2.83226169670039,1.19628313463981,0.0558643902678588,0.544052644138207,0.631703021157995,0.861373572446874,1.45193970336831,-0.65714382,2.32427266581961,0.286163056241968,-0.097634321,-0.420917144,3.22963427712979,0.759713090257023,0.870807453416149,0.704092339979014,0.988116458704694,0.618556701030928,0.3376,0.422407407407407,1
A14,Meadow,Without,2.87,3.5,3,4,64.55,5.95,0.557,13.92,12,17,23.4,229.69,0.273443855362761,0.115125317985703,2.41499801717873,1.2183796933094,-1.374637988,0.667199952158871,0.582833764122027,0.919562476029257,0.801527439844555,-1.814420783,0.140181245582531,0.329630862253406,-0.401660182,-0.357902398,0.670809734184748,0.771667662881052,0.739130434782609,0.584470094438615,0.71301247771836,0.623935454952936,0.272,0.433333333333333,0.603557914652092
A15,Meadow,Without,2.86,3.48,3,3.61,65.55,5.75,0.781,9.4,12,7.7,29,239.87,0.128401474876814,0.121217347459652,2.29534784747538,1.19628313463981,-1.374637988,0.133561617402659,0.558399135604043,0.977751379611639,0.678808144840072,0.459526934673999,0.140181245582531,-1.307656498,-1.091279819,0.240203668358388,0.843467213121452,0.783622235505081,0.714285714285714,0.819517313746065,0.71301247771836,0.421335723890632,0.1232,0.537037037037037,0.630307967206222
A16,Meadow,Without,2.8,3.51,4.5,2.59,66.55,6.95,0.828,22.14,14.6,11.9,31,374.86,0.281422241902896,0.999515120301975,3.17055117391468,1.06370378262227,0.729041980106503,-1.262107873,0.595051078381019,1.03594028319402,1.41512391486697,0.936649893356133,1.36666886817787,3.30717557403691,-0.779838693,0.45381297770333,3.13295965729294,0.795576808129109,0.863354037267081,0.868835257082896,0.867498514557338,0.992380098610489,0.1904,0.574074074074074,0.985022072734917
A17,Meadow,Without,2.79,3.53,4.06,3.38,76.41,7.01,0.5,10,15.47,22.4,34,258.61,0.397976820961207,0.406793409462844,2.58137910809091,1.04160722395267,0.111962522754413,-0.18114817,0.619485706899003,1.60968287251631,1.45193970336831,-2.393059265,1.77707049573861,-1.090317467,-0.001235877,0.774226941720744,1.16130622640965,0.913448894202032,0.870807453416149,0.524658971668416,0.919191919191919,0.448229493500672,0.3584,0.62962962962963,0.679551187723355
A18,Meadow,Without,2.84,3.46,3.91,3.64,77.28,7.75,0.72,13.49,14.15,28.2,31,271.72,0.440564942598185,0.730286169387028,3.01286781672155,1.15209001730063,-0.098405474,0.174610720076214,0.533964507086059,1.66030721863299,1.9060010948849,-0.159717756,1.15439216426713,0.173871224045753,0.428849487064614,0.45381297770333,1.38365785203442,0.923849372384937,0.962732919254658,0.755508919202518,0.8407605466429,0.604661586732407,0.4512,0.574074074074074,0.714000420433046
A19,Meadow,Without,2.84,3.43,3.48,2.8,83.65,6.01,0.767,14.49,12,12.5,29,272.72,-0.006705493,0.395138004737388,2.68312155426564,1.15209001730063,-0.701460398,-0.974764155,0.497312564309083,2.03097053445276,0.838343228345899,0.317405202300597,0.140181245582531,0.536102940807737,-0.735347103,0.240203668358388,1.40061831165492,1,0.746583850931677,0.804826862539349,0.71301247771836,0.649484536082474,0.2,0.537037037037037,0.71662812697078
A20,Meadow,Without,2.84,3.51,3.37,2.78,78.83,6.46,0.658,15.49,10,42.5,33,289.5,-0.027679848,0.491838469740354,3.21996891458758,1.15209001730063,-0.855730263,-1.002130223,0.595051078381019,1.75050001918568,1.11446164210598,-0.789114,-0.803270772,0.898334657569721,1.48923236862496,0.667422287048272,1.68521482408694,0.942378959952182,0.802484472049689,0.690451206715635,0.5941770647653,0.694307485432542,0.68,0.611111111111111,0.760721042673954
A21,Meadow,Without,2.8,3.48,3.51,3.07,65.37,6.07,0.76,9.41,14.11,9.2,21,280.64,0.0893484721423204,0.184860358318585,2.28047282377683,1.06370378262227,-0.659386799,-0.605322231,0.558399135604043,0.967277376966811,0.875159016847244,0.246344336113896,1.13552312391951,-1.30403418,-0.980050845,-0.614233569,1.53494515184929,0.781470412432756,0.754037267080745,0.797481636935992,0.838383838383838,0.421783953384133,0.1472,0.388888888888889,0.737439562749632
A22,Meadow,Without,2.8,3.47,4.04,2.69,66.37,6.66,0.652,13.6,16.1,24.9,34,200.91,0.142130382306358,0.450848368379838,2.84209277209495,1.06370378262227,0.0839134565111363,-1.125277531,0.546181821345051,1.02546628054919,1.23718093711047,-0.850023314,2.07425788121364,0.213716712889571,0.184145745166073,0.774226941720744,0.182687706306717,0.793424985056784,0.827329192546584,0.684155299055614,0.956625074272133,0.609592111160914,0.3984,0.62962962962963,0.527932520496111
A23,Meadow,Without,2.81,3.47,3.4,2.5,67.37,5.91,0.918,17.47,15.1,40,36,227.12,-0.141732421,0.77341603029769,3.51430286411796,1.08580034129186,-0.813656663,-1.385255182,0.546181821345051,1.08365518413158,0.776983580843658,1.85028960147086,1.60253187252312,1.61555345675845,1.30385074597455,0.987836251065686,0.627221352960059,0.805379557680813,0.73416149068323,0.963273871983211,0.897207367795603,0.783056925145675,0.64,0.666666666666667,0.596804708850116
A24,Meadow,Without,2.79,3.42,3.98,3.26,73.18,6.75,0.679,16.61,14.55,13.8,54,270.85,0.295281037832148,0.800560038330536,3.08855122046968,1.04160722395267,-0.000233742,-0.34534458,0.485095250050091,1.42173271394522,1.29240461986248,-0.575931401,1.34308256774334,1.30403418034314,-0.638948659,2.91032003517017,1.36890225216459,0.87483562462642,0.838509316770186,0.712486883525708,0.864527629233512,0.744509188704617,0.2208,1,0.711714315745218
A25,Meadow,Without,2.87,3.42,3.24,2.82,76.48,7.75,0.794,12.63,14.8,50,47.5,239.87,-0.070493084,0.854798518019619,3.58935371708272,1.2183796933094,-1.038049193,-0.947398086,0.485095250050091,1.61375609576708,1.9060010948849,0.591497114735015,1.46101406991597,-0.137648052,2.04537723657619,2.2160897797991,0.843467213121452,0.914285714285714,0.962732919254658,0.833158447009444,0.879382055852644,0.566113850291349,0.8,0.87962962962963,0.630307967206222
A26,Meadow,Without,2.81,3.41,3.73,4,76.13,6.75,0.816,14.76,15.66,16.2,54,374.86,0.468757789745543,1.13821319637454,3.33862742450745,1.08580034129186,-0.35084707,0.667199952158871,0.472877935791099,1.59338997951325,1.29240461986248,0.814831265607503,1.86669843738981,0.633905504333472,-0.460982302,2.91032003517017,3.13295965729294,0.910101613867304,0.838509316770186,0.856243441762854,0.93048128342246,0.661586732406992,0.2592,1,0.985022072734917
A27,Meadow,Without,2.85,3.51,3.42,4,77.38,5.01,0.67,21.68,14.6,25,52.69,258.61,0.412707502369916,0.958741543860732,3.43418353847311,1.17418657597022,-0.785607597,0.667199952158871,0.595051078381019,1.66612610899122,0.224746753323487,-0.667295372,1.36666886817787,3.1405489843264,0.19156101007209,2.77040593754923,1.16130622640965,0.92504482964734,0.622360248447205,0.703043022035677,0.867498514557338,0.971761541909458,0.4,0.975740740740741,0.679551187723355
A28,Meadow,Without,2.85,3.46,3.17,2.5,70.59,7.75,0.648,18.14,14.19,41,45,280.64,-0.203331256,0.780550550312508,3.5538415396787,1.17418657597022,-1.136220925,-1.385255182,0.533964507086059,1.27102345366685,1.9060010948849,-0.890629523,1.17326120461476,1.85824870698898,1.37800339503471,1.94907814311793,1.53494515184929,0.843873281530185,0.962732919254658,0.679958027282267,0.843137254901961,0.81308830121022,0.656,0.833333333333333,0.737439562749632
A29,Meadow,Without,2.75,3.46,3.7,4,71.83,5.01,0.708,14.71,16.83,16.8,46,281.64,0.440366194723667,0.772796860440751,3.01810359762226,0.95322098927431,-0.39292067,0.667199952158871,0.533964507086059,1.343177694,0.224746753323487,-0.281536384,2.41861786755771,0.615793918495373,-0.416490712,2.0558827977904,1.5519056114698,0.858696951583981,0.622360248447205,0.742917103882476,1,0.659345584939489,0.2688,0.851851851851852,0.740067269287366
A30,Meadow,Without,2.06,3.56,4.24,3.82,75.93,7.75,0.736,15.15,16.12,12,47,227.12,0.217501386452486,0.769734964423269,2.95417570358473,-0.571441559,0.364404118943905,0.420905336117542,0.65613764967598,1.58175219879677,1.9060010948849,0.00270708061663593,2.08369240138745,0.775175873870646,-0.772423428,2.16268745246287,0.627221352960059,0.907710699342498,0.962732919254658,0.772298006295908,0.957813428401664,0.679067682653519,0.192,0.87037037037037,0.596804708850116
A1,Meadow,With,2.92,4.1,5.03,4.29,62.6,6.44,0.927,15.59,14.14,15.5,16.37,179.61,1.29527132163554,0.776254754927952,2.5831455118157,1.32886248665736,1.47234223555334,1.0640079446699,1.31587261966155,0.806094114043611,1.10218971260554,1.94165357228233,1.14967490418023,0.934557829245919,-0.512889156,-1.10873912,-0.178570084,0.748356246264196,0.8,0.972717733473243,0.840166369578134,0.698789780367548,0.248,0.303148148148148,0.47196237124238
A2,Meadow,With,2.94,3.99,5.06,3.5,71.32,5.61,0.557,11.51,14.2,8,20.2,180.35,1.0130004606651,0.236990606694727,2.05340637775755,1.37305560399654,1.51441583491825,-0.016951759,1.18148216281264,1.31350135328199,0.592904638336935,-1.814420783,1.17797846470166,-0.543347575,-1.069034024,-0.699677293,-0.166019343,0.852600119545726,0.696894409937888,0.584470094438615,0.843731431966726,0.515912147019274,0.128,0.374074074074074,0.473906874080303
A3,Meadow,With,2.9,4.13,4.31,3.5,78.91,6.44,0.781,14.45,9.4,12.2,18.38,173.45,0.770704505871259,0.325024660027315,2.34430021112837,1.28466936931818,0.462575850795373,-0.016951759,1.35252456243853,1.75515513147227,1.10218971260554,0.459526934673999,-1.086306377,0.521613672137257,-0.757592898,-0.894061764,-0.283046515,0.943335325762104,0.8,0.819517313746065,0.558526440879382,0.647691618108472,0.1952,0.34037037037037,0.455775698969939
A4,Meadow,With,2.89,4.45,4.55,4.02,57.92,6.44,0.828,16.26,14.65,31.2,31.64,176.32,1.12494552392437,0.881583782516953,3.09349617598992,1.26257281064859,0.799164645714695,0.694566020607907,1.74347861872627,0.533770045278061,1.10218971260554,0.936649893356133,1.39025516861239,1.17725307947645,0.651307434245106,0.522167956693712,-0.234369996,0.692408846383742,0.8,0.868835257082896,0.870469399881165,0.728821156432093,0.4992,0.585925925925926,0.463317216733235
A5,Meadow,With,2.97,3.78,4,3.5,48.02,5.44,0.788,10.18,13.78,48.5,33.28,175.91,0.593781852084166,0.47474151652874,3.01814802102134,1.43934528000532,0.0278153240245826,-0.016951759,0.924918563373805,-0.0423001,0.488593237583124,0.5305878008607,0.979853541051644,-1.025115758,1.93414826298594,0.697327590356564,-0.241323784,0.574058577405858,0.675776397515528,0.826862539349423,0.818775995246584,0.456297624383684,0.776,0.616296296296296,0.462239857052764
A6,Meadow,With,2.95,3.91,4.34,4.12,49.02,5.37,0.72,16.5,13.71,10.6,32.97,176.91,0.953735406105054,0.490949437844686,2.56139030162044,1.39515216266613,0.504649450160289,0.83139636285309,1.0837436487407,0.0158888033948563,0.445641484331555,-0.159717756,0.946832720443309,1.26418869149932,-0.876237136,0.664218147408098,-0.224363325,0.586013150029886,0.667080745341615,0.755508919202518,0.814616755793227,0.739578664276109,0.1696,0.610555555555556,0.464867563590498
A7,Meadow,With,2.92,4.06,4.98,4.54,50.02,7.14,0.767,17.71,11,21.3,33.18,177.91,1.35104230487774,0.757895345671445,2.8765463432134,1.32886248665736,1.40221956994515,1.40608380028286,1.26700336262558,0.0740777069772388,1.53170724512123,0.317405202300597,-0.331544763,1.70248906878133,-0.082803791,0.686647124889317,-0.207402865,0.597967722653915,0.88695652173913,0.804826862539349,0.65359477124183,0.793814432989691,0.3408,0.614444444444444,0.467495270128232
A8,Meadow,With,3,4.01,5.5,4.95,51.02,5.61,0.78,18.12,13.95,12.3,32.46,241.59,1.70253381077579,0.968995187812164,2.80015593762236,1.50563495601409,2.13149529227034,1.9670882034881,1.20591679133062,0.132266610559621,0.592904638336935,0.449375382361613,1.06004696252903,1.85100407265374,-0.750177633,0.609747773525138,0.872639203668714,0.609922295277944,0.696894409937888,0.818467995802728,0.828877005347594,0.812191842223218,0.1968,0.601111111111111,0.634827622451125
A9,Meadow,With,2.13,3.53,4.57,3.5,52.02,5.95,0.76,14.57,14.02,19.1,30.78,189.66,0.253245502887397,0.340476452733724,2.72495539715262,-0.416765648,0.827213711957973,-0.016951759,0.619485706899003,0.190455514142004,0.801527439844555,0.246344336113896,1.09306778313737,0.565081478148695,-0.245939619,0.430315953675386,-0.008117464,0.621876867901972,0.739130434782609,0.797481636935992,0.833036244800951,0.65307037203048,0.3056,0.57,0.498370821946605
A10,Meadow,With,2.97,3.99,4.49,4.33,72.99,5.62,0.652,13,14.41,17.2,35.26,167.85,1.1136462428427,0.585970313143467,2.60196033840685,1.43934528000532,0.715017446984865,1.11874008156797,1.18148216281264,1.41067682226457,0.599040603087158,-0.850023314,1.27704092652667,-0.003622317,-0.386829653,0.908800806608057,-0.378025089,0.872564255827854,0.698136645962733,0.684155299055614,0.856209150326797,0.582698341550874,0.2752,0.652962962962963,0.441060542358629
A11,Meadow,With,2.88,4.1,4.87,4.69,57.92,7.01,0.652,20.02,14.92,19.8,33.02,168.85,1.35390697272458,0.89355340311297,2.89012571811939,1.240476252,1.24794970560712,1.61132931365063,1.31587261966155,0.533770045278061,1.45193970336831,-0.850023314,1.51762119095883,2.53924433450151,-0.194032765,0.669558380141722,-0.361064629,0.692408846383742,0.870807453416149,0.684155299055614,0.886512180629828,0.897355445988346,0.3168,0.611481481481482,0.443688248896363
A12,Meadow,With,2.98,3.59,4.53,5,48.92,5.82,0.679,14.85,13.92,37.1,23,169.85,1.24021259630249,0.597769164231402,2.81239678908567,1.46144183867491,0.771115579471419,2.0355033746107,0.692789592452956,0.0100699130366179,0.721759898091641,-0.575931401,1.04589518226832,0.666506358842051,1.08880806370007,-0.40062426,-0.34410417,0.584817692767484,0.722981366459627,0.712486883525708,0.827094474153298,0.665620797848498,0.5936,0.425925925925926,0.446315955434097
A13,Meadow,With,2.99,4.07,4.64,4.09,59.92,5.77,0.794,16.21,13.29,21.1,15.89,273.49,1.11962294455451,0.706258691672542,2.69974161833482,1.4835383973445,0.925385443809441,0.790347260179535,1.27922067688458,0.650147852442826,0.69108007434052,0.591497114735015,0.748707796793293,1.15914149363835,-0.097634321,-1.160005354,1.41367786556271,0.716317991631799,0.716770186335404,0.833158447009444,0.789661319073084,0.72658000896459,0.3376,0.294259259259259,0.718651461004835
A14,Meadow,With,2.94,3.85,4.37,5,43.92,5.61,0.931,11.52,13.9,17,18.79,200.34,1.2414304478298,0.55648626804151,2.47096264061571,1.37305560399654,0.546723049525204,2.0355033746107,1.01043976318675,-0.280874605,0.592904638336935,1.98225978153188,1.03646066209451,-0.539725258,-0.401660182,-0.850271856,0.173020244323032,0.52504482964734,0.696894409937888,0.97691500524659,0.825906120023767,0.516360376512775,0.272,0.347962962962963,0.526434727769603
A15,Meadow,With,3.02,3.99,4.35,3.77,50.13,5.61,0.722,9.4,11,7.7,18,183.92,0.900618596110697,0.0304869785351976,1.97474743034278,1.54982807335327,0.518673983281927,0.352490164994951,1.18148216281264,0.0804784863713009,0.592904638336935,-0.139414652,-0.331544763,-1.307656498,-1.091279819,-0.934647533,-0.105470503,0.599282725642558,0.696894409937888,0.757607555089192,0.65359477124183,0.421335723890632,0.1232,0.333333333333333,0.483287786420013
A16,Meadow,With,2.99,3.89,4.64,4.54,40.95,4.11,0.5,12.59,14.77,11.9,17,238.28,1.21857916541488,0.165833820371182,2.06856414086332,1.4835383973445,0.925385443809441,1.40608380028286,1.05930902022272,-0.453695649,-0.327490074,-2.393059265,1.44686228965525,-0.152137321,-0.779838693,-1.041452188,0.816500082324855,0.489539748953975,0.51055900621118,0.524658971668416,0.877599524658348,0.564320932317346,0.1904,0.314814814814815,0.626129913811226
A17,Meadow,With,2.98,4.08,4.32,3.57,72.75,6.44,0.652,10,13.28,22.4,26,209.59,0.827077423560018,0.404943247545729,2.49777536666199,1.46144183867491,0.476600383917012,0.0788294805045856,1.29143799114357,1.39671148540479,1.10218971260554,-0.850023314,0.743990536706388,-1.090317467,-0.001235877,-0.080210296,0.32990449581267,0.869695158398087,0.8,0.684155299055614,0.789067142008319,0.448229493500672,0.3584,0.481481481481481,0.550741013243641
A18,Meadow,With,2.97,4.26,4.43,4.99,71.85,5.44,0.828,9.6,13.99,28.2,21,217.93,1.40084637911299,0.708553884615086,2.63351885565257,1.43934528000532,0.630870248255034,2.02182034038618,1.51134964780542,1.34434147218065,0.488593237583124,0.936649893356133,1.07891600287665,-1.235210154,0.428849487064614,-0.614233569,0.471354729047651,0.858936043036461,0.675776397515528,0.868835257082896,0.831253713606655,0.430300313760645,0.4512,0.388888888888889,0.572656085768341
A19,Meadow,With,2.89,4.06,4.74,3.88,63.92,6.61,0.884,10.6,14.35,12.5,23,218.93,1.02455262244116,0.618404553930558,2.47158264616204,1.26257281064859,1.06563077502583,0.503003541464652,1.26700336262558,0.882903466772356,1.20650111335935,1.50513682284974,1.24873736600524,-0.872978437,-0.735347103,-0.40062426,0.488315188668153,0.764136282127914,0.82111801242236,0.927597061909759,0.852644087938206,0.475123263110713,0.2,0.425925925925926,0.575283792306075
A20,Meadow,With,2.95,3.96,4,4.52,63.92,5.67,0.658,11.6,10,42.5,24,267.76,0.98662885964005,0.488992919628892,2.84036210022555,1.39515216266613,0.0278153240245826,1.37871773183382,1.14483022003566,0.882903466772356,0.629720426838279,-0.789114,-0.803270772,-0.510746721,1.48923236862496,-0.293819605,1.31649443193724,0.764136282127914,0.704347826086956,0.690451206715635,0.5941770647653,0.51994621246078,0.68,0.444444444444444,0.70359470254362
A21,Meadow,With,3.04,3.95,4.44,3.5,51.86,7.51,0.673,12.6,14.71,9.2,22,268.76,0.838644279694689,0.48113654096293,2.3650509596685,1.59402119069246,0.644894781376673,-0.016951759,1.13261290577667,0.181145289568823,1.75873794087952,-0.636840715,1.41855872913382,-0.148515004,-0.980050845,-0.507428914,1.33345489155774,0.619964136282128,0.932919254658385,0.706190975865687,0.874034462269757,0.564769161810847,0.1472,0.407407407407407,0.706222409081354
A22,Meadow,With,3.02,4.05,5.26,4.51,43.92,5.61,0.953,13.6,14.09,24.9,23,183,1.49113882917005,0.79036932993122,2.77519306375467,1.54982807335327,1.79490649735102,1.3650346976093,1.25478604836659,-0.280874605,0.592904638336935,2.20559393240436,1.1260886037457,0.213716712889571,0.184145745166073,-0.40062426,-0.121074125,0.52504482964734,0.696894409937888,1,0.837195484254308,0.609592111160914,0.3984,0.425925925925926,0.480870296405297
A23,Meadow,With,2.98,4.27,5.12,3.5,57.92,5.18,0.781,10.55,13.83,40,19,180.41,1.14165501883009,0.526027598274673,2.70022704175039,1.46144183867491,1.59856303364809,-0.016951759,1.52356696206442,0.533770045278061,0.329058154077297,0.459526934673999,1.00343984148617,-0.891090023,1.30385074597455,-0.827842878,-0.165001716,0.692408846383742,0.643478260869565,0.819517313746065,0.82174688057041,0.472882115643209,0.64,0.351851851851852,0.474064536472567
A24,Meadow,With,2.95,3.81,5.5,5,58.03,6.44,0.796,10.53,11,13.8,44,176.87,1.63093033392449,0.710523813144273,2.59714624757371,1.39515216266613,2.13149529227034,2.0355033746107,0.961570506150781,0.540170824672123,1.10218971260554,0.611800219359787,-0.331544763,-0.898334658,-0.638948659,1.84227348844546,-0.225041743,0.693723849372385,0.8,0.835257082896118,0.65359477124183,0.471985656656208,0.2208,0.814814814814815,0.464762455328989
A25,Meadow,With,2.97,3.6,4.63,5,63.92,5.96,0.695,10,13.55,50,33,190.44,1.27280411800394,0.738935590707958,3.00998639624347,1.43934528000532,0.911360910687803,2.0355033746107,0.705006906711948,0.882903466772356,0.807663404594779,-0.413506564,0.871356559052827,-1.090317467,2.04537723657619,0.667422287048272,0.00511169408006763,0.764136282127914,0.740372670807453,0.729275970619098,0.805109922756982,0.448229493500672,0.8,0.611111111111111,0.500420433046037
A26,Meadow,With,3.06,3.91,4.72,3.86,63.62,7.68,0.607,14.25,14.89,16.2,51.29,275.95,1.05879428464263,0.935397046940239,2.96947095953691,1.63821430803164,1.03758170878255,0.475637473015615,1.0837436487407,0.865446795697641,1.86304934163333,-1.306843168,1.50346941069811,0.44916732878486,-0.460982302,2.62087942100777,1.45540059622914,0.760549910340705,0.954037267080745,0.636935991605456,0.884729649435532,0.638727028238458,0.2592,0.949814814814815,0.72511561908766
A27,Meadow,With,2.89,4.02,4.94,4.64,73.91,5.61,0.915,13.74,14.62,25,50.06,195.62,1.34243562405621,1.13843856791589,3.23314955091459,1.26257281064859,1.34612143745859,1.54291414252804,1.21813410558961,1.46421061356036,0.592904638336935,1.8198349445337,1.37610338835168,0.264429153236249,0.19156101007209,2.48950969576063,0.092966874914265,0.88356246264196,0.696894409937888,0.9601259181532,0.868686868686869,0.615867324069924,0.4,0.927037037037037,0.514031952911499
A28,Meadow,With,2.95,3.92,4.62,4.25,57.92,6.44,0.646,19.06,13.52,41,34,215.37,1.09943132775095,0.895968782980506,3.26954644456867,1.39515216266613,0.897336377566165,1.00927580777183,1.09596096299969,0.533770045278061,1.10218971260554,-0.910932627,0.857204778792111,2.191501886,1.37800339503471,0.774226941720744,0.427935952419168,0.692408846383742,0.8,0.677859391395593,0.803327391562686,0.854325414612282,0.656,0.62962962962963,0.565929157031743
A29,Meadow,With,2.59,3.8,5.48,3.64,47.93,6.44,0.811,17.48,11,16.8,29,216.37,0.95677154713898,0.600171056890998,2.78126045103903,0.59967605056085,2.10344622602707,0.174610720076214,0.949353191891789,-0.047537102,1.10218971260554,0.764073504045575,-0.331544763,1.61917577392607,-0.416490712,0.240203668358388,0.444896412039669,0.572982665869695,0.8,0.85099685204617,0.65359477124183,0.783505154639175,0.2688,0.537037037037037,0.568556863569477
A30,Meadow,With,2.39,3.85,4.93,5,57.92,6.44,0.924,10.26,13.67,12,24,182.48,1.13394622982586,0.568219454526608,2.41520521939735,0.157744877169026,1.33209690433696,2.0355033746107,1.01043976318675,0.533770045278061,1.10218971260554,1.91119891534517,0.927963680095688,-0.996137221,-0.772423428,-0.293819605,-0.129893564,0.692408846383742,0.8,0.969569779643232,0.812240047534165,0.45988346033169,0.192,0.444444444444444,0.479503889005676
B1,Steppe,Without,1.85,2.38,3.58,3.54,39.45,2.78,0.816,13.88,8.53,22.5,29.71,162.26,-0.586102353,-0.37885972,2.51727685267842,-1.035469291,-0.561215067,0.0377803778310311,-0.785505433,-0.540979004,-1.143573386,0.814831265607503,-1.496708005,0.315141593582926,0.00617938742168024,0.316034973175842,-0.472834058,0.471607890017932,0.345341614906832,0.856243441762854,0.506833036244801,0.622142536978933,0.36,0.550185185185185,0.426371662812697
B2,Steppe,Without,1.87,2.26,3.7,4.08,41.1,3.32,0.773,10.98,9.53,29.5,22.81,163.26,-0.384911455,-0.377532092,2.43794802649416,-0.991276174,-0.39292067,0.776664225955017,-0.932113204,-0.444967313,-0.812231289,0.378314516174912,-1.024981996,-0.735330385,0.525247930842828,-0.420917144,-0.455873598,0.491332934847579,0.412422360248447,0.811122770199371,0.566250742721331,0.492155983863738,0.472,0.422407407407407,0.428999369350431
B3,Steppe,Without,1.92,2.16,5,3.7,42.72,2.78,0.648,13.05,10.53,39,29.55,164.26,-0.062025541,-0.173503491,2.67399081795582,-0.88079338,1.43026863618842,0.256708925423323,-1.054286347,-0.350701289,-1.143573386,-0.890629523,-0.553255987,0.0144892686704797,1.22969809691438,0.298946228428247,-0.438913139,0.510699342498506,0.345341614906832,0.679958027282267,0.625668449197861,0.584939489018377,0.624,0.547222222222222,0.431627075888165
B4,Steppe,Without,1.88,2.32,4.53,3.75,43.72,2.78,0.708,9.4,11.53,15.3,22.81,161.95,-0.182937314,-0.438773877,2.10351095985485,-0.969179615,0.771115579471419,0.325124096545914,-0.858809318,-0.292512386,-1.143573386,-0.281536384,-0.081529979,-1.307656498,-0.527719686,-0.420917144,-0.478091801,0.522653915122534,0.345341614906832,0.742917103882476,0.685086155674391,0.421335723890632,0.2448,0.422407407407407,0.425557074
B5,Steppe,Without,1.88,2.24,3.91,3.71,41.53,3.32,0.736,10.4,7.53,27.5,29.27,183.09,-0.43843524,-0.447552848,2.44085289042221,-0.969179615,-0.098405474,0.270391959647841,-0.956547833,-0.419946084,-0.812231289,0.00270708061663593,-1.968434013,-0.945424781,0.3769426327225,0.269040925119955,-0.119547684,0.496473401075912,0.412422360248447,0.772298006295908,0.447415329768271,0.466158673240699,0.44,0.542037037037037,0.481106789993693
B6,Steppe,Without,1.88,2.25,4.65,3.74,41.97,2.78,0.773,11.4,9.56,8.5,29,163.59,-0.165664773,-0.388192907,2.12407685211285,-0.969179615,0.93940997693108,0.311441062321396,-0.944330518,-0.394342967,-1.143573386,0.378314516174912,-1.010830216,-0.583193064,-1.031957699,0.240203668358388,-0.450276647,0.501733413030484,0.345341614906832,0.811122770199371,0.568033273915627,0.510981622590767,0.136,0.537037037037037,0.429866512507883
B7,Steppe,Without,1.86,2.33,3.71,3.33,41.11,3.32,0.787,13.68,10,12.5,26.99,186.58,-0.622106053,-0.379613056,2.34175445073162,-1.013372732,-0.378896137,-0.249563341,-0.846592004,-0.444385424,-0.812231289,0.520436248548314,-0.803270772,0.242695250230529,-0.735347103,0.0255263124667203,-0.06035568,0.491452480573819,0.412422360248447,0.825813221406086,0.5941770647653,0.61317794710892,0.2,0.499814814814815,0.490277485810385
B8,Steppe,Without,1.89,2.28,4.01,3.72,23.49,2.78,0.732,10.27,9.79,25.5,23.58,179.83,-0.382211695,-0.529976695,2.29195237368599,-0.947083056,0.0418398571462207,0.28407499387236,-0.907678575,-1.469673905,-1.143573386,-0.037899129,-0.902333234,-0.992514904,0.228637334602172,-0.33867756,-0.174838782,0.280812910938434,0.345341614906832,0.76810073452256,0.581699346405229,0.460331689825191,0.408,0.436666666666667,0.472540466680681
B9,Steppe,Without,1.87,2.29,4.49,3.53,23.49,3.32,0.822,13.63,10.16,24.5,20.85,158.75,-0.286905661,-0.338761088,2.41120951033601,-0.991276174,0.715017446984865,0.0240973436065126,-0.895461261,-1.469673905,-0.812231289,0.875740579481818,-0.72779461,0.22458366439243,0.154484685542008,-0.630254267,-0.532365271,0.280812910938434,0.412422360248447,0.862539349422875,0.603683897801545,0.610936799641416,0.392,0.386111111111111,0.417148412865251
B10,Steppe,Without,1.85,2.04,4.86,3.75,43.67,2.78,0.816,10,10.02,10,22.81,159.85,-0.169328535,-0.420082204,2.05229313600804,-1.035469291,1.23392517248549,0.325124096545914,-1.200894118,-0.295421831,-1.143573386,0.814831265607503,-0.793836252,-1.090317467,-0.920728726,-0.420917144,-0.513708766,0.522056186491333,0.345341614906832,0.856243441762854,0.595365418894831,0.448229493500672,0.16,0.422407407407407,0.420038890056758
B11,Steppe,Without,1.85,2.24,3.5,4.01,30.61,3.8,0.657,12.8,10.31,32,23,161.76,-0.496136367,-0.438441523,2.46943862332191,-1.035469291,-0.673411332,0.680882986383389,-0.956547833,-1.055368912,-0.517704981,-0.799265552,-0.657035709,-0.076068661,0.710629553493237,-0.40062426,-0.481314288,0.365929468021518,0.472049689440994,0.689401888772298,0.612596553773024,0.573733751680861,0.512,0.425925925925926,0.42505780954383
B12,Steppe,Without,1.86,2.26,3.78,3.67,42.51,4.38,0.803,12.7,9.4,22.5,29,216.27,-0.50263763,-0.196787017,2.61516490854407,-1.013372732,-0.280724405,0.215659822749768,-0.932113204,-0.362920959,-0.161819026,0.682861085546488,-1.086306377,-0.112291832,0.00617938742168024,0.240203668358388,0.443200366077619,0.50818888224746,0.544099378881988,0.842602308499475,0.558526440879382,0.569251456745854,0.36,0.537037037037037,0.568294092915703
B13,Steppe,Without,1.92,2.3,4.27,4.1,43.51,4.23,0.834,9.4,10.88,44.5,25,204.39,-0.138382329,-0.009844685,2.77431989052595,-0.88079338,0.406477718308819,0.804030294404053,-0.883243947,-0.304732055,-0.253858497,0.997559207230448,-0.388151884,-1.307656498,1.63753766674529,-0.18701495,0.241710105786062,0.520143454871488,0.525465838509317,0.875131164742917,0.646464646464647,0.421335723890632,0.712,0.462962962962963,0.537076939247425
B14,Steppe,Without,1.84,2.4,4.97,3.93,44.51,3.32,0.755,13.67,8.38,15.5,34,223.92,0.0352442738462904,-0.101359923,2.50475787269715,-1.05756585,1.38819503682351,0.571418712587243,-0.761070804,-0.246543152,-0.812231289,0.195586574551967,-1.567466906,0.23907293306291,-0.512889156,0.774226941720744,0.572947882174454,0.532098027495517,0.412422360248447,0.792235047219307,0.497920380273322,0.612729717615419,0.248,0.62962962962963,0.588396047929367
B15,Steppe,Without,1.86,2.31,4.09,3.83,45.51,4.32,0.607,12.95,10.54,28.5,31,224.92,-0.323943718,-0.172088594,2.64419468307179,-1.013372732,0.154036122119328,0.43458837034206,-0.871026633,-0.188354248,-0.198634814,-1.306843168,-0.548538727,-0.021733903,0.451095281782664,0.45381297770333,0.589908341794956,0.544052600119546,0.536645962732919,0.636935991605456,0.626262626262626,0.580457194083371,0.456,0.574074074074074,0.591023754467101
B16,Steppe,Without,1.87,2.07,4.68,3.89,35.15,2.78,0.5,12.4,9.32,18.5,29,196.23,-0.164337049,-0.523091061,2.19932208975288,-0.991276174,0.981483576295995,0.51668657568917,-1.164242175,-0.791191289,-1.143573386,-2.393059265,-1.124044458,-0.220961347,-0.290431209,0.240203668358388,0.103312755282771,0.420203227734608,0.345341614906832,0.524658971668416,0.55377302436126,0.555804571940834,0.296,0.537037037037037,0.515634853899516
B17,Steppe,Without,1.83,2.35,4.22,4.31,37.12,3.32,0.773,12.95,10,53,33,197.23,-0.11852268,0.0538299475173714,3.03653218983073,-1.079662408,0.336355052700627,1.09137401311894,-0.822157376,-0.676559149,-0.812231289,0.378314516174912,-0.803270772,-0.021733903,2.26783518375668,0.667422287048272,0.120273214903272,0.443753735803945,0.412422360248447,0.811122770199371,0.5941770647653,0.580457194083371,0.848,0.611111111111111,0.51826256043725
B18,Steppe,Without,1.87,2.36,3.61,3.8,36.77,3.32,0.816,13.11,8.96,21.5,22.81,198.23,-0.481704609,-0.352536925,2.44175148435737,-0.991276174,-0.519141468,0.393539267668505,-0.809940061,-0.696925265,-0.812231289,0.814831265607503,-1.293865821,0.0362231716761983,-0.067973262,-0.420917144,0.137233674523773,0.439569635385535,0.412422360248447,0.856243441762854,0.532382650029709,0.587628865979381,0.344,0.422407407407407,0.520890266974984
B19,Steppe,Without,1.86,2.1,3.94,3.92,40.61,2.78,0.727,12.75,9.88,21.5,22.81,199.23,-0.40988979,-0.386168644,2.38009793475441,-1.013372732,-0.056331875,0.557735678362725,-1.127590232,-0.473479876,-1.143573386,-0.08865689,-0.859877893,-0.094180246,-0.067973262,-0.420917144,0.154194134144275,0.485475194261805,0.345341614906832,0.762854144805876,0.587046939988117,0.571492604213357,0.344,0.422407407407407,0.523517973512718
B20,Steppe,Without,1.92,2.29,4.16,3.88,28.35,2.2,0.658,12.96,10.56,27.5,22.81,200.23,-0.255260812,-0.410544011,2.39735976679033,-0.88079338,0.252207853970797,0.503003541464652,-0.895461261,-1.186875834,-1.499459341,-0.789114,-0.539104207,-0.018111586,0.3769426327225,-0.420917144,0.171154593764776,0.338912133891213,0.273291925465839,0.690451206715635,0.627450980392157,0.580905423576871,0.44,0.422407407407407,0.526145680050452
B21,Steppe,Without,1.91,2.14,3.96,3.2,33.74,2.2,0.773,13.81,10.74,20.5,18,188.66,-0.609334127,-0.474831541,2.30854344464385,-0.902889939,-0.028282808,-0.427442786,-1.078720975,-0.873237643,-1.499459341,0.378314516174912,-0.454193525,0.289785373409587,-0.142125911,-0.934647533,-0.025077924,0.403347280334728,0.273291925465839,0.811122770199371,0.638146167557932,0.619004930524429,0.328,0.333333333333333,0.495743115408871
B22,Steppe,Without,1.87,2.44,4.27,3.51,38.41,3.32,0.773,13.05,10.18,20.5,29,135.59,-0.325067182,-0.322220295,2.42358258649505,-0.991276174,0.406477718308819,-0.003268725,-0.712201547,-0.601495464,-0.812231289,0.378314516174912,-0.71836009,0.0144892686704797,-0.142125911,0.240203668358388,-0.925169516,0.459175134488942,0.412422360248447,0.811122770199371,0.604872251931076,0.584939489018377,0.328,0.537037037037037,0.356290729451335
B23,Steppe,Without,1.91,2.15,4.46,3.99,35.49,2.78,0.5,12.64,10.25,22.5,28,136.59,-0.160733209,-0.544914017,2.20100313980757,-0.902889939,0.67294384761995,0.653516917934353,-1.066503661,-0.771407062,-1.143573386,-2.393059265,-0.68533927,-0.134025735,0.00617938742168024,0.133399013685916,-0.908209056,0.424267782426778,0.345341614906832,0.524658971668416,0.609031491384433,0.56656207978485,0.36,0.518518518518518,0.358918435989069
B24,Steppe,Without,1.88,2.18,3.58,4.33,41.67,3.32,0.496,13.25,11.44,16,26,137.59,-0.36037658,-0.548627013,2.12420830496567,-0.969179615,-0.561215067,1.11874008156797,-1.029851718,-0.411799638,-0.812231289,-2.433665474,-0.123985319,0.0869356120228763,-0.475812831,-0.080210296,-0.891248597,0.498147041243276,0.412422360248447,0.520461699895068,0.679738562091503,0.593904078888391,0.256,0.481481481481481,0.361546142526803
B25,Steppe,Without,1.88,2.2,4.8,3.69,36.76,2.78,0.628,12.49,8.48,19,22.81,138.59,-0.14544821,-0.564479076,2.13442747070526,-0.969179615,1.14977797375566,0.243025891198805,-1.00541709,-0.697507155,-1.143573386,-1.093660569,-1.520294305,-0.188360493,-0.253354884,-0.420917144,-0.874288137,0.439450089659295,0.345341614906832,0.65897166841553,0.503862150920975,0.55983863738234,0.304,0.422407407407407,0.364173849064536
B26,Steppe,Without,1.9,2.32,4.8,3.71,38.51,3.32,0.593,13.49,10,26.5,31,178.77,-0.090906471,-0.273842675,2.50131987483717,-0.924986498,1.14977797375566,0.270391959647841,-0.858809318,-0.595676573,-0.812231289,-1.4489649,-0.803270772,0.173871224045753,0.302789983662336,0.45381297770333,-0.19281687,0.460370591751345,0.412422360248447,0.622245540398741,0.5941770647653,0.604661586732407,0.424,0.574074074074074,0.469755097750683
B27,Steppe,Without,1.88,2.54,4.49,3.51,36.14,2.78,0.743,9.4,10.36,18.5,22.81,156.96,-0.211864824,-0.488835647,2.14417548468268,-0.969179615,0.715017446984865,-0.003268725,-0.590028405,-0.733584275,-1.143573386,0.0737679468033369,-0.633449409,-1.307656498,-0.290431209,-0.420917144,-0.562724494,0.432038254632397,0.345341614906832,0.779643231899266,0.615567439096851,0.421335723890632,0.296,0.422407407407407,0.412444818162708
B28,Steppe,Without,1.84,2.59,3.9,4.01,51.68,3.32,0.816,12.67,10.73,28.5,22.81,165.13,-0.254513676,-0.151736034,2.56985775691698,-1.05756585,-0.112430007,0.680882986383389,-0.528941833,0.170671286923994,-0.812231289,0.814831265607503,-0.458910785,-0.123158784,0.451095281782664,-0.420917144,-0.424157539,0.617812313209803,0.412422360248447,0.856243441762854,0.637551990493167,0.567906768265352,0.456,0.422407407407407,0.433913180575993
B29,Steppe,Without,1.86,2.25,5,3.77,39.67,2.78,0.685,11.71,10.89,33.5,22.81,180.21,-0.043736112,-0.248625471,2.49276459866519,-1.013372732,1.43026863618842,0.352490164994951,-0.944330518,-0.528177445,-1.143573386,-0.515022087,-0.383434624,-0.470901232,0.821858527083483,-0.420917144,-0.168393808,0.474237895995218,0.345341614906832,0.718782791185729,0.647058823529412,0.524876736889287,0.536,0.422407407407407,0.47353899516502
B30,Steppe,Without,1.84,2.36,3.66,3.82,35.99,2.54,0.628,13.62,8.28,12.5,22.81,181.21,-0.473904844,-0.643650404,2.08756015775828,-1.05756585,-0.449018802,0.420905336117542,-0.809940061,-0.74231261,-1.29083654,-1.093660569,-1.614639507,0.22096134722481,-0.735347103,-0.420917144,-0.151433348,0.430245068738793,0.315527950310559,0.65897166841553,0.491978609625668,0.610488570147916,0.2,0.422407407407407,0.476166701702754
B1,Steppe,With,1.72,1.54,3.47,2.67,22.36,2.05,0.647,12.82,9.11,22.5,15,125.21,-1.250653229,-1.056029359,2.00679650591159,-1.322724554,-0.715484931,-1.1526436,-1.811759831,-1.535427366,-1.591498813,-0.900781075,-1.22310692,-0.068824026,0.00617938742168024,-1.255061497,-1.101219087,0.267304243873281,0.254658385093168,0.67890870933893,0.541295306001188,0.574630210667862,0.36,0.277777777777778,0.329015135589657
B2,Steppe,With,1.66,1.52,2.79,2.66,20.65,3.73,0.658,10.9,9.52,5,19,125.05,-1.531744546,-1.177412925,1.72084922025573,-1.455303906,-1.669153184,-1.166326634,-1.836194459,-1.634930391,-0.560656735,-0.789114,-1.029699256,-0.764308922,-1.291491971,-0.827842878,-1.103932761,0.246861924686192,0.463354037267081,0.690451206715635,0.565656565656566,0.488570147915733,0.08,0.351851851851852,0.32859470254362
B3,Steppe,With,1.77,1.7,3.8,2,23.23,2.05,0.743,10.45,8.96,39,14,112.28,-1.287651698,-0.985583798,2.15929585045347,-1.21224176,-0.252675338,-2.069406893,-1.616282802,-1.48480302,-1.591498813,0.0737679468033369,-1.293865821,-0.927313195,1.22969809691438,-1.361866152,-1.32051783,0.277704722056186,0.254658385093168,0.779643231899266,0.532382650029709,0.468399820708203,0.624,0.259259259259259,0.295038890056758
B4,Steppe,With,1.67,1.72,2.95,3.5,20.74,3.19,0.817,9.31,9.29,15,15,108.38,-1.121691983,-0.987801794,1.86253010644116,-1.433207347,-1.444760654,-0.016951759,-1.591848174,-1.62969339,-0.891998831,0.824982817919889,-1.138196238,-1.340257352,-0.549965481,-1.255061497,-1.386663622,0.247937836222355,0.396273291925466,0.857292759706191,0.551990493166964,0.417301658449126,0.24,0.277777777777778,0.284790834559596
B5,Steppe,With,1.68,1.84,3.77,3.5,20,2.75,0.701,10.31,8.77,17.5,19,149.23,-0.792012972,-0.883596548,1.98948426793386,-1.411110788,-0.294748938,-0.016951759,-1.445240403,-1.672753179,-1.16198128,-0.35259725,-1.383493762,-0.978025635,-0.364583858,-0.827842878,-0.693828847,0.239091452480574,0.341614906832298,0.735571878279119,0.521093285799168,0.462124607799193,0.28,0.351851851851852,0.392132646626025
B6,Steppe,With,1.69,1.22,4,3.38,24.76,2.05,0.635,11.31,9.71,35,15,129.93,-0.936265241,-0.887828202,2.14885353328885,-1.38901423,0.0278153240245826,-0.18114817,-2.202713887,-1.395773998,-1.591498813,-1.022599703,-0.940071314,-0.615793918,0.933087500673729,-1.255061497,-1.021165718,0.29599521817095,0.254658385093168,0.666316894018888,0.576945929887106,0.50694755714926,0.56,0.277777777777778,0.341417910447761
B7,Steppe,With,1.7,1.52,3.67,2.27,25.76,2.2,0.807,12.31,9.12,12.5,19.94,131.16,-1.334517842,-0.948891527,2.01184027282193,-1.366917671,-0.434994269,-1.699964969,-1.836194459,-1.337585094,-1.499459341,0.723467294796031,-1.218389659,-0.253562202,-0.735347103,-0.727446503,-1.000304352,0.307949790794979,0.273291925465839,0.846799580272823,0.541889483065954,0.551770506499328,0.2,0.369259259259259,0.344649989489174
B8,Steppe,With,1.84,1.59,2.97,2.63,26.76,2.75,0.662,9.81,9.94,5.5,21.86,139.17,-1.358081608,-1.10451465,1.75375363473175,-1.05756585,-1.416711588,-1.207375737,-1.750673259,-1.27939619,-1.16198128,-0.74850779,-0.831574332,-1.159141494,-1.254415647,-0.522381566,-0.864451071,0.319904363419008,0.341614906832298,0.694648478488982,0.590612002376708,0.43971313312416,0.088,0.404814814814815,0.365697918856422
B9,Steppe,With,1.73,1.87,3.05,2.99,27.76,2.2,0.761,12.25,8.92,9.5,19,145.33,-1.182129571,-0.94386188,1.92646358029131,-1.300627995,-1.304515323,-0.714786505,-1.40858846,-1.221207287,-1.499459341,0.256495888426282,-1.312734861,-0.275296105,-0.95780505,-0.827842878,-0.759974639,0.331858936043036,0.273291925465839,0.798530954879328,0.530005941770648,0.549081129538324,0.152,0.351851851851852,0.381884591128863
B10,Steppe,With,1.68,1.69,2.58,2.67,28.76,3.2,0.821,10,9.4,10,26,146.33,-1.538980721,-0.938316013,2.04670761143367,-1.411110788,-1.963668379,-1.1526436,-1.628500117,-1.163018383,-0.885862866,0.865589027169432,-1.086306377,-1.090317467,-0.920728726,-0.080210296,-0.74301418,0.343813508667065,0.397515527950311,0.861490031479538,0.558526440879382,0.448229493500672,0.16,0.481481481481481,0.384512297666597
B11,Steppe,With,1.71,1.53,3.84,2.44,20.34,2.2,0.784,9.4,8.23,32,27,147.33,-1.208182213,-0.869157305,2.31306531366105,-1.344821112,-0.196577206,-1.467353387,-1.823977145,-1.652968951,-1.499459341,0.489981591611157,-1.638225807,-1.307656498,0.710629553493237,0.0265943590134452,-0.72605372,0.243156007172744,0.273291925465839,0.822665267576076,0.489007724301842,0.421335723890632,0.512,0.5,0.38714000420433
B12,Steppe,With,1.72,1.54,3.6,2.5,24.02,3.21,0.795,12.81,9.54,22.5,28,108.33,-1.263226392,-0.759205159,2.34190879878682,-1.322724554,-0.533166001,-1.385255182,-1.811759831,-1.438833786,-0.879726902,0.601648667047401,-1.020264736,-0.072446343,0.00617938742168024,0.133399013685916,-1.387511645,0.287148834429169,0.398757763975155,0.834207764952781,0.566844919786096,0.574181981174361,0.36,0.518518518518518,0.28465944923271
B13,Steppe,With,1.69,1.55,3.09,2.04,27.7,2.2,0.806,13.9,9.3,34.5,19,104.48,-1.612912173,-0.888185398,2.37999117188901,-1.38901423,-1.24841719,-2.014674756,-1.799542516,-1.224698621,-1.499459341,0.713315742483645,-1.133478978,0.322386227918166,0.896011176143647,-0.827842878,-1.452809415,0.331141661685595,0.273291925465839,0.845750262329486,0.552584670231729,0.623038995965935,0.552,0.351851851851852,0.274542779062434
B14,Steppe,With,1.74,1.56,3.86,3.5,28,2.75,0.817,10,9.4,35.5,19,105.48,-0.812834134,-0.688810734,2.28405210522604,-1.278531436,-0.16852814,-0.016951759,-1.787325202,-1.20724195,-1.16198128,0.824982817919889,-1.086306377,-1.090317467,0.970163825203811,-0.827842878,-1.435848955,0.334728033472803,0.341614906832298,0.857292759706191,0.558526440879382,0.448229493500672,0.568,0.351851851851852,0.277170485600168
B15,Steppe,With,1.75,1.3,4,2.06,22.3,3.32,0.828,10.9,9.47,28.5,21,106.48,-1.330225903,-0.844585414,2.27184550627095,-1.256434878,0.0278153240245826,-1.987308687,-2.104975373,-1.5389187,-0.812231289,0.936649893356133,-1.053285556,-0.764308922,0.451095281782664,-0.614233569,-1.418888496,0.26658696951584,0.412422360248447,0.868835257082896,0.562685680332739,0.488570147915733,0.456,0.388888888888889,0.279798192137902
B16,Steppe,With,1.69,1.84,2.68,2.6,24.98,2.7,0.827,10.01,9.99,38.5,19,107.48,-1.47652563,-0.873922504,2.33034479181505,-1.38901423,-1.823423048,-1.248424839,-1.445240403,-1.382972439,-1.192661104,0.926498341043747,-0.807988032,-1.08669515,1.1926217723843,-0.827842878,-1.401928036,0.298625224148237,0.335403726708075,0.867785939139559,0.593582887700535,0.448677722994173,0.616,0.351851851851852,0.282425898675636
B17,Steppe,With,1.65,1.74,3.82,3.5,25.41,2.05,0.773,12.77,9.14,43,19,108.48,-0.82159801,-0.653326672,2.41068224272252,-1.477400464,-0.224626272,-0.016951759,-1.567413545,-1.35795121,-1.591498813,0.378314516174912,-1.208955139,-0.086935612,1.52630869315504,-0.827842878,-1.384967576,0.303765690376569,0.254658385093168,0.811122770199371,0.543077837195484,0.572389063200359,0.688,0.351851851851852,0.28505360521337
B18,Steppe,With,1.66,1.95,3.87,2,23.85,2.75,0.566,11.85,9.99,31.5,15,96.78,-1.247516088,-1.059743199,2.04893991758666,-1.455303906,-0.154503607,-2.069406893,-1.310849946,-1.4487259,-1.16198128,-1.723056812,-0.807988032,-0.420188791,0.673553228963155,-1.255061497,-1.583404954,0.285116557083084,0.341614906832298,0.593913955928646,0.593582887700535,0.531151949798297,0.504,0.277777777777778,0.254309438721884
B19,Steppe,With,1.69,1.76,2.91,2.17,25.21,2.05,0.778,13.12,9.58,21.5,23,96.45,-1.567411811,-0.9850677,2.18304228306026,-1.38901423,-1.500858786,-1.836795311,-1.542978917,-1.369588991,-1.591498813,0.429072277736842,-1.001395695,0.039845488843818,-0.067973262,-0.40062426,-1.589001906,0.301374775851763,0.254658385093168,0.816369359916055,0.569221628045158,0.588077095472882,0.344,0.425925925925926,0.253442295564431
B20,Steppe,With,1.77,1.34,3.01,2.67,19,2.75,0.658,12.19,8.96,27.5,19,101.83,-1.445401233,-1.083599417,2.11444807830212,-1.21224176,-1.360613455,-1.1526436,-2.056106116,-1.730942082,-1.16198128,-0.789114,-1.293865821,-0.297030008,0.3769426327225,-0.827842878,-1.497754633,0.227136879856545,0.341614906832298,0.690451206715635,0.532382650029709,0.54639175257732,0.44,0.351851851851852,0.26757935673744
B21,Steppe,With,1.67,1.63,3.81,3.5,20,2.2,0.558,10,8.96,50,21,128.68,-0.847653478,-0.863541798,2.27721909735244,-1.433207347,-0.238650805,-0.016951759,-1.701804002,-1.672753179,-1.499459341,-1.804269231,-1.293865821,-1.090317467,2.04537723657619,-0.614233569,-1.042366292,0.239091452480574,0.273291925465839,0.585519412381952,0.532382650029709,0.448229493500672,0.8,0.388888888888889,0.338133277275594
B22,Steppe,With,1.78,1.37,3.24,2.51,23.07,2.75,0.786,12.31,9.44,40.5,23,129.68,-1.404805179,-0.764261092,2.51572553536751,-1.190145202,-1.038049193,-1.371572147,-2.019454173,-1.494113245,-1.16198128,0.510284696235928,-1.067437337,-0.253562202,1.34092707050463,-0.40062426,-1.025405832,0.275791990436342,0.341614906832298,0.824763903462749,0.560903149138443,0.551770506499328,0.648,0.425925925925926,0.340760983813328
B23,Steppe,With,1.72,1.91,3.86,2,26.31,2.05,0.776,12.87,8.9,12.5,19,130.68,-1.230094697,-0.946100567,1.98823242453297,-1.322724554,-0.16852814,-2.069406893,-1.359719203,-1.305581197,-1.591498813,0.40876917311207,-1.322169381,-0.05071244,-0.735347103,-0.827842878,-1.008445373,0.314524805738195,0.254658385093168,0.814270724029381,0.528817587641117,0.576871358135365,0.2,0.351851851851852,0.343388690351062
B24,Steppe,With,1.74,1.89,2.86,3.37,22.01,2.75,0.792,12.95,8.96,16,15,104.79,-1.107124481,-0.922425367,1.97207198105441,-1.278531436,-1.570981452,-0.194831204,-1.384153832,-1.555793482,-1.16198128,0.571194010110244,-1.293865821,-0.021733903,-0.475812831,-1.255061497,-1.447551672,0.263120143454872,0.341614906832298,0.83105981112277,0.532382650029709,0.580457194083371,0.256,0.277777777777778,0.275357368089132
B25,Steppe,With,1.71,1.64,2.54,2.14,20,2.05,0.745,11.79,8.8,19,15,96.78,-1.733004681,-1.250440473,1.90850448364981,-1.344821112,-2.019766512,-1.877844414,-1.689586688,-1.672753179,-1.591498813,0.0940710514281086,-1.369341982,-0.441922694,-0.253354884,-1.255061497,-1.583404954,0.239091452480574,0.254658385093168,0.781741867785939,0.522875816993464,0.528462572837293,0.304,0.277777777777778,0.254309438721884
B26,Steppe,With,1.73,1.64,2.66,2,23.12,2.75,0.665,10,9.43,26.5,15,96.45,-1.727773423,-1.248839782,1.96851128626982,-1.300627995,-1.851472114,-2.069406893,-1.689586688,-1.491203799,-1.16198128,-0.718053134,-1.072154597,-1.090317467,0.302789983662336,-1.255061497,-1.589001906,0.276389719067543,0.341614906832298,0.697796432318993,0.560308972073678,0.448229493500672,0.424,0.277777777777778,0.253442295564431
B27,Steppe,With,1.77,2.02,2.92,2,26.23,2.43,0.594,8.9,8.7,48.5,19,97.45,-1.498452913,-1.122684705,2.18243927434857,-1.21224176,-1.486834253,-2.069406893,-1.225328746,-1.310236309,-1.358332152,-1.438813348,-1.416514583,-1.488772356,1.93414826298594,-0.827842878,-1.572041446,0.313568439928273,0.301863354037267,0.623294858342078,0.516934046345811,0.398924249215598,0.776,0.351851851851852,0.256070002102165
B28,Steppe,With,1.74,1.79,2.5,3.43,20.81,2.75,0.741,11.35,9.67,43.5,15,98.45,-1.243364013,-0.876216261,2.27434744398694,-1.278531436,-2.075864644,-0.112732999,-1.506326974,-1.625620167,-1.16198128,0.0534648421785652,-0.958940355,-0.60130465,1.56338501768512,-1.255061497,-1.555080986,0.248774656306037,0.341614906832298,0.777544596012592,0.574569221628045,0.508740475123263,0.696,0.277777777777778,0.258697708639899
B29,Steppe,With,1.7,1.56,3.43,2.41,23.02,1.98,0.789,10.79,9.49,53.5,15,99.45,-1.358557107,-0.863436524,2.34649578170889,-1.366917671,-0.771583064,-1.50840249,-1.787325202,-1.49702269,-1.634450566,0.540739353173086,-1.043851036,-0.804154411,2.30491150828676,-1.255061497,-1.538120527,0.27519426180514,0.245962732919255,0.82791185729276,0.56387403446227,0.483639623487225,0.856,0.277777777777778,0.261325415177633
B30,Steppe,With,1.74,1.79,2.5,3.5,26.02,2.75,0.62,10.36,9.5,62.5,21,100.45,-1.219418703,-0.808261764,2.4561174650851,-1.278531436,-2.075864644,-0.016951759,-1.506326974,-1.322455979,-1.16198128,-1.174872988,-1.039133776,-0.959914049,2.97228534982824,-0.614233569,-1.521160067,0.311057979677227,0.341614906832298,0.650577124868835,0.564468211527035,0.464365755266697,1,0.388888888888889,0.263953121715367
C1,Meadow_Steppe,Without,2.39,3.11,5.3,3.7,58.04,5.22,0.773,12.81,12.67,12.5,32,197.67,0.592954235112816,0.331773654816436,2.52432900375311,0.157744877169026,1.85100462983758,0.256708925423323,0.106358508021337,0.540752713707947,0.353602013078193,0.378314516174912,0.456237671405175,-0.072446343,-0.735347103,0.560617632375801,0.127735817136293,0.693843395098625,0.648447204968944,0.811122770199371,0.752822341057635,0.574181981174361,0.2,0.592592592592593,0.519418751313853
C2,Meadow_Steppe,Without,2.48,3.25,4.85,3.7,59.01,5.52,0.787,13.05,11.75,3.3,32,140.74,0.527656094407436,0.175659962734141,2.21177677489941,0.356613905195347,1.21990063936385,0.256708925423323,0.277400907647226,0.597195950182858,0.537680955584917,0.520436248548314,0.0222497434099029,0.0144892686704797,-1.417551475,0.560617632375801,-0.837823149,0.705439330543933,0.685714285714286,0.825813221406086,0.698158051099228,0.584939489018377,0.0528,0.592592592592593,0.369823418120664
C3,Meadow_Steppe,Without,2.46,3.24,3.8,3.3,60.01,4.38,0.732,13.21,9.4,6.7,44.85,121.93,0.00857914981970127,-0.076091763,2.32326383642746,0.312420787856164,-0.252675338,-0.290612444,0.265183593388234,0.65538485376524,-0.161819026,-0.037899129,-1.086306377,0.0724463433523972,-1.165432468,1.93305744491706,-1.156849395,0.717393903167962,0.544099378881988,0.76810073452256,0.558526440879382,0.592111160914388,0.1072,0.830555555555556,0.32039625814589
C4,Meadow_Steppe,Without,2.5,3.13,4.16,3.76,54.85,5.22,0.822,14.22,12.02,13,48.51,122.93,0.28065378595377,0.315067229846835,2.6944716756025,0.400807022534529,0.252207853970797,0.338807130770432,0.130793136539321,0.355130111280146,0.353602013078193,0.875740579481818,0.149615765756341,0.438300377282001,-0.698270779,2.3239624810183,-1.139888935,0.655708308427974,0.648447204968944,0.862539349422875,0.714200831847891,0.637382339757956,0.208,0.898333333333333,0.323023964683624
C5,Meadow_Steppe,Without,2.33,3.27,4.42,3.97,55.7,5.52,0.631,15.18,12.22,9.9,41.16,123.93,0.39249940648385,0.163911912057444,2.4405085232507,0.0251655251514789,0.616845715133396,0.626150849485316,0.30183553616521,0.404590679325172,0.537680955584917,-1.063205912,0.243960967494444,0.786042825373505,-0.928143991,1.53894826917564,-1.122928475,0.665869695158398,0.685714285714286,0.66211962224554,0.726084373143197,0.680412371134021,0.1584,0.762222222222222,0.325651671221358
C6,Meadow_Steppe,Without,2.35,3.09,4.39,4.74,30,4.14,0.822,13.7,12.28,2,40.71,193.77,0.601449780633929,0.203527006065732,2.29634857413554,0.0693586424906614,0.57477211576848,1.67974448477322,0.0819238795033524,-1.090864143,-0.30908218,0.875740579481818,0.272264528015875,0.249939884565769,-1.513949918,1.49088617457303,0.0615900246163375,0.358637178720861,0.514285714285714,0.862539349422875,0.729649435531789,0.614074406095921,0.032,0.753888888888889,0.509170695816691
C7,Meadow_Steppe,Without,2.45,3.44,3.8,4.8,54.68,5.9,0.803,15.54,12.58,2.4,44,267.05,0.577255364866698,0.591719489014435,2.61856516708851,0.290324229186574,-0.252675338,1.76184269012033,0.509529878568075,0.345237997671141,0.770847616093434,0.682861085546488,0.413782330623029,0.916446243407819,-1.484288859,1.84227348844546,1.30445250560668,0.653676031081889,0.732919254658385,0.842602308499475,0.747474747474748,0.696548632900045,0.0384,0.814814814814815,0.701729030901829
C8,Meadow_Steppe,Without,2.48,3.13,5.3,3.3,53.49,4.45,0.834,13.95,13.02,9.6,28,304.82,0.511949807003709,0.441031853905996,2.58758434504054,0.356613905195347,1.85100462983758,-0.290612444,0.130793136539321,0.275993202408106,-0.118867273,0.997559207230448,0.621341774446855,0.340497813756265,-0.950389785,0.133399013685916,1.94504906547302,0.639450089659295,0.552795031055901,0.875131164742917,0.773618538324421,0.625280143433438,0.1536,0.518518518518518,0.800977506832037
C9,Meadow_Steppe,Without,2.46,3.15,5.3,4.08,54.16,5.78,0.755,9.4,12.21,9.3,45,205.88,0.773829352176516,0.373175896134992,2.45877763088675,0.312420787856164,1.85100462983758,0.776664225955017,0.155227765057305,0.314979767808302,0.697216039090744,0.195586574551967,0.239243707407539,-1.307656498,-0.97263558,1.94907814311793,0.266981190620609,0.647459653317394,0.718012422360248,0.792235047219307,0.725490196078431,0.421335723890632,0.1488,0.833333333333333,0.540992221988648
C10,Meadow_Steppe,Without,2.46,3.09,4.25,3.79,64.02,5.93,0.719,12.68,12.76,46.4,33,200.06,0.288157388217262,0.471167996661904,3.10941317692682,0.312420787856164,0.378428652065543,0.379856233443987,0.0819238795033524,0.888722357130594,0.789255510344106,-0.169869309,0.498693012187321,-0.119536467,1.7784276999596,0.667422287048272,0.168271315629291,0.765331739390317,0.736645962732919,0.754459601259182,0.758169934640523,0.568354997758853,0.7424,0.611111111111111,0.525698969939037
C11,Meadow_Steppe,Without,2.47,3.07,4.81,4.7,65.47,4.52,0.704,10,13.22,3.3,33,239.77,0.795205363065892,0.289405924598084,2.18455388617812,0.334517346525756,1.16380250687729,1.62501234787515,0.0574892509853683,0.973096267325049,-0.075915519,-0.322142593,0.715686976184958,-1.090317467,-1.417551475,0.667422287048272,0.841771167159402,0.782665869695158,0.561490683229814,0.738719832109129,0.785502079619727,0.448229493500672,0.0528,0.611111111111111,0.630045196552449
C12,Meadow_Steppe,Without,2.46,3.06,3.8,3.3,57.67,4.27,0.685,14.68,12.19,40.5,23,308.59,-0.046398764,0.281109999982334,2.98510113704861,0.312420787856164,-0.252675338,-0.290612444,0.0452719367263765,0.519222819382465,-0.229314638,-0.515022087,0.229809187233729,0.604926966992513,1.34092707050463,-0.40062426,2.00898999824231,0.689420203227735,0.530434782608696,0.718782791185729,0.724301841948901,0.658000896458987,0.648,0.425925925925926,0.810883960479294
C13,Meadow_Steppe,Without,2.38,3.2,3.8,3.59,44,5.22,0.822,15.68,12.33,4.3,25,274.92,0.0513707163492841,0.194094418715714,2.40403965841334,0.135648318499435,-0.252675338,0.106195548953622,0.216314336352266,-0.276219493,0.353602013078193,0.875740579481818,0.295850828450401,0.967158683754497,-1.343398825,-0.18701495,1.43793132282003,0.526001195457262,0.648447204968944,0.862539349422875,0.732620320855615,0.702823845809054,0.0688,0.462962962962963,0.722409081353794
C14,Meadow_Steppe,Without,2.58,3.05,3.8,3.43,61.27,5.52,0.647,14.47,13.22,42.1,24,266.39,0.061306444327947,0.359532009908464,2.99499157672746,0.577579491891259,-0.252675338,-0.112732999,0.0330546224673841,0.728702872279043,0.537680955584917,-0.900781075,0.715686976184958,0.528858306472497,1.45957130900089,-0.293819605,1.29325860225715,0.732456664674238,0.685714285714286,0.67890870933893,0.785502079619727,0.648588077095473,0.6736,0.444444444444444,0.699994744586924
C15,Meadow_Steppe,Without,2.49,3.18,4.2,4.8,44,5.42,0.685,13.4,12.37,8,17.81,249.89,0.660184712069225,0.147603782661053,2.18784338513226,0.378710463864939,0.308305986457351,1.76184269012033,0.191879707834281,-0.276219493,0.476321308082676,-0.515022087,0.314719868798021,0.141270369537174,-1.069034024,-0.954940417,1.01341101851888,0.526001195457262,0.673291925465838,0.718782791185729,0.734997029114676,0.600627521290901,0.128,0.329814814814815,0.656637586714316
C16,Meadow_Steppe,Without,2.56,3.36,3.91,3.53,63.27,5.01,0.822,11.67,11.99,38.2,23.4,250.89,0.217717402146141,0.359113013655535,2.90551110180947,0.533386374552077,-0.098405474,0.0240973436065126,0.411791364496138,0.845080679443808,0.224746753323487,0.875740579481818,0.135463985495626,-0.4853905,1.17037597766625,-0.357902398,1.03037147813938,0.756365809922295,0.622360248447205,0.862539349422875,0.712418300653595,0.523083818915285,0.6112,0.433333333333333,0.65926529325205
C17,Meadow_Steppe,Without,2.5,3.31,5.13,4.57,54.86,4.39,0.685,13.97,12.3,13.8,29,251.89,0.952808071365461,0.397855631689173,2.52171552214799,0.400807022534529,1.61258756676972,1.44713290295641,0.350704793201178,0.35571200031597,-0.155683061,-0.515022087,0.281699048189686,0.347742448091505,-0.638948659,0.240203668358388,1.04733193775988,0.655827854154214,0.545341614906832,0.718782791185729,0.730837789661319,0.626176602420439,0.2208,0.537037037037037,0.661892999789783
C18,Meadow_Steppe,Without,2.49,3.16,4.59,4.14,61.77,4.12,0.743,12.81,12.88,7.4,31,252.89,0.565045188171153,0.304818788807202,2.41085720045173,0.378710463864939,0.855262778201249,0.858762431302126,0.167445079316297,0.757797324070234,-0.321354109,0.0737679468033369,0.555300133230183,-0.072446343,-1.113525613,0.45381297770333,1.06429239738038,0.738433950986252,0.511801242236025,0.779643231899266,0.765300059417707,0.574181981174361,0.1184,0.574074074074074,0.664520706327517
C19,Meadow_Steppe,Without,2.46,3.22,3.8,3.31,54.18,4.66,0.822,16.72,12.78,21,34,233.17,0.00589125124633488,0.373037817348093,2.94672936429658,0.312420787856164,-0.252675338,-0.276929409,0.24074896487025,0.31614354587995,0.00998798706564264,0.875740579481818,0.508127532361131,1.34387966918696,-0.105049586,0.774226941720744,0.729832133664092,0.647698744769874,0.57888198757764,0.862539349422875,0.759358288770054,0.749439713133124,0.336,0.62962962962963,0.612702333403406
C20,Meadow_Steppe,Without,2.48,3.12,4.1,3.77,58.17,5.22,0.658,17.61,12.26,16.7,31,175.06,0.248935136927898,0.234317380237833,2.64605879541774,0.356613905195347,0.168060655240966,0.352490164994951,0.118575822280329,0.548317271173656,0.353602013078193,-0.789114,0.262830007842065,1.66626589710513,-0.423905977,0.45381297770333,-0.255740175,0.695397489539749,0.648447204968944,0.690451206715635,0.728461081402258,0.789332138054684,0.2672,0.574074074074074,0.460006306495691
C21,Meadow_Steppe,Without,2.33,3.06,5.27,4.07,53.83,5.52,0.822,12.44,11.48,12.8,29,251.9,0.660587421020254,0.384547016127963,2.55655621674733,0.0251655251514789,1.80893103047266,0.762981191730499,0.0452719367263765,0.295777429626116,0.537680955584917,0.875740579481818,-0.105116279,-0.206472079,-0.713101308,0.240203668358388,1.04750154235608,0.643514644351464,0.685714285714286,0.862539349422875,0.682115270350565,0.557597489914836,0.2048,0.537037037037037,0.661919276855161
C22,Meadow_Steppe,Without,2.45,3.32,5.03,4.21,54.81,5.03,0.822,16.05,12.79,3.9,33,253.33,0.770033060768459,0.543820056123768,2.52404336038191,0.290324229186574,1.47234223555334,0.954543670873754,0.36292210746017,0.352802555136851,0.237018682823935,0.875740579481818,0.512844792448036,1.10118441895643,-1.373059885,0.667422287048272,1.0717549996134,0.655230125523013,0.624844720496894,0.862539349422875,0.759952465834819,0.719408337068579,0.0624,0.611111111111111,0.66567689720412
C23,Meadow_Steppe,Without,2.48,3.13,5.01,3.3,44,4.22,0.658,15.83,12.12,8.2,21,254.33,0.410271941871831,0.0795266680977487,2.27918348017854,0.356613905195347,1.44429316931006,-0.290612444,0.130793136539321,-0.276219493,-0.259994462,-0.789114,0.196788366625392,1.0214934412688,-1.054203494,-0.614233569,1.0887154592339,0.526001195457262,0.524223602484472,0.690451206715635,0.720142602495544,0.709547288211564,0.1312,0.388888888888889,0.668304603741854
C24,Meadow_Steppe,Without,2.45,3.09,4.26,4.47,64.01,5.52,0.685,9.02,12.71,33,34,255.33,0.518750963647084,0.390024201329501,2.789685647,0.290324229186574,0.392453185187181,1.31030256071123,0.0819238795033524,0.888140468094771,0.537680955584917,-0.515022087,0.475106711752796,-1.44530455,0.784782202553401,0.774226941720744,1.1056759188544,0.765212193664077,0.685714285714286,0.718782791185729,0.755199049316696,0.404303003137606,0.528,0.62962962962963,0.670932310279588
C25,Meadow_Steppe,Without,2.59,3.57,5.06,3.43,64.44,4.98,0.5,14.81,13.19,2.4,23,256.33,0.667428462693852,0.165619223965305,2.05822923483142,0.59967605056085,1.51441583491825,-0.112732999,0.668354963934971,0.913161696635195,0.206338859072815,-2.393059265,0.701535195924242,0.652017090171572,-1.484288859,-0.40062426,1.1226363784749,0.770352659892409,0.618633540372671,0.524658971668416,0.783719548425431,0.663827879874496,0.0384,0.425925925925926,0.673560016817322
C26,Meadow_Steppe,Without,2.49,3.2,4.49,4.59,44,5.22,0.701,15.53,12.17,8.9,24,241.83,0.696135304651879,0.268593212604781,2.38325033276649,0.378710463864939,0.715017446984865,1.47449897140545,0.216314336352266,-0.276219493,0.353602013078193,-0.35259725,0.220374667059918,0.9128239262402,-1.00229664,-0.293819605,0.876709713977635,0.526001195457262,0.648447204968944,0.735571878279119,0.72311348781937,0.696100403406544,0.1424,0.444444444444444,0.635458272020181
C27,Meadow_Steppe,Without,2.36,3.25,4.3,4.43,66.44,5.52,0.822,13.32,12.38,39,27,266.1,0.518244462573592,0.62435836459477,3.09768963142218,0.0914552011602521,0.448551317673735,1.25557042381316,0.277400907647226,1.02953950379996,0.537680955584917,0.875740579481818,0.319437128884927,0.112291832196215,1.22969809691438,0.0265943590134452,1.2883400689672,0.794261805140466,0.685714285714286,0.862539349422875,0.735591206179442,0.597041685342896,0.624,0.5,0.699232709690982
C28,Meadow_Steppe,Without,2.43,3.13,5.01,4.2,67.44,5.44,0.807,11.46,11.48,7.9,23,119.07,0.690519513586503,0.142738474718469,2.14284118028469,0.246131111847391,1.44429316931006,0.940860636649236,0.130793136539321,1.08772840738234,0.488593237583124,0.723467294796031,-0.105116279,-0.561459161,-1.076449289,-0.40062426,-1.205356309,0.806216377764495,0.675776397515528,0.846799580272823,0.682115270350565,0.513670999551771,0.1264,0.425925925925926,0.312881017447971
C29,Meadow_Steppe,Without,2.46,3.22,4.63,3.33,57.34,5.22,0.662,11.09,12.1,8.5,24,254.08,0.303741830632591,0.0475540847068074,2.2172715218058,0.312420787856164,0.911360910687803,-0.249563341,0.24074896487025,0.500020481200279,0.353602013078193,-0.74850779,0.187353846451582,-0.695484896,-1.031957699,-0.293819605,1.08447534432878,0.685475194261805,0.648447204968944,0.694648478488982,0.718954248366013,0.497086508292246,0.136,0.444444444444444,0.667647677107421
C30,Meadow_Steppe,Without,2.53,3.06,4.61,3.55,52.77,5.52,0.761,14.56,10.61,24.8,19,230.84,0.361785972942439,0.213380087227966,2.62550960482372,0.467096698543303,0.883311844444526,0.0514634120555491,0.0452719367263765,0.234097191828791,0.537680955584917,0.256495888426282,-0.515517906,0.561459160981076,0.176730480260057,-0.827842878,0.690314262748324,0.630842797369994,0.685714285714286,0.798530954879328,0.630421865715983,0.652622142536979,0.3968,0.351851851851852,0.606579777170486
C1,Meadow_Steppe,With,2.17,3.55,4.3,3.35,42.98,4.26,0.927,15.59,12.14,33.5,25,182.27,0.135473741773481,0.29622456616399,2.93631091796763,-0.328379414,0.448551317673735,-0.222197272,0.643920335416987,-0.335572174,-0.235450603,1.94165357228233,0.206222886799203,0.934557829245919,0.821858527083483,-0.18701495,-0.133455261,0.513807531380753,0.529192546583851,0.972717733473243,0.721330956625074,0.698789780367548,0.536,0.462962962962963,0.478952070632752
C2,Meadow_Steppe,With,2.24,3.76,3.56,2.3,42.42,4.26,0.557,9.51,11.45,1.8,16,130.89,-0.380349892,-0.750702412,1.56465944680852,-0.173703503,-0.589264133,-1.658915866,0.90048393485582,-0.36815796,-0.235450603,-1.814420783,-0.119268059,-1.267811009,-1.528780448,-1.148256842,-1.004883676,0.507112970711297,0.529192546583851,0.584470094438615,0.680332739156269,0.426266248319139,0.0288,0.296296296296296,0.343940508723986
C3,Meadow_Steppe,With,2.29,3.37,4.3,2.92,43.64,4.04,0.781,14.45,10.99,0.4,45.26,110.02,-0.000307114,-0.086546206,2.154838905,-0.06322071,0.448551317673735,-0.810567744,0.42400867875513,-0.297167498,-0.370441827,0.459526934673999,-0.336262023,0.521613672137257,-1.632594157,1.97684735333277,-1.358848469,0.521697549312612,0.501863354037267,0.819517313746065,0.653000594177065,0.647691618108472,0.0064,0.838148148148148,0.28910027328148
C4,Meadow_Steppe,With,2.12,3.42,2.94,3.15,43.05,4.04,0.828,16.26,10.85,24.9,50.68,260.07,-0.477102525,0.252265937800492,3.17176223692716,-0.438862207,-1.458785187,-0.495857957,0.485095250050091,-0.331498951,-0.370441827,0.936649893356133,-0.402303664,1.17725307947645,0.184145745166073,2.55572858165756,1.18606849745558,0.514644351464435,0.501863354037267,0.868835257082896,0.644682115270351,0.728821156432093,0.3984,0.938518518518519,0.683387639268446
C5,Meadow_Steppe,With,2.33,3.57,3.32,2.75,30,3.26,0.788,10.18,11.41,61.1,42.8,260.68,-0.318877941,0.160908823242659,3.2427214744682,0.0251655251514789,-0.925852928,-1.043179326,0.668354963934971,-1.090864143,-0.849047078,0.5305878008607,-0.1381371,-1.025115758,2.86847164114401,1.71410790283849,1.19641437782409,0.358637178720861,0.404968944099379,0.826862539349423,0.677956030897207,0.456297624383684,0.9776,0.792592592592593,0.684990540256464
C6,Meadow_Steppe,With,2.16,3.13,2.8,3.8,35,4.93,0.72,16.5,11.61,4.3,33.5,160.72,-0.370318055,-0.180531762,2.29065139702133,-0.350475972,-1.655128651,0.393539267668505,0.130793136539321,-0.799919625,0.175659035321694,-0.159717756,-0.043791898,1.26418869149932,-1.343398825,0.720824614384508,-0.498953166,0.418410041841004,0.612422360248447,0.755508919202518,0.689839572192513,0.739578664276109,0.0688,0.62037037037037,0.422324994744587
C7,Meadow_Steppe,With,2.31,3.64,3,3.35,46.35,3.04,0.767,11.71,11.46,4.7,33,172.63,-0.215496672,-0.266401413,2.1461423640842,-0.019027592,-1.374637988,-0.222197272,0.753876163747916,-0.139475569,-0.984038302,0.317405202300597,-0.114550799,-0.470901232,-1.313737766,0.667422287048272,-0.296954092,0.55409444112373,0.377639751552795,0.804826862539349,0.680926916221034,0.524876736889287,0.0752,0.611111111111111,0.453620979608997
C8,Meadow_Steppe,With,2.21,3.6,3.92,2.81,47.35,3.62,0.78,11.12,10.51,18.4,23,173.63,-0.145112083,-0.255523732,2.31847474927209,-0.239993179,-0.084380941,-0.961081121,0.705006906711948,-0.081286666,-0.628152347,0.449375382361613,-0.562690507,-0.684617945,-0.297846474,-0.40062426,-0.279993632,0.566049013747759,0.449689440993789,0.818467995802728,0.62448009506833,0.498431196772748,0.2944,0.425925925925926,0.456248686146731
C9,Meadow_Steppe,With,2.23,3.82,3.23,3.19,48.35,4.93,0.76,12.12,10.16,9.1,44,202.57,-0.178802947,-0.025069797,2.48663818911863,-0.195800062,-1.052073726,-0.44112582,0.973787820409773,-0.023097762,0.175659035321694,0.246344336113896,-0.72779461,-0.322386228,-0.98746611,1.84227348844546,0.21084206927675,0.578003586371787,0.612422360248447,0.797481636935992,0.603683897801545,0.543254146122815,0.1456,0.814814814814815,0.532294513348749
C10,Meadow_Steppe,With,2.12,3.81,3.47,2.44,49.35,4.77,0.652,13.12,11.01,31.6,24,203.57,-0.415032505,-0.172467432,2.63152040764848,-0.438862207,-0.715484931,-1.467353387,0.961570506150781,0.0350911415770424,0.0774835993181077,-0.850023314,-0.326827503,0.039845488843818,0.680968493869172,-0.293819605,0.227802528897251,0.589958158995816,0.592546583850932,0.684155299055614,0.654188948306595,0.588077095472882,0.5056,0.444444444444444,0.534922219886483
C11,Meadow_Steppe,With,2.32,3.65,4.07,2.35,45.42,5.9,0.652,10.02,9.4,13.5,21,204.57,-0.173837799,-0.347346866,2.12674499143802,0.00306896648188717,0.125987055876052,-1.590500695,0.766093478006908,-0.19359125,0.770847616093434,-0.850023314,-1.086306377,-1.083072833,-0.661194454,-0.614233569,0.244762988517752,0.542976688583383,0.732919254658385,0.684155299055614,0.558526440879382,0.449125952487674,0.216,0.388888888888889,0.537549926424217
C12,Meadow_Steppe,With,2.26,3.5,4.16,3.8,45.77,3.74,0.679,9.4,10.87,10.6,18,164.55,0.274767625056417,-0.34583431,1.93434157993907,-0.129510386,0.252207853970797,0.393539267668505,0.582833764122027,-0.173225133,-0.55452077,-0.575931401,-0.392869144,-1.307656498,-0.876237136,-0.934647533,-0.433994605,0.547160789001793,0.464596273291925,0.712486883525708,0.645870469399881,0.421335723890632,0.1696,0.333333333333333,0.432389110784108
C13,Meadow_Steppe,With,2.14,3.35,2.8,3.07,48.7,4.04,0.794,10,12.11,6.4,16,155.83,-0.56388648,-0.487774463,1.91886678372501,-0.39466909,-1.655128651,-0.605322231,0.399574050237146,-0.002731646,-0.370441827,0.591497114735015,0.192071106538487,-1.090317467,-1.187678262,-1.148256842,-0.581889813,0.582187686790197,0.501863354037267,0.833158447009444,0.719548425430778,0.448229493500672,0.1024,0.296296296296296,0.409475509775068
C14,Meadow_Steppe,With,2.12,3.8,3.04,3.8,44.39,5.85,0.931,11.52,11.05,14.3,17,156.83,-0.103627401,-0.083462121,2.28171911108671,-0.438862207,-1.318539856,0.393539267668505,0.949353191891789,-0.25352582,0.740167792342313,1.98225978153188,-0.307958463,-0.539725258,-0.601872335,-1.041452188,-0.564929354,0.530663478780634,0.726708074534161,0.97691500524659,0.656565656565657,0.516360376512775,0.2288,0.314814814814815,0.412103216312802
C15,Meadow_Steppe,With,2.41,3.42,3.73,2.92,45.39,5.22,0.722,12.17,11.34,34.2,15.89,135.59,-0.118595392,-0.178531098,2.45089502575312,0.201937994508209,-0.35084707,-0.810567744,0.485095250050091,-0.195336917,0.353602013078193,-0.139414652,-0.17115792,-0.304274642,0.873765381425598,-1.160005354,-0.925169516,0.542618051404662,0.648447204968944,0.757607555089192,0.67379679144385,0.545495293590318,0.5472,0.294259259259259,0.356290729451335
C16,Meadow_Steppe,With,2.07,3.32,3.95,3.34,43.04,5.52,0.5,12.59,11.91,32.6,18.79,196.61,-0.116152635,-0.224322841,2.41248174844105,-0.549345,-0.042307342,-0.235880307,0.36292210746017,-0.33208084,0.537680955584917,-2.393059265,0.0977259048003851,-0.152137321,0.755121142929336,-0.850271856,0.109757729938562,0.514524805738195,0.685714285714286,0.524658971668416,0.707664884135472,0.564320932317346,0.5216,0.347962962962963,0.516633382383855
C17,Meadow_Steppe,With,2.14,3.57,3,3.42,47.05,4.26,0.652,15.91,11.36,27.6,18,137.61,-0.306842037,-0.247002987,2.45415591461296,-0.39466909,-1.374637988,-0.126416033,0.668354963934971,-0.098743337,-0.235450603,-0.850023314,-0.1617234,1.05047197860975,0.384357897628516,-0.934647533,-0.890909388,0.56246264196055,0.529192546583851,0.684155299055614,0.674985145573381,0.71313312415957,0.4416,0.333333333333333,0.361598696657557
C18,Meadow_Steppe,With,2.26,3.35,3.53,3.65,46.08,4.04,0.828,9.6,11.57,33.4,17,198.61,-0.043245078,-0.095263349,2.49091664972195,-0.129510386,-0.631337733,0.188293754300732,0.399574050237146,-0.155186573,-0.370441827,0.936649893356133,-0.062660938,-1.235210154,0.814443262177467,-1.041452188,0.143678649179564,0.550866706515242,0.501863354037267,0.868835257082896,0.687462863933452,0.430300313760645,0.5344,0.314814814814815,0.521888795459323
C19,Meadow_Steppe,With,2.29,3.78,4.18,3.8,45.7,4,0.884,13.53,11.7,6.4,16,177.69,0.383873510432374,0.00902512386758512,2.11720494882406,-0.06322071,0.280256920214074,0.393539267668505,0.924918563373805,-0.177298356,-0.394985686,1.50513682284974,-0.001336557,0.188360492716232,-1.187678262,-1.148256842,-0.211134166,0.546323968918111,0.496894409937888,0.927597061909759,0.695187165775401,0.60645450470641,0.1024,0.296296296296296,0.466917174689931
C20,Meadow_Steppe,With,2.16,3.7,4.3,3.47,46.7,5.53,0.658,10.12,10,30.3,21,155.2,0.216813633250859,-0.164125905,2.37090412152574,-0.350475972,0.448551317673735,-0.058000862,0.827180049301869,-0.119109453,0.543816920335141,-0.789114,-0.803270772,-1.046849661,0.584570050090959,-0.614233569,-0.592574903,0.55827854154214,0.68695652173913,0.690451206715635,0.5941770647653,0.45360824742268,0.4848,0.388888888888889,0.407820054656296
C21,Meadow_Steppe,With,2.2,3.64,4.3,3.69,44.58,4.57,0.673,10,11.93,10.2,23,156.2,0.295840908766812,-0.217206387,2.04795303327029,-0.262089738,0.448551317673735,0.243025891198805,0.753876163747916,-0.242469929,-0.045235696,-0.636840715,0.107160424974195,-1.090317467,-0.905898196,-0.40062426,-0.575614443,0.532934847579199,0.567701863354037,0.706190975865687,0.708853238265003,0.448229493500672,0.1632,0.425925925925926,0.41044776119403
C22,Meadow_Steppe,With,2.19,3.47,3.17,2.91,47.02,4.75,0.953,17.1,11.65,35.2,24,157.2,-0.424619045,0.168657477171925,2.99333648416821,-0.284186296,-1.136220925,-0.824250778,0.546181821345051,-0.100489004,0.0652116698176597,2.20559393240436,-0.024922857,1.48152772155652,0.947918030485762,-0.293819605,-0.558653984,0.562104004781829,0.590062111801242,1,0.692216280451575,0.76647243388615,0.5632,0.444444444444444,0.413075467731764
C23,Meadow_Steppe,With,2.29,3.58,3.14,2.44,47.87,4.26,0.781,10.55,11.64,10.4,18,167.81,-0.507074086,-0.415033108,2.07666807273578,-0.06322071,-1.178294524,-1.467353387,0.680572278193964,-0.051028436,-0.235450603,0.459526934673999,-0.029640118,-0.891090023,-0.891067666,-0.934647533,-0.378703507,0.572265391512253,0.529192546583851,0.819517313746065,0.691622103386809,0.472882115643209,0.1664,0.333333333333333,0.44095543409712
C24,Meadow_Steppe,With,2.25,3.61,3.15,3.36,31,3.04,0.796,8.53,10,14,17,173.38,-0.201791738,-0.5489961,1.96851336566834,-0.151606944,-1.164269991,-0.208514238,0.71722422097094,-1.032675239,-0.984038302,0.611800219359787,-0.803270772,-1.622798091,-0.62411813,-1.041452188,-0.284233747,0.370591751344889,0.377639751552795,0.835257082896118,0.5941770647653,0.382339757956074,0.224,0.314814814814815,0.455591759512298
C25,Meadow_Steppe,With,2.06,3.68,3.16,2.3,30,4.04,0.695,15.48,11.06,33.5,11,199.43,-0.644464366,-0.380336185,2.4509982634734,-0.571441559,-1.150245458,-1.658915866,0.802745420783884,-1.090864143,-0.370441827,-0.413506564,-0.303241203,0.894712340402101,0.821858527083483,-1.682280116,0.157586226068375,0.358637178720861,0.501863354037267,0.729275970619098,0.657159833630422,0.693859255939041,0.536,0.203703703703704,0.524043514820265
C26,Meadow_Steppe,With,2.01,3.62,4.03,3.33,47.46,3.23,0.607,14.25,10,27.6,19,132.63,-0.033039309,-0.346191847,2.31949378990684,-0.681924352,0.0698889233894982,-0.249563341,0.729441535229932,-0.074885886,-0.867454972,-1.306843168,-0.803270772,0.44916732878486,0.384357897628516,-0.827842878,-0.975372477,0.567364016736402,0.401242236024845,0.636935991605456,0.5941770647653,0.638727028238458,0.4416,0.351851851851852,0.348512718099643
C27,Meadow_Steppe,With,2.26,3.35,3.46,3.8,45.94,4.04,0.915,13.74,11.51,24.5,21,142.48,-0.016476633,0.0104631155862117,2.56499525971786,-0.129510386,-0.729509465,0.393539267668505,0.399574050237146,-0.16333302,-0.370441827,1.8198349445337,-0.090964499,0.264429153236249,0.154484685542008,-0.614233569,-0.808311949,0.549193066347878,0.501863354037267,0.9601259181532,0.68389780154486,0.615867324069924,0.392,0.388888888888889,0.374395627496321
C28,Meadow_Steppe,With,2.13,3.54,2.8,3.04,32,5.29,0.646,9.06,12.42,43.6,17,112.78,-0.521640653,-0.454218869,2.35259490795102,-0.416765648,-1.655128651,-0.646371333,0.631703021157995,-0.974486336,0.396553766329762,-0.910932627,0.338306169232547,-1.430815281,1.57080028259114,-1.041452188,-1.3120376,0.382546323968918,0.657142857142857,0.677859391395593,0.737967914438503,0.406095921111609,0.6976,0.314814814814815,0.296352743325625
C29,Meadow_Steppe,With,2.2,3.85,3.19,2.88,35.36,4.24,0.811,17.48,12.44,44.7,16,113.78,-0.306280429,-0.02598264,2.77064137795136,-0.262089738,-1.108171859,-0.865299881,1.01043976318675,-0.77897162,-0.247722532,0.764073504045575,0.347740689406357,1.61917577392607,1.65236819655732,-1.148256842,-1.29507714,0.422713687985654,0.526708074534161,0.85099685204617,0.739156268568033,0.783505154639175,0.7152,0.296296296296296,0.298980449863359
C30,Meadow_Steppe,With,2.22,3.87,3.38,3.55,45.03,4.04,0.924,10.26,11.08,25.6,15,114.78,0.00668386350731478,-0.186321822,2.28322662053704,-0.21789662,-0.84170573,0.0514634120555491,1.03487439170473,-0.216284922,-0.370441827,1.91119891534517,-0.293806682,-0.996137221,0.236052599508188,-1.255061497,-1.278116681,0.538314405260012,0.501863354037267,0.969569779643232,0.658348187759953,0.45988346033169,0.4096,0.277777777777778,0.301608156401093
