pair_key,plot_id_With,plot_id_Without,Grassland_type_With,Grassland_type_Without,Plant_With,Plant_Without,Nematode_With,Nematode_Without,Bacteria_With,Bacteria_Without,Fungi_With,Fungi_Without,SOC_With,SOC_Without,N_With,N_Without,P_With,P_Without,NH4_With,NH4_Without,NO3_With,NO3_Without,AP_With,AP_Without,SM_With,SM_Without,AGB_With,AGB_Without,Biodiversity_With,Biodiversity_Without,Mean_EMF_With,Mean_EMF_Without,Effective_EMF_With,Effective_EMF_Without,Plant_z_With,Plant_z_Without,Bacteria_z_With,Bacteria_z_Without,Fungi_z_With,Fungi_z_Without,Nematode_z_With,Nematode_z_Without,SOC_z_With,SOC_z_Without,N_z_With,N_z_Without,P_z_With,P_z_Without,NO3_z_With,NO3_z_Without,NH4_z_With,NH4_z_Without,AP_z_With,AP_z_Without,SM_z_With,SM_z_Without,AGB_z_With,AGB_z_Without,SOC.std_With,SOC.std_Without,N.std_With,N.std_Without,P.std_With,P.std_Without,NO3.std_With,NO3.std_Without,NH4.std_With,NH4.std_Without,AP.std_With,AP.std_Without,SM.std_With,SM.std_Without,AGB.std_With,AGB.std_Without,prefix_With,prefix_Without,number_With,number_Without,diff_AGB,diff_SOC,diff_N,diff_P,diff_NO3,diff_NH4,diff_AP,diff_SM,diff_Biodiversity,diff_Mean_EMF,diff_Effective_EMF
A1,A1,A1,Meadow,Meadow,2.92,2.85,4.1,3.42,5.03,4.01,4.29,4.0,62.6,69.52,6.44,6.12,0.927,0.647,15.59,14.63,14.14,14.95,15.5,15.5,16.37,19.52,179.61,289.5,1.29527132163554,0.592080408831351,0.776254754927952,0.508395857508046,2.5831455118157,2.54756848986787,1.32886248665736,1.17418657597022,1.47234223555334,0.0418398571462207,1.0640079446699,0.667199952158871,1.31587261966155,0.485095250050091,0.806094114043611,1.2087613268337,1.10218971260554,0.905838840598365,1.94165357228233,-0.900781075,1.14967490418023,1.53177297121954,0.934557829245919,0.586815381154415,-0.512889156,-0.512889156,-1.10873912,-0.772304458,-0.178570084,1.68521482408694,0.748356246264196,0.831081888822474,0.8,0.760248447204969,0.972717733473243,0.67890870933893,0.840166369578134,0.888294711824124,0.698789780367548,0.655759748991484,0.248,0.248,0.303148148148148,0.361481481481481,0.47196237124238,0.760721042673954,A,A,1,1,-109.88999999999999,-6.919999999999995,0.3200000000000003,0.28,-0.8099999999999987,0.9599999999999991,0.0,-3.1499999999999986,0.703190912804189,0.2678588974199061,0.03557702194783019
A10,A10,A10,Meadow,Meadow,2.97,2.81,3.99,3.48,4.49,4.18,4.33,3.45,72.99,76.69,5.62,7.75,0.652,0.821,13.0,13.16,14.41,14.54,17.2,17.2,35.26,32.5,167.85,190.62,1.1136462428427,0.459772366730085,0.585970313143467,0.655392525299282,2.60196033840685,2.79325561852262,1.43934528000532,1.08580034129186,0.715017446984865,0.280256920214074,1.11874008156797,-0.08536693,1.18148216281264,0.558399135604043,1.41067682226457,1.62597576551938,0.599040603087158,1.9060010948849,-0.850023314,0.865589027169432,1.27704092652667,1.33836530765643,-0.003622317,0.0543347575142977,-0.386829653,-0.386829653,0.908800806608057,0.614019959712037,-0.378025089,0.008164576811758,0.872564255827854,0.91679617453676,0.698136645962733,0.962732919254658,0.684155299055614,0.861490031479538,0.856209150326797,0.863933452168746,0.582698341550874,0.589870013446885,0.2752,0.2752,0.652962962962963,0.601851851851852,0.441060542358629,0.50089342022283,A,A,10,10,-22.77000000000001,-3.700000000000003,-2.13,-0.16899999999999993,-0.129999999999999,-0.16000000000000014,0.0,2.759999999999998,0.653873876112615,-0.06942221215581501,-0.1912952801157699
A11,A11,A11,Meadow,Meadow,2.88,2.82,4.1,3.49,4.87,3.95,4.69,3.23,57.92,73.0,7.01,8.05,0.652,0.807,20.02,15.28,14.92,9.4,19.8,19.8,33.02,33.86,168.85,248.74,1.35390697272458,0.31245308127796,0.89355340311297,0.564143833634826,2.89012571811939,2.92697952842842,1.240476252,1.10789689996145,1.24794970560712,-0.042307342,1.61132931365063,-0.386393683,1.31587261966155,0.570616449863035,0.533770045278061,1.41125871130039,1.45193970336831,2.09008003739162,-0.850023314,0.723467294796031,1.51762119095883,-1.086306377,2.53924433450151,0.822265997049704,-0.194032765,-0.194032765,0.669558380141722,0.759274290066598,-0.361064629,0.993906489955299,0.692408846383742,0.872683801554094,0.870807453416149,1.0,0.684155299055614,0.846799580272823,0.886512180629828,0.558526440879382,0.897355445988346,0.684894666069027,0.3168,0.3168,0.611481481481482,0.627037037037037,0.443688248896363,0.653615724195922,A,A,11,11,-79.89000000000001,-15.079999999999998,-1.040000000000001,-0.15500000000000003,5.52,4.74,0.0,-0.8399999999999963,1.04145389144662,0.32940956947814404,-0.0368538103090299
A12,A12,A12,Meadow,Meadow,2.98,2.78,3.59,3.43,4.53,3.19,5.0,3.41,48.92,82.55,5.82,7.05,0.679,0.671,14.85,13.12,13.92,14.71,37.1,37.1,23.0,33.0,169.85,264.48,1.24021259630249,0.0671380759190826,0.597769164231402,0.627529456664768,2.81239678908567,3.12470090962651,1.46144183867491,1.01951066528308,0.771115579471419,-1.108171859,2.0355033746107,-0.140099067,0.692789592452956,0.497312564309083,0.0100699130366179,1.96696274051214,0.721759898091641,1.47648356236921,-0.575931401,-0.65714382,1.04589518226832,1.41855872913382,0.666506358842051,0.039845488843818,1.08880806370007,1.08880806370007,-0.40062426,0.667422287048272,-0.34410417,1.26086412438199,0.584817692767484,0.986849970113568,0.722981366459627,0.875776397515528,0.712486883525708,0.704092339979014,0.827094474153298,0.874034462269757,0.665620797848498,0.588077095472882,0.5936,0.5936,0.425925925925926,0.611111111111111,0.446315955434097,0.694975825099853,A,A,12,12,-94.63000000000002,-33.629999999999995,-1.2299999999999995,0.008000000000000007,-0.7900000000000009,1.7300000000000004,0.0,-10.0,1.1730745203834074,-0.029760292433365976,-0.3123041205408401
A13,A13,A13,Meadow,Meadow,2.99,2.86,4.07,3.54,4.64,4.02,4.09,3.91,59.92,63.55,5.77,7.01,0.794,0.671,16.21,13.8,13.29,16.63,21.1,21.1,15.89,22.81,273.49,380.56,1.11962294455451,0.606975797550968,0.706258691672542,0.783799265016269,2.69974161833482,2.83226169670039,1.4835383973445,1.19628313463981,0.925385443809441,0.0558643902678588,0.790347260179535,0.544052644138207,1.27922067688458,0.631703021157995,0.650147852442826,0.861373572446874,0.69108007434052,1.45193970336831,0.591497114735015,-0.65714382,0.748707796793293,2.32427266581961,1.15914149363835,0.286163056241968,-0.097634321,-0.097634321,-1.160005354,-0.420917144,1.41367786556271,3.22963427712979,0.716317991631799,0.759713090257023,0.716770186335404,0.870807453416149,0.833158447009444,0.704092339979014,0.789661319073084,0.988116458704694,0.72658000896459,0.618556701030928,0.3376,0.3376,0.294259259259259,0.422407407407407,0.718651461004835,1.0,A,A,13,13,-107.07,-3.6299999999999955,-1.2400000000000002,0.123,-3.34,2.41,0.0,-6.919999999999998,0.5126471470035421,-0.07754057334372699,-0.13252007836557
A14,A14,A14,Meadow,Meadow,2.94,2.87,3.85,3.5,4.37,3.0,5.0,4.0,43.92,64.55,5.61,5.95,0.931,0.557,11.52,13.92,13.9,12.0,17.0,17.0,18.79,23.4,200.34,229.69,1.2414304478298,0.273443855362761,0.55648626804151,0.115125317985703,2.47096264061571,2.41499801717873,1.37305560399654,1.2183796933094,0.546723049525204,-1.374637988,2.0355033746107,0.667199952158871,1.01043976318675,0.582833764122027,-0.280874605,0.919562476029257,0.592904638336935,0.801527439844555,1.98225978153188,-1.814420783,1.03646066209451,0.140181245582531,-0.539725258,0.329630862253406,-0.401660182,-0.401660182,-0.850271856,-0.357902398,0.173020244323032,0.670809734184748,0.52504482964734,0.771667662881052,0.696894409937888,0.739130434782609,0.97691500524659,0.584470094438615,0.825906120023767,0.71301247771836,0.516360376512775,0.623935454952936,0.272,0.272,0.347962962962963,0.433333333333333,0.526434727769603,0.603557914652092,A,A,14,14,-29.349999999999994,-20.629999999999995,-0.33999999999999986,0.374,1.9000000000000004,-2.4000000000000004,0.0,-4.609999999999999,0.967986592467039,0.441360950055807,0.05596462343697972
A15,A15,A15,Meadow,Meadow,3.02,2.86,3.99,3.48,4.35,3.0,3.77,3.61,50.13,65.55,5.61,5.75,0.722,0.781,9.4,9.4,11.0,12.0,7.7,7.7,18.0,29.0,183.92,239.87,0.900618596110697,0.128401474876814,0.0304869785351976,0.121217347459652,1.97474743034278,2.29534784747538,1.54982807335327,1.19628313463981,0.518673983281927,-1.374637988,0.352490164994951,0.133561617402659,1.18148216281264,0.558399135604043,0.0804784863713009,0.977751379611639,0.592904638336935,0.678808144840072,-0.139414652,0.459526934673999,-0.331544763,0.140181245582531,-1.307656498,-1.307656498,-1.091279819,-1.091279819,-0.934647533,0.240203668358388,-0.105470503,0.843467213121452,0.599282725642558,0.783622235505081,0.696894409937888,0.714285714285714,0.757607555089192,0.819517313746065,0.65359477124183,0.71301247771836,0.421335723890632,0.421335723890632,0.1232,0.1232,0.333333333333333,0.537037037037037,0.483287786420013,0.630307967206222,A,A,15,15,-55.95000000000002,-15.419999999999995,-0.13999999999999968,-0.05900000000000005,-1.0,0.0,0.0,-11.0,0.772217121233883,-0.09073036892445441,-0.3206004171326
A16,A16,A16,Meadow,Meadow,2.99,2.8,3.89,3.51,4.64,4.5,4.54,2.59,40.95,66.55,4.11,6.95,0.5,0.828,12.59,22.14,14.77,14.6,11.9,11.9,17.0,31.0,238.28,374.86,1.21857916541488,0.281422241902896,0.165833820371182,0.999515120301975,2.06856414086332,3.17055117391468,1.4835383973445,1.06370378262227,0.925385443809441,0.729041980106503,1.40608380028286,-1.262107873,1.05930902022272,0.595051078381019,-0.453695649,1.03594028319402,-0.327490074,1.41512391486697,-2.393059265,0.936649893356133,1.44686228965525,1.36666886817787,-0.152137321,3.30717557403691,-0.779838693,-0.779838693,-1.041452188,0.45381297770333,0.816500082324855,3.13295965729294,0.489539748953975,0.795576808129109,0.51055900621118,0.863354037267081,0.524658971668416,0.868835257082896,0.877599524658348,0.867498514557338,0.564320932317346,0.992380098610489,0.1904,0.1904,0.314814814814815,0.574074074074074,0.626129913811226,0.985022072734917,A,A,16,16,-136.58,-25.599999999999994,-2.84,-0.32799999999999996,0.16999999999999993,-9.55,0.0,-14.0,0.9371569235119841,-0.833681299930793,-1.1019870330513601
A17,A17,A17,Meadow,Meadow,2.98,2.79,4.08,3.53,4.32,4.06,3.57,3.38,72.75,76.41,6.44,7.01,0.652,0.5,10.0,10.0,13.28,15.47,22.4,22.4,26.0,34.0,209.59,258.61,0.827077423560018,0.397976820961207,0.404943247545729,0.406793409462844,2.49777536666199,2.58137910809091,1.46144183867491,1.04160722395267,0.476600383917012,0.111962522754413,0.0788294805045856,-0.18114817,1.29143799114357,0.619485706899003,1.39671148540479,1.60968287251631,1.10218971260554,1.45193970336831,-0.850023314,-2.393059265,0.743990536706388,1.77707049573861,-1.090317467,-1.090317467,-0.001235877,-0.001235877,-0.080210296,0.774226941720744,0.32990449581267,1.16130622640965,0.869695158398087,0.913448894202032,0.8,0.870807453416149,0.684155299055614,0.524658971668416,0.789067142008319,0.919191919191919,0.448229493500672,0.448229493500672,0.3584,0.3584,0.481481481481481,0.62962962962963,0.550741013243641,0.679551187723355,A,A,17,17,-49.02000000000001,-3.6599999999999966,-0.5699999999999994,0.15200000000000002,-2.1900000000000013,0.0,0.0,-8.0,0.429100602598811,-0.0018501619171149564,-0.08360374142892013
A18,A18,A18,Meadow,Meadow,2.97,2.84,4.26,3.46,4.43,3.91,4.99,3.64,71.85,77.28,5.44,7.75,0.828,0.72,9.6,13.49,13.99,14.15,28.2,28.2,21.0,31.0,217.93,271.72,1.40084637911299,0.440564942598185,0.708553884615086,0.730286169387028,2.63351885565257,3.01286781672155,1.43934528000532,1.15209001730063,0.630870248255034,-0.098405474,2.02182034038618,0.174610720076214,1.51134964780542,0.533964507086059,1.34434147218065,1.66030721863299,0.488593237583124,1.9060010948849,0.936649893356133,-0.159717756,1.07891600287665,1.15439216426713,-1.235210154,0.173871224045753,0.428849487064614,0.428849487064614,-0.614233569,0.45381297770333,0.471354729047651,1.38365785203442,0.858936043036461,0.923849372384937,0.675776397515528,0.962732919254658,0.868835257082896,0.755508919202518,0.831253713606655,0.8407605466429,0.430300313760645,0.604661586732407,0.4512,0.4512,0.388888888888889,0.574074074074074,0.572656085768341,0.714000420433046,A,A,18,18,-53.79000000000002,-5.430000000000007,-2.3099999999999996,0.10799999999999998,-0.16000000000000014,-3.8900000000000006,0.0,-10.0,0.9602814365148049,-0.021732284771942,-0.37934896106897975
A19,A19,A19,Meadow,Meadow,2.89,2.84,4.06,3.43,4.74,3.48,3.88,2.8,63.92,83.65,6.61,6.01,0.884,0.767,10.6,14.49,14.35,12.0,12.5,12.5,23.0,29.0,218.93,272.72,1.02455262244116,-0.006705493,0.618404553930558,0.395138004737388,2.47158264616204,2.68312155426564,1.26257281064859,1.15209001730063,1.06563077502583,-0.701460398,0.503003541464652,-0.974764155,1.26700336262558,0.497312564309083,0.882903466772356,2.03097053445276,1.20650111335935,0.838343228345899,1.50513682284974,0.317405202300597,1.24873736600524,0.140181245582531,-0.872978437,0.536102940807737,-0.735347103,-0.735347103,-0.40062426,0.240203668358388,0.488315188668153,1.40061831165492,0.764136282127914,1.0,0.82111801242236,0.746583850931677,0.927597061909759,0.804826862539349,0.852644087938206,0.71301247771836,0.475123263110713,0.649484536082474,0.2,0.2,0.425925925925926,0.537037037037037,0.575283792306075,0.71662812697078,A,A,19,19,-53.79000000000002,-19.730000000000004,0.6000000000000005,0.11699999999999999,2.3499999999999996,-3.8900000000000006,0.0,-6.0,1.03125811544116,0.22326654919317002,-0.21153890810359988
A2,A2,A2,Meadow,Meadow,2.94,2.79,3.99,3.49,5.06,3.75,3.5,2.5,71.32,70.52,5.61,7.75,0.557,0.658,11.51,12.28,14.2,15.13,8.0,8.0,20.2,17.52,180.35,280.64,1.0130004606651,-0.023957378,0.236990606694727,0.260021639499716,2.05340637775755,2.29107333501695,1.37305560399654,1.04160722395267,1.51441583491825,-0.322798004,-0.016951759,-1.385255182,1.18148216281264,0.570616449863035,1.31350135328199,1.26695023041608,0.592904638336935,1.9060010948849,-1.814420783,-0.789114,1.17797846470166,1.61668365278384,-0.543347575,-0.264429153,-1.069034024,-1.069034024,-0.699677293,-0.985913767,-0.166019343,1.53494515184929,0.852600119545726,0.843036461446503,0.696894409937888,0.962732919254658,0.584470094438615,0.690451206715635,0.843731431966726,0.898989898989899,0.515912147019274,0.550425818018826,0.128,0.128,0.374074074074074,0.324444444444444,0.473906874080303,0.737439562749632,A,A,2,2,-100.28999999999999,0.7999999999999972,-2.1399999999999997,-0.10099999999999998,-0.9300000000000015,-0.7699999999999996,0.0,2.6799999999999997,1.0369578386651,-0.023031032804989027,-0.23766695725940012
A20,A20,A20,Meadow,Meadow,2.95,2.84,3.96,3.51,4.0,3.37,4.52,2.78,63.92,78.83,5.67,6.46,0.658,0.658,11.6,15.49,10.0,10.0,42.5,42.5,24.0,33.0,267.76,289.5,0.98662885964005,-0.027679848,0.488992919628892,0.491838469740354,2.84036210022555,3.21996891458758,1.39515216266613,1.15209001730063,0.0278153240245826,-0.855730263,1.37871773183382,-1.002130223,1.14483022003566,0.595051078381019,0.882903466772356,1.75050001918568,0.629720426838279,1.11446164210598,-0.789114,-0.789114,-0.803270772,-0.803270772,-0.510746721,0.898334657569721,1.48923236862496,1.48923236862496,-0.293819605,0.667422287048272,1.31649443193724,1.68521482408694,0.764136282127914,0.942378959952182,0.704347826086956,0.802484472049689,0.690451206715635,0.690451206715635,0.5941770647653,0.5941770647653,0.51994621246078,0.694307485432542,0.68,0.68,0.444444444444444,0.611111111111111,0.70359470254362,0.760721042673954,A,A,20,20,-21.74000000000001,-14.909999999999997,-0.79,0.0,0.0,-3.8900000000000006,0.0,-9.0,1.0143087076400499,-0.0028455501114619808,-0.37960681436203014
A21,A21,A21,Meadow,Meadow,3.04,2.8,3.95,3.48,4.44,3.51,3.5,3.07,51.86,65.37,7.51,6.07,0.673,0.76,12.6,9.41,14.71,14.11,9.2,9.2,22.0,21.0,268.76,280.64,0.838644279694689,0.0893484721423204,0.48113654096293,0.184860358318585,2.3650509596685,2.28047282377683,1.59402119069246,1.06370378262227,0.644894781376673,-0.659386799,-0.016951759,-0.605322231,1.13261290577667,0.558399135604043,0.181145289568823,0.967277376966811,1.75873794087952,0.875159016847244,-0.636840715,0.246344336113896,1.41855872913382,1.13552312391951,-0.148515004,-1.30403418,-0.980050845,-0.980050845,-0.507428914,-0.614233569,1.33345489155774,1.53494515184929,0.619964136282128,0.781470412432756,0.932919254658385,0.754037267080745,0.706190975865687,0.797481636935992,0.874034462269757,0.838383838383838,0.564769161810847,0.421783953384133,0.1472,0.1472,0.407407407407407,0.388888888888889,0.706222409081354,0.737439562749632,A,A,21,21,-11.879999999999995,-13.510000000000005,1.4399999999999995,-0.08699999999999997,0.6000000000000014,3.1899999999999995,0.0,1.0,0.7492958075523686,0.296276182644345,0.08457813589166996
A22,A22,A22,Meadow,Meadow,3.02,2.8,4.05,3.47,5.26,4.04,4.51,2.69,43.92,66.37,5.61,6.66,0.953,0.652,13.6,13.6,14.09,16.1,24.9,24.9,23.0,34.0,183.0,200.91,1.49113882917005,0.142130382306358,0.79036932993122,0.450848368379838,2.77519306375467,2.84209277209495,1.54982807335327,1.06370378262227,1.79490649735102,0.0839134565111363,1.3650346976093,-1.125277531,1.25478604836659,0.546181821345051,-0.280874605,1.02546628054919,0.592904638336935,1.23718093711047,2.20559393240436,-0.850023314,1.1260886037457,2.07425788121364,0.213716712889571,0.213716712889571,0.184145745166073,0.184145745166073,-0.40062426,0.774226941720744,-0.121074125,0.182687706306717,0.52504482964734,0.793424985056784,0.696894409937888,0.827329192546584,1.0,0.684155299055614,0.837195484254308,0.956625074272133,0.609592111160914,0.609592111160914,0.3984,0.3984,0.425925925925926,0.62962962962963,0.480870296405297,0.527932520496111,A,A,22,22,-17.909999999999997,-22.450000000000003,-1.0499999999999998,0.30099999999999993,-2.0100000000000016,0.0,0.0,-11.0,1.349008446863692,0.339520961551382,-0.06689970834028003
A23,A23,A23,Meadow,Meadow,2.98,2.81,4.27,3.47,5.12,3.4,3.5,2.5,57.92,67.37,5.18,5.91,0.781,0.918,10.55,17.47,13.83,15.1,40.0,40.0,19.0,36.0,180.41,227.12,1.14165501883009,-0.141732421,0.526027598274673,0.77341603029769,2.70022704175039,3.51430286411796,1.46144183867491,1.08580034129186,1.59856303364809,-0.813656663,-0.016951759,-1.385255182,1.52356696206442,0.546181821345051,0.533770045278061,1.08365518413158,0.329058154077297,0.776983580843658,0.459526934673999,1.85028960147086,1.00343984148617,1.60253187252312,-0.891090023,1.61555345675845,1.30385074597455,1.30385074597455,-0.827842878,0.987836251065686,-0.165001716,0.627221352960059,0.692408846383742,0.805379557680813,0.643478260869565,0.73416149068323,0.819517313746065,0.963273871983211,0.82174688057041,0.897207367795603,0.472882115643209,0.783056925145675,0.64,0.64,0.351851851851852,0.666666666666667,0.474064536472567,0.596804708850116,A,A,23,23,-46.71000000000001,-9.450000000000003,-0.7300000000000004,-0.137,-1.2699999999999996,-6.919999999999998,0.0,-17.0,1.28338743983009,-0.24738843202301697,-0.8140758223675699
A24,A24,A24,Meadow,Meadow,2.95,2.79,3.81,3.42,5.5,3.98,5.0,3.26,58.03,73.18,6.44,6.75,0.796,0.679,10.53,16.61,11.0,14.55,13.8,13.8,44.0,54.0,176.87,270.85,1.63093033392449,0.295281037832148,0.710523813144273,0.800560038330536,2.59714624757371,3.08855122046968,1.39515216266613,1.04160722395267,2.13149529227034,-0.000233742,2.0355033746107,-0.34534458,0.961570506150781,0.485095250050091,0.540170824672123,1.42173271394522,1.10218971260554,1.29240461986248,0.611800219359787,-0.575931401,-0.331544763,1.34308256774334,-0.898334658,1.30403418034314,-0.638948659,-0.638948659,1.84227348844546,2.91032003517017,-0.225041743,1.36890225216459,0.693723849372385,0.87483562462642,0.8,0.838509316770186,0.835257082896118,0.712486883525708,0.65359477124183,0.864527629233512,0.471985656656208,0.744509188704617,0.2208,0.2208,0.814814814814815,1.0,0.464762455328989,0.711714315745218,A,A,24,24,-93.98000000000002,-15.150000000000006,-0.3099999999999996,0.11699999999999999,-3.5500000000000007,-6.08,0.0,-10.0,1.335649296092342,-0.09003622518626297,-0.4914049728959702
A25,A25,A25,Meadow,Meadow,2.97,2.87,3.6,3.42,4.63,3.24,5.0,2.82,63.92,76.48,5.96,7.75,0.695,0.794,10.0,12.63,13.55,14.8,50.0,50.0,33.0,47.5,190.44,239.87,1.27280411800394,-0.070493084,0.738935590707958,0.854798518019619,3.00998639624347,3.58935371708272,1.43934528000532,1.2183796933094,0.911360910687803,-1.038049193,2.0355033746107,-0.947398086,0.705006906711948,0.485095250050091,0.882903466772356,1.61375609576708,0.807663404594779,1.9060010948849,-0.413506564,0.591497114735015,0.871356559052827,1.46101406991597,-1.090317467,-0.137648052,2.04537723657619,2.04537723657619,0.667422287048272,2.2160897797991,0.0051116940800676,0.843467213121452,0.764136282127914,0.914285714285714,0.740372670807453,0.962732919254658,0.729275970619098,0.833158447009444,0.805109922756982,0.879382055852644,0.448229493500672,0.566113850291349,0.8,0.8,0.611111111111111,0.87962962962963,0.500420433046037,0.630307967206222,A,A,25,25,-49.43000000000001,-12.560000000000002,-1.79,-0.09900000000000009,-1.25,-2.630000000000001,0.0,-14.5,1.34329720200394,-0.11586292731166103,-0.5793673208392498
A26,A26,A26,Meadow,Meadow,3.06,2.81,3.91,3.41,4.72,3.73,3.86,4.0,63.62,76.13,7.68,6.75,0.607,0.816,14.25,14.76,14.89,15.66,16.2,16.2,51.29,54.0,275.95,374.86,1.05879428464263,0.468757789745543,0.935397046940239,1.13821319637454,2.96947095953691,3.33862742450745,1.63821430803164,1.08580034129186,1.03758170878255,-0.35084707,0.475637473015615,0.667199952158871,1.0837436487407,0.472877935791099,0.865446795697641,1.59338997951325,1.86304934163333,1.29240461986248,-1.306843168,0.814831265607503,1.50346941069811,1.86669843738981,0.44916732878486,0.633905504333472,-0.460982302,-0.460982302,2.62087942100777,2.91032003517017,1.45540059622914,3.13295965729294,0.760549910340705,0.910101613867304,0.954037267080745,0.838509316770186,0.636935991605456,0.856243441762854,0.884729649435532,0.93048128342246,0.638727028238458,0.661586732406992,0.2592,0.2592,0.949814814814815,1.0,0.72511561908766,0.985022072734917,A,A,26,26,-98.91000000000003,-12.509999999999998,0.9299999999999997,-0.20899999999999996,-0.7699999999999996,-0.5099999999999998,0.0,-2.710000000000001,0.5900364948970869,-0.20281614943430115,-0.36915646497053967
A27,A27,A27,Meadow,Meadow,2.89,2.85,4.02,3.51,4.94,3.42,4.64,4.0,73.91,77.38,5.61,5.01,0.915,0.67,13.74,21.68,14.62,14.6,25.0,25.0,50.06,52.69,195.62,258.61,1.34243562405621,0.412707502369916,1.13843856791589,0.958741543860732,3.23314955091459,3.43418353847311,1.26257281064859,1.17418657597022,1.34612143745859,-0.785607597,1.54291414252804,0.667199952158871,1.21813410558961,0.595051078381019,1.46421061356036,1.66612610899122,0.592904638336935,0.224746753323487,1.8198349445337,-0.667295372,1.37610338835168,1.36666886817787,0.264429153236249,3.1405489843264,0.19156101007209,0.19156101007209,2.48950969576063,2.77040593754923,0.092966874914265,1.16130622640965,0.88356246264196,0.92504482964734,0.696894409937888,0.622360248447205,0.9601259181532,0.703043022035677,0.868686868686869,0.867498514557338,0.615867324069924,0.971761541909458,0.4,0.4,0.927037037037037,0.975740740740741,0.514031952911499,0.679551187723355,A,A,27,27,-62.99000000000001,-3.469999999999999,0.6000000000000005,0.245,0.019999999999999574,-7.9399999999999995,0.0,-2.6299999999999955,0.929728121686294,0.17969702405515797,-0.2010339875585201
A28,A28,A28,Meadow,Meadow,2.95,2.85,3.92,3.46,4.62,3.17,4.25,2.5,57.92,70.59,6.44,7.75,0.646,0.648,19.06,18.14,13.52,14.19,41.0,41.0,34.0,45.0,215.37,280.64,1.09943132775095,-0.203331256,0.895968782980506,0.780550550312508,3.26954644456867,3.5538415396787,1.39515216266613,1.17418657597022,0.897336377566165,-1.136220925,1.00927580777183,-1.385255182,1.09596096299969,0.533964507086059,0.533770045278061,1.27102345366685,1.10218971260554,1.9060010948849,-0.910932627,-0.890629523,0.857204778792111,1.17326120461476,2.191501886,1.85824870698898,1.37800339503471,1.37800339503471,0.774226941720744,1.94907814311793,0.427935952419168,1.53494515184929,0.692408846383742,0.843873281530185,0.8,0.962732919254658,0.677859391395593,0.679958027282267,0.803327391562686,0.843137254901961,0.854325414612282,0.81308830121022,0.656,0.656,0.62962962962963,0.833333333333333,0.565929157031743,0.737439562749632,A,A,28,28,-65.26999999999998,-12.670000000000002,-1.3099999999999996,-0.0020000000000000018,-0.6699999999999999,0.9199999999999982,0.0,-11.0,1.30276258375095,0.115418232667998,-0.28429509511003026
A29,A29,A29,Meadow,Meadow,2.59,2.75,3.8,3.46,5.48,3.7,3.64,4.0,47.93,71.83,6.44,5.01,0.811,0.708,17.48,14.71,11.0,16.83,16.8,16.8,29.0,46.0,216.37,281.64,0.95677154713898,0.440366194723667,0.600171056890998,0.772796860440751,2.78126045103903,3.01810359762226,0.59967605056085,0.95322098927431,2.10344622602707,-0.39292067,0.174610720076214,0.667199952158871,0.949353191891789,0.533964507086059,-0.047537102,1.343177694,1.10218971260554,0.224746753323487,0.764073504045575,-0.281536384,-0.331544763,2.41861786755771,1.61917577392607,0.615793918495373,-0.416490712,-0.416490712,0.240203668358388,2.0558827977904,0.444896412039669,1.5519056114698,0.572982665869695,0.858696951583981,0.8,0.622360248447205,0.85099685204617,0.742917103882476,0.65359477124183,1.0,0.783505154639175,0.659345584939489,0.2688,0.2688,0.537037037037037,0.851851851851852,0.568556863569477,0.740067269287366,A,A,29,29,-65.26999999999998,-23.9,1.4300000000000006,0.10300000000000009,-5.829999999999998,2.7699999999999996,0.0,-17.0,0.516405352415313,-0.172625803549753,-0.2368431465832299
A3,A3,A3,Meadow,Meadow,2.9,2.77,4.13,3.39,4.31,3.3,3.5,4.0,78.91,71.52,6.44,7.01,0.781,0.743,14.45,22.31,9.4,9.4,12.2,12.2,18.38,18.3,173.45,200.91,0.770704505871259,0.289788842888843,0.325024660027315,0.401244951364232,2.34430021112837,2.59919296199798,1.28466936931818,0.997414106613492,0.462575850795373,-0.953901994,-0.016951759,0.667199952158871,1.35252456243853,0.448443307273115,1.75515513147227,1.32513913399846,1.10218971260554,1.45193970336831,0.459526934673999,0.0737679468033369,-1.086306377,-1.086306377,0.521613672137257,3.36875496588645,-0.757592898,-0.757592898,-0.894061764,-0.902606137,-0.283046515,0.182687706306717,0.943335325762104,0.854991034070532,0.8,0.870807453416149,0.819517313746065,0.779643231899266,0.558526440879382,0.558526440879382,0.647691618108472,1.0,0.1952,0.1952,0.34037037037037,0.338888888888889,0.455775698969939,0.527932520496111,A,A,3,3,-27.460000000000008,7.390000000000001,-0.5699999999999994,0.038000000000000034,0.0,-7.859999999999999,0.0,0.0799999999999983,0.48091566298241606,-0.07622029133691699,-0.25489275086960994
A30,A30,A30,Meadow,Meadow,2.39,2.06,3.85,3.56,4.93,4.24,5.0,3.82,57.92,75.93,6.44,7.75,0.924,0.736,10.26,15.15,13.67,16.12,12.0,12.0,24.0,47.0,182.48,227.12,1.13394622982586,0.217501386452486,0.568219454526608,0.769734964423269,2.41520521939735,2.95417570358473,0.157744877169026,-0.571441559,1.33209690433696,0.364404118943905,2.0355033746107,0.420905336117542,1.01043976318675,0.65613764967598,0.533770045278061,1.58175219879677,1.10218971260554,1.9060010948849,1.91119891534517,0.0027070806166359,0.927963680095688,2.08369240138745,-0.996137221,0.775175873870646,-0.772423428,-0.772423428,-0.293819605,2.16268745246287,-0.129893564,0.627221352960059,0.692408846383742,0.907710699342498,0.8,0.962732919254658,0.969569779643232,0.772298006295908,0.812240047534165,0.957813428401664,0.45988346033169,0.679067682653519,0.192,0.192,0.444444444444444,0.87037037037037,0.479503889005676,0.596804708850116,A,A,30,30,-44.640000000000015,-18.010000000000005,-1.3099999999999996,0.18800000000000006,-2.450000000000001,-4.890000000000001,0.0,-23.0,0.9164448433733741,-0.201515509896661,-0.5389704841873799
A4,A4,A4,Meadow,Meadow,2.89,2.82,4.45,3.48,4.55,3.64,4.02,3.89,57.92,72.52,6.44,7.21,0.828,0.817,16.26,19.62,14.65,15.06,31.2,31.2,31.64,30.64,176.32,227.12,1.12494552392437,0.426478685725065,0.881583782516953,0.930065930497701,3.09349617598992,3.31957030419167,1.26257281064859,1.10789689996145,0.799164645714695,-0.477067868,0.694566020607907,0.51668657568917,1.74347861872627,0.558399135604043,0.533770045278061,1.38332803758085,1.10218971260554,1.57465899837279,0.936649893356133,0.824982817919889,1.39025516861239,1.5836628321755,1.17725307947645,2.39435164779672,0.651307434245106,0.651307434245106,0.522167956693712,0.41536330202124,-0.234369996,0.627221352960059,0.692408846383742,0.866945606694561,0.8,0.895652173913043,0.868835257082896,0.857292759706191,0.870469399881165,0.894830659536542,0.728821156432093,0.879426266248319,0.4992,0.4992,0.585925925925926,0.567407407407407,0.463317216733235,0.596804708850116,A,A,4,4,-50.80000000000001,-14.599999999999994,-0.7699999999999996,0.01100000000000001,-0.41000000000000014,-3.3599999999999994,0.0,1.0,0.698466838199305,-0.048482147980748014,-0.2260741282017502
A5,A5,A5,Meadow,Meadow,2.97,2.72,3.78,3.44,4.0,3.0,3.5,2.5,48.02,73.52,5.44,5.94,0.788,0.701,10.18,16.8,13.78,15.22,48.5,48.5,33.28,32.72,175.91,187.82,0.593781852084166,-0.340857994,0.47474151652874,0.507101410400863,3.01814802102134,3.33020711142097,1.43934528000532,0.886931313265537,0.0278153240245826,-1.374637988,-0.016951759,-1.385255182,0.924918563373805,0.509529878568075,-0.0423001,1.44151694116323,0.488593237583124,0.795391475094331,0.5305878008607,-0.35259725,0.979853541051644,1.65913899356598,-1.025115758,1.37285820652792,1.93414826298594,1.93414826298594,0.697327590356564,0.63751698373998,-0.241323784,-0.03932471,0.574058577405858,0.878900179318589,0.675776397515528,0.737888198757764,0.826862539349423,0.735571878279119,0.818775995246584,0.904337492572787,0.456297624383684,0.75302554908113,0.776,0.776,0.616296296296296,0.605925925925926,0.462239857052764,0.493535841917175,A,A,5,5,-11.909999999999997,-25.499999999999993,-0.5,0.08700000000000008,-1.4400000000000013,-6.620000000000001,0.0,0.5600000000000023,0.9346398460841661,-0.03235989387212296,-0.3120590903996301
A6,A6,A6,Meadow,Meadow,2.95,2.82,3.91,3.52,4.34,3.47,4.12,2.5,49.02,74.52,5.37,7.75,0.72,0.635,16.5,9.94,13.71,14.51,10.6,10.6,32.97,32.81,176.91,176.53,0.953735406105054,-0.096393705,0.490949437844686,0.145814878359839,2.56139030162044,2.34322421314567,1.39515216266613,1.10789689996145,0.504649450160289,-0.715484931,0.83139636285309,-1.385255182,1.0837436487407,0.607268392640011,0.0158888033948563,1.49970584474561,0.445641484331555,1.9060010948849,-0.159717756,-1.022599703,0.946832720443309,1.32421352739572,1.26418869149932,-1.11205137,-0.876237136,-0.876237136,0.664218147408098,0.647129402660503,-0.224363325,-0.230808299,0.586013150029886,0.890854751942618,0.667080745341615,0.962732919254658,0.755508919202518,0.666316894018888,0.814616755793227,0.86215092097445,0.739578664276109,0.445540116539668,0.1696,0.1696,0.610555555555556,0.607592592592593,0.464867563590498,0.463869035106159,A,A,6,6,0.37999999999999545,-25.499999999999993,-2.38,0.08499999999999996,-0.7999999999999989,6.5600000000000005,0.0,0.1599999999999966,1.0501291111050541,0.34513455948484695,0.21816608847476981
A7,A7,A7,Meadow,Meadow,2.92,2.75,4.06,3.5,4.98,3.59,4.54,2.5,50.02,75.52,7.14,5.01,0.767,0.807,17.71,9.22,11.0,14.17,21.3,21.3,33.18,33.21,177.91,187.62,1.35104230487774,-0.099097741,0.757895345671445,0.205418081942054,2.8765463432134,2.62580161931066,1.32886248665736,0.95322098927431,1.40221956994515,-0.547190534,1.40608380028286,-1.385255182,1.26700336262558,0.582833764122027,0.0740777069772388,1.55789474832799,1.53170724512123,0.224746753323487,0.317405202300597,0.723467294796031,-0.331544763,1.16382668444094,1.70248906878133,-1.372858207,-0.082803791,-0.082803791,0.686647124889317,0.689851264529491,-0.207402865,-0.042716802,0.597967722653915,0.902809324566647,0.88695652173913,0.622360248447205,0.804826862539349,0.846799580272823,0.65359477124183,0.84194890077243,0.793814432989691,0.41326759300762,0.3408,0.3408,0.614444444444444,0.615,0.467495270128232,0.493010300609628,A,A,7,7,-9.710000000000008,-25.499999999999993,2.13,-0.040000000000000036,-3.17,8.49,0.0,-0.030000000000001137,1.45014004587774,0.552477263729391,0.25074472390274005
A8,A8,A8,Meadow,Meadow,3.0,2.8,4.01,3.39,5.5,4.41,4.95,2.5,51.02,79.39,5.61,7.01,0.78,0.662,18.12,18.62,13.95,14.7,12.3,12.3,32.46,36.16,241.59,188.62,1.70253381077579,0.182428272597068,0.968995187812164,0.574265269076848,2.80015593762236,2.79623526187896,1.50563495601409,1.06370378262227,2.13149529227034,0.602821182011758,1.9670882034881,-1.385255182,1.20591679133062,0.448443307273115,0.132266610559621,1.78308580519181,0.592904638336935,1.45193970336831,0.449375382361613,-0.74850779,1.06004696252903,1.41384146904692,1.85100407265374,2.03211993103473,-0.750177633,-0.750177633,0.609747773525138,1.00492499581328,0.872639203668714,-0.025756342,0.609922295277944,0.949073520621638,0.696894409937888,0.870807453416149,0.818467995802728,0.694648478488982,0.828877005347594,0.873440285204991,0.812191842223218,0.834603316898252,0.1968,0.1968,0.601111111111111,0.66962962962963,0.634827622451125,0.495638007147362,A,A,8,8,52.97,-28.369999999999997,-1.3999999999999995,0.118,-0.75,-0.5,0.0,-3.6999999999999957,1.5201055381787218,0.39472991873531593,0.003920675743399826
A9,A9,A9,Meadow,Meadow,2.13,1.84,3.53,3.56,4.57,3.62,3.5,4.0,52.02,75.36,5.95,5.95,0.76,0.761,14.57,16.6,14.02,15.19,19.1,19.1,30.78,29.95,189.66,189.62,0.253245502887397,-0.059836296,0.340476452733724,0.449966194515895,2.72495539715262,2.84787334683676,-0.416765648,-1.05756585,0.827213711957973,-0.505116935,-0.016951759,0.667199952158871,0.619485706899003,0.65613764967598,0.190455514142004,1.54858452375481,0.801527439844555,0.801527439844555,0.246344336113896,0.256495888426282,1.09306778313737,1.64498721330527,0.565081478148695,1.30041186317552,-0.245939619,-0.245939619,0.430315953675386,0.341668090297235,-0.008117464,-0.008795883,0.621876867901972,0.900896592946802,0.739130434782609,0.739130434782609,0.797481636935992,0.798530954879328,0.833036244800951,0.902554961378491,0.65307037203048,0.744060959211116,0.3056,0.3056,0.57,0.55462962962963,0.498370821946605,0.498265713685096,A,A,9,9,0.03999999999999204,-23.339999999999996,0.0,-0.0010000000000000009,-1.17,-2.030000000000001,0.0,0.8300000000000018,0.313081798887397,-0.10948974178217097,-0.12291794968413994
B1,B1,B1,Steppe,Steppe,1.72,1.85,1.54,2.38,3.47,3.58,2.67,3.54,22.36,39.45,2.05,2.78,0.647,0.816,12.82,13.88,9.11,8.53,22.5,22.5,15.0,29.71,125.21,162.26,-1.250653229,-0.586102353,-1.056029359,-0.37885972,2.00679650591159,2.51727685267842,-1.322724554,-1.035469291,-0.715484931,-0.561215067,-1.1526436,0.0377803778310311,-1.811759831,-0.785505433,-1.535427366,-0.540979004,-1.591498813,-1.143573386,-0.900781075,0.814831265607503,-1.22310692,-1.496708005,-0.068824026,0.315141593582926,0.0061793874216802,0.0061793874216802,-1.255061497,0.316034973175842,-1.101219087,-0.472834058,0.267304243873281,0.471607890017932,0.254658385093168,0.345341614906832,0.67890870933893,0.856243441762854,0.541295306001188,0.506833036244801,0.574630210667862,0.622142536978933,0.36,0.36,0.277777777777778,0.550185185185185,0.329015135589657,0.426371662812697,B,B,1,1,-37.05,-17.090000000000003,-0.73,-0.16899999999999993,0.5800000000000001,-1.0600000000000005,0.0,-14.71,-0.6645508760000001,-0.677169639,-0.5104803467668302
B10,B10,B10,Steppe,Steppe,1.68,1.85,1.69,2.04,2.58,4.86,2.67,3.75,28.76,43.67,3.2,2.78,0.821,0.816,10.0,10.0,9.4,10.02,10.0,10.0,26.0,22.81,146.33,159.85,-1.538980721,-0.169328535,-0.938316013,-0.420082204,2.04670761143367,2.05229313600804,-1.411110788,-1.035469291,-1.963668379,1.23392517248549,-1.1526436,0.325124096545914,-1.628500117,-1.200894118,-1.163018383,-0.295421831,-0.885862866,-1.143573386,0.865589027169432,0.814831265607503,-1.086306377,-0.793836252,-1.090317467,-1.090317467,-0.920728726,-0.920728726,-0.080210296,-0.420917144,-0.74301418,-0.513708766,0.343813508667065,0.522056186491333,0.397515527950311,0.345341614906832,0.861490031479538,0.856243441762854,0.558526440879382,0.595365418894831,0.448229493500672,0.448229493500672,0.16,0.16,0.481481481481481,0.422407407407407,0.384512297666597,0.420038890056758,B,B,10,10,-13.519999999999982,-14.91,0.4200000000000004,0.0050000000000000044,-0.6199999999999992,0.0,0.0,3.1900000000000013,-1.369652186,-0.518233809,-0.005585524574370115
B11,B11,B11,Steppe,Steppe,1.71,1.85,1.53,2.24,3.84,3.5,2.44,4.01,20.34,30.61,2.2,3.8,0.784,0.657,9.4,12.8,8.23,10.31,32.0,32.0,27.0,23.0,147.33,161.76,-1.208182213,-0.496136367,-0.869157305,-0.438441523,2.31306531366105,2.46943862332191,-1.344821112,-1.035469291,-0.196577206,-0.673411332,-1.467353387,0.680882986383389,-1.823977145,-0.956547833,-1.652968951,-1.055368912,-1.499459341,-0.517704981,0.489981591611157,-0.799265552,-1.638225807,-0.657035709,-1.307656498,-0.076068661,0.710629553493237,0.710629553493237,0.0265943590134452,-0.40062426,-0.72605372,-0.481314288,0.243156007172744,0.365929468021518,0.273291925465839,0.472049689440994,0.822665267576076,0.689401888772298,0.489007724301842,0.612596553773024,0.421335723890632,0.573733751680861,0.512,0.512,0.5,0.425925925925926,0.38714000420433,0.42505780954383,B,B,11,11,-14.429999999999978,-10.27,-1.5999999999999996,0.127,-2.08,-3.4000000000000004,0.0,4.0,-0.7120458459999999,-0.430715782,-0.15637330966085994
B12,B12,B12,Steppe,Steppe,1.72,1.86,1.54,2.26,3.6,3.78,2.5,3.67,24.02,42.51,3.21,4.38,0.795,0.803,12.81,12.7,9.54,9.4,22.5,22.5,28.0,29.0,108.33,216.27,-1.263226392,-0.50263763,-0.759205159,-0.196787017,2.34190879878682,2.61516490854407,-1.322724554,-1.013372732,-0.533166001,-0.280724405,-1.385255182,0.215659822749768,-1.811759831,-0.932113204,-1.438833786,-0.362920959,-0.879726902,-0.161819026,0.601648667047401,0.682861085546488,-1.020264736,-1.086306377,-0.072446343,-0.112291832,0.0061793874216802,0.0061793874216802,0.133399013685916,0.240203668358388,-1.387511645,0.443200366077619,0.287148834429169,0.50818888224746,0.398757763975155,0.544099378881988,0.834207764952781,0.842602308499475,0.566844919786096,0.558526440879382,0.574181981174361,0.569251456745854,0.36,0.36,0.518518518518518,0.537037037037037,0.28465944923271,0.568294092915703,B,B,12,12,-107.94000000000001,-18.49,-1.17,-0.008000000000000007,0.1399999999999988,0.11000000000000121,0.0,-1.0,-0.760588762,-0.562418142,-0.2732561097572499
B13,B13,B13,Steppe,Steppe,1.69,1.92,1.55,2.3,3.09,4.27,2.04,4.1,27.7,43.51,2.2,4.23,0.806,0.834,13.9,9.4,9.3,10.88,34.5,44.5,19.0,25.0,104.48,204.39,-1.612912173,-0.138382329,-0.888185398,-0.009844685,2.37999117188901,2.77431989052595,-1.38901423,-0.88079338,-1.24841719,0.406477718308819,-2.014674756,0.804030294404053,-1.799542516,-0.883243947,-1.224698621,-0.304732055,-1.499459341,-0.253858497,0.713315742483645,0.997559207230448,-1.133478978,-0.388151884,0.322386227918166,-1.307656498,0.896011176143647,1.63753766674529,-0.827842878,-0.18701495,-1.452809415,0.241710105786062,0.331141661685595,0.520143454871488,0.273291925465839,0.525465838509317,0.845750262329486,0.875131164742917,0.552584670231729,0.646464646464647,0.623038995965935,0.421335723890632,0.552,0.712,0.351851851851852,0.462962962962963,0.274542779062434,0.537076939247425,B,B,13,13,-99.90999999999998,-15.809999999999999,-2.0300000000000002,-0.027999999999999914,-1.58,4.5,-10.0,-6.0,-1.474529844,-0.8783407129999999,-0.39432871863693997
B14,B14,B14,Steppe,Steppe,1.74,1.84,1.56,2.4,3.86,4.97,3.5,3.93,28.0,44.51,2.75,3.32,0.817,0.755,10.0,13.67,9.4,8.38,35.5,15.5,19.0,34.0,105.48,223.92,-0.812834134,0.0352442738462904,-0.688810734,-0.101359923,2.28405210522604,2.50475787269715,-1.278531436,-1.05756585,-0.16852814,1.38819503682351,-0.016951759,0.571418712587243,-1.787325202,-0.761070804,-1.20724195,-0.246543152,-1.16198128,-0.812231289,0.824982817919889,0.195586574551967,-1.086306377,-1.567466906,-1.090317467,0.23907293306291,0.970163825203811,-0.512889156,-0.827842878,0.774226941720744,-1.435848955,0.572947882174454,0.334728033472803,0.532098027495517,0.341614906832298,0.412422360248447,0.857292759706191,0.792235047219307,0.558526440879382,0.497920380273322,0.448229493500672,0.612729717615419,0.568,0.248,0.351851851851852,0.62962962962963,0.277170485600168,0.588396047929367,B,B,14,14,-118.43999999999998,-16.509999999999998,-0.5699999999999998,0.061999999999999944,1.0199999999999996,-3.67,20.0,-15.0,-0.8480784078462904,-0.5874508110000001,-0.22070576747110993
B15,B15,B15,Steppe,Steppe,1.75,1.86,1.3,2.31,4.0,4.09,2.06,3.83,22.3,45.51,3.32,4.32,0.828,0.607,10.9,12.95,9.47,10.54,28.5,28.5,21.0,31.0,106.48,224.92,-1.330225903,-0.323943718,-0.844585414,-0.172088594,2.27184550627095,2.64419468307179,-1.256434878,-1.013372732,0.0278153240245826,0.154036122119328,-1.987308687,0.43458837034206,-2.104975373,-0.871026633,-1.5389187,-0.188354248,-0.812231289,-0.198634814,0.936649893356133,-1.306843168,-1.053285556,-0.548538727,-0.764308922,-0.021733903,0.451095281782664,0.451095281782664,-0.614233569,0.45381297770333,-1.418888496,0.589908341794956,0.26658696951584,0.544052600119546,0.412422360248447,0.536645962732919,0.868835257082896,0.636935991605456,0.562685680332739,0.626262626262626,0.488570147915733,0.580457194083371,0.456,0.456,0.388888888888889,0.574074074074074,0.279798192137902,0.591023754467101,B,B,15,15,-118.43999999999998,-23.209999999999997,-1.0000000000000004,0.22099999999999997,-1.0699999999999985,-2.049999999999999,0.0,-10.0,-1.006282185,-0.67249682,-0.37234917680084
B16,B16,B16,Steppe,Steppe,1.69,1.87,1.84,2.07,2.68,4.68,2.6,3.89,24.98,35.15,2.7,2.78,0.827,0.5,10.01,12.4,9.99,9.32,38.5,18.5,19.0,29.0,107.48,196.23,-1.47652563,-0.164337049,-0.873922504,-0.523091061,2.33034479181505,2.19932208975288,-1.38901423,-0.991276174,-1.823423048,0.981483576295995,-1.248424839,0.51668657568917,-1.445240403,-1.164242175,-1.382972439,-0.791191289,-1.192661104,-1.143573386,0.926498341043747,-2.393059265,-0.807988032,-1.124044458,-1.08669515,-0.220961347,1.1926217723843,-0.290431209,-0.827842878,0.240203668358388,-1.401928036,0.103312755282771,0.298625224148237,0.420203227734608,0.335403726708075,0.345341614906832,0.867785939139559,0.524658971668416,0.593582887700535,0.55377302436126,0.448677722994173,0.555804571940834,0.616,0.296,0.351851851851852,0.537037037037037,0.282425898675636,0.515634853899516,B,B,16,16,-88.74999999999999,-10.169999999999998,-0.07999999999999963,0.32699999999999996,0.6699999999999999,-2.3900000000000006,20.0,-10.0,-1.312188581,-0.350831443,0.13102270206217037
B17,B17,B17,Steppe,Steppe,1.65,1.83,1.74,2.35,3.82,4.22,3.5,4.31,25.41,37.12,2.05,3.32,0.773,0.773,12.77,12.95,9.14,10.0,43.0,53.0,19.0,33.0,108.48,197.23,-0.82159801,-0.11852268,-0.653326672,0.0538299475173714,2.41068224272252,3.03653218983073,-1.477400464,-1.079662408,-0.224626272,0.336355052700627,-0.016951759,1.09137401311894,-1.567413545,-0.822157376,-1.35795121,-0.676559149,-1.591498813,-0.812231289,0.378314516174912,0.378314516174912,-1.208955139,-0.803270772,-0.086935612,-0.021733903,1.52630869315504,2.26783518375668,-0.827842878,0.667422287048272,-1.384967576,0.120273214903272,0.303765690376569,0.443753735803945,0.254658385093168,0.412422360248447,0.811122770199371,0.811122770199371,0.543077837195484,0.5941770647653,0.572389063200359,0.580457194083371,0.688,0.848,0.351851851851852,0.611111111111111,0.28505360521337,0.51826256043725,B,B,17,17,-88.74999999999999,-11.709999999999997,-1.27,0.0,-0.8599999999999994,-0.17999999999999972,-10.0,-14.0,-0.70307533,-0.7071566195173714,-0.6258499471082102
B18,B18,B18,Steppe,Steppe,1.66,1.87,1.95,2.36,3.87,3.61,2.0,3.8,23.85,36.77,2.75,3.32,0.566,0.816,11.85,13.11,9.99,8.96,31.5,21.5,15.0,22.81,96.78,198.23,-1.247516088,-0.481704609,-1.059743199,-0.352536925,2.04893991758666,2.44175148435737,-1.455303906,-0.991276174,-0.154503607,-0.519141468,-2.069406893,0.393539267668505,-1.310849946,-0.809940061,-1.4487259,-0.696925265,-1.16198128,-0.812231289,-1.723056812,0.814831265607503,-0.807988032,-1.293865821,-0.420188791,0.0362231716761983,0.673553228963155,-0.067973262,-1.255061497,-0.420917144,-1.583404954,0.137233674523773,0.285116557083084,0.439569635385535,0.341614906832298,0.412422360248447,0.593913955928646,0.856243441762854,0.593582887700535,0.532382650029709,0.531151949798297,0.587628865979381,0.504,0.344,0.277777777777778,0.422407407407407,0.254309438721884,0.520890266974984,B,B,18,18,-101.44999999999999,-12.920000000000002,-0.5699999999999998,-0.25,1.0299999999999994,-1.2599999999999998,10.0,-7.809999999999999,-0.765811479,-0.7072062739999999,-0.3928115667707104
B19,B19,B19,Steppe,Steppe,1.69,1.86,1.76,2.1,2.91,3.94,2.17,3.92,25.21,40.61,2.05,2.78,0.778,0.727,13.12,12.75,9.58,9.88,21.5,21.5,23.0,22.81,96.45,199.23,-1.567411811,-0.40988979,-0.9850677,-0.386168644,2.18304228306026,2.38009793475441,-1.38901423,-1.013372732,-1.500858786,-0.056331875,-1.836795311,0.557735678362725,-1.542978917,-1.127590232,-1.369588991,-0.473479876,-1.591498813,-1.143573386,0.429072277736842,-0.08865689,-1.001395695,-0.859877893,0.039845488843818,-0.094180246,-0.067973262,-0.067973262,-0.40062426,-0.420917144,-1.589001906,0.154194134144275,0.301374775851763,0.485475194261805,0.254658385093168,0.345341614906832,0.816369359916055,0.762854144805876,0.569221628045158,0.587046939988117,0.588077095472882,0.571492604213357,0.344,0.344,0.425925925925926,0.422407407407407,0.253442295564431,0.523517973512718,B,B,19,19,-102.77999999999999,-15.399999999999999,-0.73,0.051000000000000045,-0.3000000000000007,0.3699999999999992,0.0,0.19000000000000128,-1.157522021,-0.598899056,-0.19705565169414996
B2,B2,B2,Steppe,Steppe,1.66,1.87,1.52,2.26,2.79,3.7,2.66,4.08,20.65,41.1,3.73,3.32,0.658,0.773,10.9,10.98,9.52,9.53,5.0,29.5,19.0,22.81,125.05,163.26,-1.531744546,-0.384911455,-1.177412925,-0.377532092,1.72084922025573,2.43794802649416,-1.455303906,-0.991276174,-1.669153184,-0.39292067,-1.166326634,0.776664225955017,-1.836194459,-0.932113204,-1.634930391,-0.444967313,-0.560656735,-0.812231289,-0.789114,0.378314516174912,-1.029699256,-1.024981996,-0.764308922,-0.735330385,-1.291491971,0.525247930842828,-0.827842878,-0.420917144,-1.103932761,-0.455873598,0.246861924686192,0.491332934847579,0.463354037267081,0.412422360248447,0.690451206715635,0.811122770199371,0.565656565656566,0.566250742721331,0.488570147915733,0.492155983863738,0.08,0.472,0.351851851851852,0.422407407407407,0.32859470254362,0.428999369350431,B,B,2,2,-38.209999999999994,-20.450000000000003,0.41000000000000014,-0.11499999999999999,-0.009999999999999787,-0.08000000000000007,-24.5,-3.8099999999999987,-1.146833091,-0.799880833,-0.7170988062384303
B20,B20,B20,Steppe,Steppe,1.77,1.92,1.34,2.29,3.01,4.16,2.67,3.88,19.0,28.35,2.75,2.2,0.658,0.658,12.19,12.96,8.96,10.56,27.5,27.5,19.0,22.81,101.83,200.23,-1.445401233,-0.255260812,-1.083599417,-0.410544011,2.11444807830212,2.39735976679033,-1.21224176,-0.88079338,-1.360613455,0.252207853970797,-1.1526436,0.503003541464652,-2.056106116,-0.895461261,-1.730942082,-1.186875834,-1.16198128,-1.499459341,-0.789114,-0.789114,-1.293865821,-0.539104207,-0.297030008,-0.018111586,0.3769426327225,0.3769426327225,-0.827842878,-0.420917144,-1.497754633,0.171154593764776,0.227136879856545,0.338912133891213,0.341614906832298,0.273291925465839,0.690451206715635,0.690451206715635,0.532382650029709,0.627450980392157,0.54639175257732,0.580905423576871,0.44,0.44,0.351851851851852,0.422407407407407,0.26757935673744,0.526145680050452,B,B,20,20,-98.39999999999999,-9.350000000000001,0.5499999999999998,0.0,-1.5999999999999996,-0.7700000000000014,0.0,-3.8099999999999987,-1.190140421,-0.673055406,-0.28291168848821036
B21,B21,B21,Steppe,Steppe,1.67,1.91,1.63,2.14,3.81,3.96,3.5,3.2,20.0,33.74,2.2,2.2,0.558,0.773,10.0,13.81,8.96,10.74,50.0,20.5,21.0,18.0,128.68,188.66,-0.847653478,-0.609334127,-0.863541798,-0.474831541,2.27721909735244,2.30854344464385,-1.433207347,-0.902889939,-0.238650805,-0.028282808,-0.016951759,-0.427442786,-1.701804002,-1.078720975,-1.672753179,-0.873237643,-1.499459341,-1.499459341,-1.804269231,0.378314516174912,-1.293865821,-0.454193525,-1.090317467,0.289785373409587,2.04537723657619,-0.142125911,-0.614233569,-0.934647533,-1.042366292,-0.025077924,0.239091452480574,0.403347280334728,0.273291925465839,0.273291925465839,0.585519412381952,0.811122770199371,0.532382650029709,0.638146167557932,0.448229493500672,0.619004930524429,0.8,0.328,0.388888888888889,0.333333333333333,0.338133277275594,0.495743115408871,B,B,21,21,-59.97999999999999,-13.740000000000002,0.0,-0.21499999999999997,-1.7799999999999994,-3.8100000000000005,29.5,3.0,-0.238319351,-0.38871025699999995,-0.03132434729140998
B22,B22,B22,Steppe,Steppe,1.78,1.87,1.37,2.44,3.24,4.27,2.51,3.51,23.07,38.41,2.75,3.32,0.786,0.773,12.31,13.05,9.44,10.18,40.5,20.5,23.0,29.0,129.68,135.59,-1.404805179,-0.325067182,-0.764261092,-0.322220295,2.51572553536751,2.42358258649505,-1.190145202,-0.991276174,-1.038049193,0.406477718308819,-1.371572147,-0.003268725,-2.019454173,-0.712201547,-1.494113245,-0.601495464,-1.16198128,-0.812231289,0.510284696235928,0.378314516174912,-1.067437337,-0.71836009,-0.253562202,0.0144892686704797,1.34092707050463,-0.142125911,-0.40062426,0.240203668358388,-1.025405832,-0.925169516,0.275791990436342,0.459175134488942,0.341614906832298,0.412422360248447,0.824763903462749,0.811122770199371,0.560903149138443,0.604872251931076,0.551770506499328,0.584939489018377,0.648,0.328,0.425925925925926,0.537037037037037,0.340760983813328,0.356290729451335,B,B,22,22,-5.909999999999997,-15.339999999999996,-0.5699999999999998,0.013000000000000012,-0.7400000000000002,-0.7400000000000002,20.0,-6.0,-1.079737997,-0.44204079700000004,0.0921429488724601
B23,B23,B23,Steppe,Steppe,1.72,1.91,1.91,2.15,3.86,4.46,2.0,3.99,26.31,35.49,2.05,2.78,0.776,0.5,12.87,12.64,8.9,10.25,12.5,22.5,19.0,28.0,130.68,136.59,-1.230094697,-0.160733209,-0.946100567,-0.544914017,1.98823242453297,2.20100313980757,-1.322724554,-0.902889939,-0.16852814,0.67294384761995,-2.069406893,0.653516917934353,-1.359719203,-1.066503661,-1.305581197,-0.771407062,-1.591498813,-1.143573386,0.40876917311207,-2.393059265,-1.322169381,-0.68533927,-0.05071244,-0.134025735,-0.735347103,0.0061793874216802,-0.827842878,0.133399013685916,-1.008445373,-0.908209056,0.314524805738195,0.424267782426778,0.254658385093168,0.345341614906832,0.814270724029381,0.524658971668416,0.528817587641117,0.609031491384433,0.576871358135365,0.56656207978485,0.2,0.36,0.351851851851852,0.518518518518518,0.343388690351062,0.358918435989069,B,B,23,23,-5.909999999999997,-9.180000000000003,-0.73,0.276,-1.3499999999999996,0.22999999999999865,-10.0,-9.0,-1.069361488,-0.40118655000000003,-0.2127707152745999
B24,B24,B24,Steppe,Steppe,1.74,1.88,1.89,2.18,2.86,3.58,3.37,4.33,22.01,41.67,2.75,3.32,0.792,0.496,12.95,13.25,8.96,11.44,16.0,16.0,15.0,26.0,104.79,137.59,-1.107124481,-0.36037658,-0.922425367,-0.548627013,1.97207198105441,2.12420830496567,-1.278531436,-0.969179615,-1.570981452,-0.561215067,-0.194831204,1.11874008156797,-1.384153832,-1.029851718,-1.555793482,-0.411799638,-1.16198128,-0.812231289,0.571194010110244,-2.433665474,-1.293865821,-0.123985319,-0.021733903,0.0869356120228763,-0.475812831,-0.475812831,-1.255061497,-0.080210296,-1.447551672,-0.891248597,0.263120143454872,0.498147041243276,0.341614906832298,0.412422360248447,0.83105981112277,0.520461699895068,0.532382650029709,0.679738562091503,0.580457194083371,0.593904078888391,0.256,0.256,0.277777777777778,0.481481481481481,0.275357368089132,0.361546142526803,B,B,24,24,-32.8,-19.66,-0.5699999999999998,0.29600000000000004,-2.4799999999999986,-0.3000000000000007,0.0,-11.0,-0.746747901,-0.37379835399999994,-0.15213632391125986
B25,B25,B25,Steppe,Steppe,1.71,1.88,1.64,2.2,2.54,4.8,2.14,3.69,20.0,36.76,2.05,2.78,0.745,0.628,11.79,12.49,8.8,8.48,19.0,19.0,15.0,22.81,96.78,138.59,-1.733004681,-0.14544821,-1.250440473,-0.564479076,1.90850448364981,2.13442747070526,-1.344821112,-0.969179615,-2.019766512,1.14977797375566,-1.877844414,0.243025891198805,-1.689586688,-1.00541709,-1.672753179,-0.697507155,-1.591498813,-1.143573386,0.0940710514281086,-1.093660569,-1.369341982,-1.520294305,-0.441922694,-0.188360493,-0.253354884,-0.253354884,-1.255061497,-0.420917144,-1.583404954,-0.874288137,0.239091452480574,0.439450089659295,0.254658385093168,0.345341614906832,0.781741867785939,0.65897166841553,0.522875816993464,0.503862150920975,0.528462572837293,0.55983863738234,0.304,0.304,0.277777777777778,0.422407407407407,0.254309438721884,0.364173849064536,B,B,25,25,-41.81,-16.759999999999998,-0.73,0.11699999999999999,0.3200000000000003,-0.7000000000000011,0.0,-7.809999999999999,-1.5875564709999999,-0.685961397,-0.22592298705545022
B26,B26,B26,Steppe,Steppe,1.73,1.9,1.64,2.32,2.66,4.8,2.0,3.71,23.12,38.51,2.75,3.32,0.665,0.593,10.0,13.49,9.43,10.0,26.5,26.5,15.0,31.0,96.45,178.77,-1.727773423,-0.090906471,-1.248839782,-0.273842675,1.96851128626982,2.50131987483717,-1.300627995,-0.924986498,-1.851472114,1.14977797375566,-2.069406893,0.270391959647841,-1.689586688,-0.858809318,-1.491203799,-0.595676573,-1.16198128,-0.812231289,-0.718053134,-1.4489649,-1.072154597,-0.803270772,-1.090317467,0.173871224045753,0.302789983662336,0.302789983662336,-1.255061497,0.45381297770333,-1.589001906,-0.19281687,0.276389719067543,0.460370591751345,0.341614906832298,0.412422360248447,0.697796432318993,0.622245540398741,0.560308972073678,0.5941770647653,0.448229493500672,0.604661586732407,0.424,0.424,0.277777777777778,0.574074074074074,0.253442295564431,0.469755097750683,B,B,26,26,-82.32000000000001,-15.389999999999997,-0.5699999999999998,0.07200000000000006,-0.5700000000000003,-3.49,0.0,-16.0,-1.6368669519999999,-0.9749971069999999,-0.5328085885673499
B27,B27,B27,Steppe,Steppe,1.77,1.88,2.02,2.54,2.92,4.49,2.0,3.51,26.23,36.14,2.43,2.78,0.594,0.743,8.9,9.4,8.7,10.36,48.5,18.5,19.0,22.81,97.45,156.96,-1.498452913,-0.211864824,-1.122684705,-0.488835647,2.18243927434857,2.14417548468268,-1.21224176,-0.969179615,-1.486834253,0.715017446984865,-2.069406893,-0.003268725,-1.225328746,-0.590028405,-1.310236309,-0.733584275,-1.358332152,-1.143573386,-1.438813348,0.0737679468033369,-1.416514583,-0.633449409,-1.488772356,-1.307656498,1.93414826298594,-0.290431209,-0.827842878,-0.420917144,-1.572041446,-0.562724494,0.313568439928273,0.432038254632397,0.301863354037267,0.345341614906832,0.623294858342078,0.779643231899266,0.516934046345811,0.615567439096851,0.398924249215598,0.421335723890632,0.776,0.296,0.351851851851852,0.422407407407407,0.256070002102165,0.412444818162708,B,B,27,27,-59.510000000000005,-9.91,-0.34999999999999964,-0.14900000000000002,-1.6600000000000001,-0.5,30.0,-3.8099999999999987,-1.2865880889999999,-0.633849058,0.03826378966589017
B28,B28,B28,Steppe,Steppe,1.74,1.84,1.79,2.59,2.5,3.9,3.43,4.01,20.81,51.68,2.75,3.32,0.741,0.816,11.35,12.67,9.67,10.73,43.5,28.5,15.0,22.81,98.45,165.13,-1.243364013,-0.254513676,-0.876216261,-0.151736034,2.27434744398694,2.56985775691698,-1.278531436,-1.05756585,-2.075864644,-0.112430007,-0.112732999,0.680882986383389,-1.506326974,-0.528941833,-1.625620167,0.170671286923994,-1.16198128,-0.812231289,0.0534648421785652,0.814831265607503,-0.958940355,-0.458910785,-0.60130465,-0.123158784,1.56338501768512,0.451095281782664,-1.255061497,-0.420917144,-1.555080986,-0.424157539,0.248774656306037,0.617812313209803,0.341614906832298,0.412422360248447,0.777544596012592,0.856243441762854,0.574569221628045,0.637551990493167,0.508740475123263,0.567906768265352,0.696,0.456,0.277777777777778,0.422407407407407,0.258697708639899,0.433913180575993,B,B,28,28,-66.67999999999999,-30.87,-0.5699999999999998,-0.07499999999999996,-1.0600000000000005,-1.3200000000000003,15.0,-7.809999999999999,-0.9888503370000001,-0.724480227,-0.2955103129300398
B29,B29,B29,Steppe,Steppe,1.7,1.86,1.56,2.25,3.43,5.0,2.41,3.77,23.02,39.67,1.98,2.78,0.789,0.685,10.79,11.71,9.49,10.89,53.5,33.5,15.0,22.81,99.45,180.21,-1.358557107,-0.043736112,-0.863436524,-0.248625471,2.34649578170889,2.49276459866519,-1.366917671,-1.013372732,-0.771583064,1.43026863618842,-1.50840249,0.352490164994951,-1.787325202,-0.944330518,-1.49702269,-0.528177445,-1.634450566,-1.143573386,0.540739353173086,-0.515022087,-1.043851036,-0.383434624,-0.804154411,-0.470901232,2.30491150828676,0.821858527083483,-1.255061497,-0.420917144,-1.538120527,-0.168393808,0.27519426180514,0.474237895995218,0.245962732919255,0.345341614906832,0.82791185729276,0.718782791185729,0.56387403446227,0.647058823529412,0.483639623487225,0.524876736889287,0.856,0.536,0.277777777777778,0.422407407407407,0.261325415177633,0.47353899516502,B,B,29,29,-80.76,-16.650000000000002,-0.7999999999999998,0.10399999999999998,-1.4000000000000004,-0.9200000000000017,20.0,-7.809999999999999,-1.314820995,-0.614811053,-0.1462688169563
B3,B3,B3,Steppe,Steppe,1.77,1.92,1.7,2.16,3.8,5.0,2.0,3.7,23.23,42.72,2.05,2.78,0.743,0.648,10.45,13.05,8.96,10.53,39.0,39.0,14.0,29.55,112.28,164.26,-1.287651698,-0.062025541,-0.985583798,-0.173503491,2.15929585045347,2.67399081795582,-1.21224176,-0.88079338,-0.252675338,1.43026863618842,-2.069406893,0.256708925423323,-1.616282802,-1.054286347,-1.48480302,-0.350701289,-1.591498813,-1.143573386,0.0737679468033369,-0.890629523,-1.293865821,-0.553255987,-0.927313195,0.0144892686704797,1.22969809691438,1.22969809691438,-1.361866152,0.298946228428247,-1.32051783,-0.438913139,0.277704722056186,0.510699342498506,0.254658385093168,0.345341614906832,0.779643231899266,0.679958027282267,0.532382650029709,0.625668449197861,0.468399820708203,0.584939489018377,0.624,0.624,0.259259259259259,0.547222222222222,0.295038890056758,0.431627075888165,B,B,3,3,-51.97999999999999,-19.49,-0.73,0.09499999999999997,-1.5699999999999985,-2.6000000000000014,0.0,-15.55,-1.225626157,-0.812080307,-0.5146949675023498
B30,B30,B30,Steppe,Steppe,1.74,1.84,1.79,2.36,2.5,3.66,3.5,3.82,26.02,35.99,2.75,2.54,0.62,0.628,10.36,13.62,9.5,8.28,62.5,12.5,21.0,22.81,100.45,181.21,-1.219418703,-0.473904844,-0.808261764,-0.643650404,2.4561174650851,2.08756015775828,-1.278531436,-1.05756585,-2.075864644,-0.449018802,-0.016951759,0.420905336117542,-1.506326974,-0.809940061,-1.322455979,-0.74231261,-1.16198128,-1.29083654,-1.174872988,-1.093660569,-1.039133776,-1.614639507,-0.959914049,0.22096134722481,2.97228534982824,-0.735347103,-0.614233569,-0.420917144,-1.521160067,-0.151433348,0.311057979677227,0.430245068738793,0.341614906832298,0.315527950310559,0.650577124868835,0.65897166841553,0.564468211527035,0.491978609625668,0.464365755266697,0.610488570147916,1.0,0.2,0.388888888888889,0.422407407407407,0.263953121715367,0.476166701702754,B,B,30,30,-80.76,-9.970000000000002,0.20999999999999996,-0.008000000000000007,1.2200000000000006,-3.26,50.0,-1.8099999999999987,-0.7455138590000001,-0.1646113600000001,0.36855730732682
B4,B4,B4,Steppe,Steppe,1.67,1.88,1.72,2.32,2.95,4.53,3.5,3.75,20.74,43.72,3.19,2.78,0.817,0.708,9.31,9.4,9.29,11.53,15.0,15.3,15.0,22.81,108.38,161.95,-1.121691983,-0.182937314,-0.987801794,-0.438773877,1.86253010644116,2.10351095985485,-1.433207347,-0.969179615,-1.444760654,0.771115579471419,-0.016951759,0.325124096545914,-1.591848174,-0.858809318,-1.62969339,-0.292512386,-0.891998831,-1.143573386,0.824982817919889,-0.281536384,-1.138196238,-0.081529979,-1.340257352,-1.307656498,-0.549965481,-0.527719686,-1.255061497,-0.420917144,-1.386663622,-0.478091801,0.247937836222355,0.522653915122534,0.396273291925466,0.345341614906832,0.857292759706191,0.742917103882476,0.551990493166964,0.685086155674391,0.417301658449126,0.421335723890632,0.24,0.2448,0.277777777777778,0.422407407407407,0.284790834559596,0.425557074,B,B,4,4,-53.56999999999999,-22.98,0.41000000000000014,0.10899999999999999,-2.24,-0.08999999999999986,-0.3000000000000007,-7.809999999999999,-0.938754669,-0.5490279170000001,-0.2409808534136899
B5,B5,B5,Steppe,Steppe,1.68,1.88,1.84,2.24,3.77,3.91,3.5,3.71,20.0,41.53,2.75,3.32,0.701,0.736,10.31,10.4,8.77,7.53,17.5,27.5,19.0,29.27,149.23,183.09,-0.792012972,-0.43843524,-0.883596548,-0.447552848,1.98948426793386,2.44085289042221,-1.411110788,-0.969179615,-0.294748938,-0.098405474,-0.016951759,0.270391959647841,-1.445240403,-0.956547833,-1.672753179,-0.419946084,-1.16198128,-0.812231289,-0.35259725,0.0027070806166359,-1.383493762,-1.968434013,-0.978025635,-0.945424781,-0.364583858,0.3769426327225,-0.827842878,0.269040925119955,-0.693828847,-0.119547684,0.239091452480574,0.496473401075912,0.341614906832298,0.412422360248447,0.735571878279119,0.772298006295908,0.521093285799168,0.447415329768271,0.462124607799193,0.466158673240699,0.28,0.44,0.351851851851852,0.542037037037037,0.392132646626025,0.481106789993693,B,B,5,5,-33.860000000000014,-21.53,-0.5699999999999998,-0.03500000000000003,1.2399999999999993,-0.08999999999999986,-10.0,-10.27,-0.353577732,-0.4360437,-0.4513686224883502
B6,B6,B6,Steppe,Steppe,1.69,1.88,1.22,2.25,4.0,4.65,3.38,3.74,24.76,41.97,2.05,2.78,0.635,0.773,11.31,11.4,9.71,9.56,35.0,8.5,15.0,29.0,129.93,163.59,-0.936265241,-0.165664773,-0.887828202,-0.388192907,2.14885353328885,2.12407685211285,-1.38901423,-0.969179615,0.0278153240245826,0.93940997693108,-0.18114817,0.311441062321396,-2.202713887,-0.944330518,-1.395773998,-0.394342967,-1.591498813,-1.143573386,-1.022599703,0.378314516174912,-0.940071314,-1.010830216,-0.615793918,-0.583193064,0.933087500673729,-1.031957699,-1.255061497,0.240203668358388,-1.021165718,-0.450276647,0.29599521817095,0.501733413030484,0.254658385093168,0.345341614906832,0.666316894018888,0.811122770199371,0.576945929887106,0.568033273915627,0.50694755714926,0.510981622590767,0.56,0.136,0.277777777777778,0.537037037037037,0.341417910447761,0.429866512507883,B,B,6,6,-33.66,-17.209999999999997,-0.73,-0.138,0.15000000000000036,-0.08999999999999986,26.5,-14.0,-0.770600468,-0.49963529500000003,0.024776681175999737
B7,B7,B7,Steppe,Steppe,1.7,1.86,1.52,2.33,3.67,3.71,2.27,3.33,25.76,41.11,2.2,3.32,0.807,0.787,12.31,13.68,9.12,10.0,12.5,12.5,19.94,26.99,131.16,186.58,-1.334517842,-0.622106053,-0.948891527,-0.379613056,2.01184027282193,2.34175445073162,-1.366917671,-1.013372732,-0.434994269,-0.378896137,-1.699964969,-0.249563341,-1.836194459,-0.846592004,-1.337585094,-0.444385424,-1.499459341,-0.812231289,0.723467294796031,0.520436248548314,-1.218389659,-0.803270772,-0.253562202,0.242695250230529,-0.735347103,-0.735347103,-0.727446503,0.0255263124667203,-1.000304352,-0.06035568,0.307949790794979,0.491452480573819,0.273291925465839,0.412422360248447,0.846799580272823,0.825813221406086,0.541889483065954,0.5941770647653,0.551770506499328,0.61317794710892,0.2,0.2,0.369259259259259,0.499814814814815,0.344649989489174,0.490277485810385,B,B,7,7,-55.420000000000016,-15.349999999999998,-1.1199999999999997,0.020000000000000018,-0.8800000000000008,-1.3699999999999992,0.0,-7.049999999999997,-0.7124117889999999,-0.5692784710000001,-0.32991417790969013
B8,B8,B8,Steppe,Steppe,1.84,1.89,1.59,2.28,2.97,4.01,2.63,3.72,26.76,23.49,2.75,2.78,0.662,0.732,9.81,10.27,9.94,9.79,5.5,25.5,21.86,23.58,139.17,179.83,-1.358081608,-0.382211695,-1.10451465,-0.529976695,1.75375363473175,2.29195237368599,-1.05756585,-0.947083056,-1.416711588,0.0418398571462207,-1.207375737,0.28407499387236,-1.750673259,-0.907678575,-1.27939619,-1.469673905,-1.16198128,-1.143573386,-0.74850779,-0.037899129,-0.831574332,-0.902333234,-1.159141494,-0.992514904,-1.254415647,0.228637334602172,-0.522381566,-0.33867756,-0.864451071,-0.174838782,0.319904363419008,0.280812910938434,0.341614906832298,0.345341614906832,0.694648478488982,0.76810073452256,0.590612002376708,0.581699346405229,0.43971313312416,0.460331689825191,0.088,0.408,0.404814814814815,0.436666666666667,0.365697918856422,0.472540466680681,B,B,8,8,-40.660000000000025,3.270000000000003,-0.029999999999999805,-0.06999999999999995,0.15000000000000036,-0.4599999999999991,-20.0,-1.7199999999999989,-0.9758699129999999,-0.574537955,-0.53819873895424
B9,B9,B9,Steppe,Steppe,1.73,1.87,1.87,2.29,3.05,4.49,2.99,3.53,27.76,23.49,2.2,3.32,0.761,0.822,12.25,13.63,8.92,10.16,9.5,24.5,19.0,20.85,145.33,158.75,-1.182129571,-0.286905661,-0.94386188,-0.338761088,1.92646358029131,2.41120951033601,-1.300627995,-0.991276174,-1.304515323,0.715017446984865,-0.714786505,0.0240973436065126,-1.40858846,-0.895461261,-1.221207287,-1.469673905,-1.499459341,-0.812231289,0.256495888426282,0.875740579481818,-1.312734861,-0.72779461,-0.275296105,0.22458366439243,-0.95780505,0.154484685542008,-0.827842878,-0.630254267,-0.759974639,-0.532365271,0.331858936043036,0.280812910938434,0.273291925465839,0.412422360248447,0.798530954879328,0.862539349422875,0.530005941770648,0.603683897801545,0.549081129538324,0.610936799641416,0.152,0.392,0.351851851851852,0.386111111111111,0.381884591128863,0.417148412865251,B,B,9,9,-13.419999999999987,4.270000000000003,-1.1199999999999997,-0.06099999999999994,-1.2400000000000002,-1.3800000000000008,-15.0,-1.8500000000000014,-0.8952239099999999,-0.605100792,-0.4847459300446999
C1,C1,C1,Meadow_Steppe,Meadow_Steppe,2.17,2.39,3.55,3.11,4.3,5.3,3.35,3.7,42.98,58.04,4.26,5.22,0.927,0.773,15.59,12.81,12.14,12.67,33.5,12.5,25.0,32.0,182.27,197.67,0.135473741773481,0.592954235112816,0.29622456616399,0.331773654816436,2.93631091796763,2.52432900375311,-0.328379414,0.157744877169026,0.448551317673735,1.85100462983758,-0.222197272,0.256708925423323,0.643920335416987,0.106358508021337,-0.335572174,0.540752713707947,-0.235450603,0.353602013078193,1.94165357228233,0.378314516174912,0.206222886799203,0.456237671405175,0.934557829245919,-0.072446343,0.821858527083483,-0.735347103,-0.18701495,0.560617632375801,-0.133455261,0.127735817136293,0.513807531380753,0.693843395098625,0.529192546583851,0.648447204968944,0.972717733473243,0.811122770199371,0.721330956625074,0.752822341057635,0.698789780367548,0.574181981174361,0.536,0.2,0.462962962962963,0.592592592592593,0.478952070632752,0.519418751313853,C,C,1,1,-15.399999999999977,-15.060000000000002,-0.96,0.15400000000000003,-0.5299999999999994,2.7799999999999994,21.0,-7.0,-0.45748049333933494,-0.03554908865244599,0.41198191421452
C10,C10,C10,Meadow_Steppe,Meadow_Steppe,2.12,2.46,3.81,3.09,3.47,4.25,2.44,3.79,49.35,64.02,4.77,5.93,0.652,0.719,13.12,12.68,11.01,12.76,31.6,46.4,24.0,33.0,203.57,200.06,-0.415032505,0.288157388217262,-0.172467432,0.471167996661904,2.63152040764848,3.10941317692682,-0.438862207,0.312420787856164,-0.715484931,0.378428652065543,-1.467353387,0.379856233443987,0.961570506150781,0.0819238795033524,0.0350911415770424,0.888722357130594,0.0774835993181077,0.789255510344106,-0.850023314,-0.169869309,-0.326827503,0.498693012187321,0.039845488843818,-0.119536467,0.680968493869172,1.7784276999596,-0.293819605,0.667422287048272,0.227802528897251,0.168271315629291,0.589958158995816,0.765331739390317,0.592546583850932,0.736645962732919,0.684155299055614,0.754459601259182,0.654188948306595,0.758169934640523,0.588077095472882,0.568354997758853,0.5056,0.7424,0.444444444444444,0.611111111111111,0.534922219886483,0.525698969939037,C,C,10,10,3.509999999999991,-14.669999999999995,-1.1600000000000001,-0.06699999999999995,-1.75,0.4399999999999995,-14.799999999999997,-9.0,-0.703189893217262,-0.643635428661904,-0.4778927692783399
C11,C11,C11,Meadow_Steppe,Meadow_Steppe,2.32,2.47,3.65,3.07,4.07,4.81,2.35,4.7,45.42,65.47,5.9,4.52,0.652,0.704,10.02,10.0,9.4,13.22,13.5,3.3,21.0,33.0,204.57,239.77,-0.173837799,0.795205363065892,-0.347346866,0.289405924598084,2.12674499143802,2.18455388617812,0.0030689664818871,0.334517346525756,0.125987055876052,1.16380250687729,-1.590500695,1.62501234787515,0.766093478006908,0.0574892509853683,-0.19359125,0.973096267325049,0.770847616093434,-0.075915519,-0.850023314,-0.322142593,-1.086306377,0.715686976184958,-1.083072833,-1.090317467,-0.661194454,-1.417551475,-0.614233569,0.667422287048272,0.244762988517752,0.841771167159402,0.542976688583383,0.782665869695158,0.732919254658385,0.561490683229814,0.684155299055614,0.738719832109129,0.558526440879382,0.785502079619727,0.449125952487674,0.448229493500672,0.216,0.0528,0.388888888888889,0.611111111111111,0.537549926424217,0.630045196552449,C,C,11,11,-35.20000000000002,-20.049999999999997,1.3800000000000008,-0.051999999999999935,-3.8200000000000003,0.019999999999999574,10.2,-12.0,-0.9690431620658919,-0.636752790598084,-0.05780889474009987
C12,C12,C12,Meadow_Steppe,Meadow_Steppe,2.26,2.46,3.5,3.06,4.16,3.8,3.8,3.3,45.77,57.67,3.74,4.27,0.679,0.685,9.4,14.68,10.87,12.19,10.6,40.5,18.0,23.0,164.55,308.59,0.274767625056417,-0.046398764,-0.34583431,0.281109999982334,1.93434157993907,2.98510113704861,-0.129510386,0.312420787856164,0.252207853970797,-0.252675338,0.393539267668505,-0.290612444,0.582833764122027,0.0452719367263765,-0.173225133,0.519222819382465,-0.55452077,-0.229314638,-0.575931401,-0.515022087,-0.392869144,0.229809187233729,-1.307656498,0.604926966992513,-0.876237136,1.34092707050463,-0.934647533,-0.40062426,-0.433994605,2.00898999824231,0.547160789001793,0.689420203227735,0.464596273291925,0.530434782608696,0.712486883525708,0.718782791185729,0.645870469399881,0.724301841948901,0.421335723890632,0.658000896458987,0.1696,0.648,0.333333333333333,0.425925925925926,0.432389110784108,0.810883960479294,C,C,12,12,-144.03999999999996,-11.899999999999999,-0.5299999999999994,-0.006000000000000005,-1.3200000000000003,-5.279999999999999,-29.9,-5.0,0.321166389056417,-0.626944309982334,-1.05075955710954
C13,C13,C13,Meadow_Steppe,Meadow_Steppe,2.14,2.38,3.35,3.2,2.8,3.8,3.07,3.59,48.7,44.0,4.04,5.22,0.794,0.822,10.0,15.68,12.11,12.33,6.4,4.3,16.0,25.0,155.83,274.92,-0.56388648,0.0513707163492841,-0.487774463,0.194094418715714,1.91886678372501,2.40403965841334,-0.39466909,0.135648318499435,-1.655128651,-0.252675338,-0.605322231,0.106195548953622,0.399574050237146,0.216314336352266,-0.002731646,-0.276219493,-0.370441827,0.353602013078193,0.591497114735015,0.875740579481818,0.192071106538487,0.295850828450401,-1.090317467,0.967158683754497,-1.187678262,-1.343398825,-1.148256842,-0.18701495,-0.581889813,1.43793132282003,0.582187686790197,0.526001195457262,0.501863354037267,0.648447204968944,0.833158447009444,0.862539349422875,0.719548425430778,0.732620320855615,0.448229493500672,0.702823845809054,0.1024,0.0688,0.296296296296296,0.462962962962963,0.409475509775068,0.722409081353794,C,C,13,13,-119.09,4.700000000000003,-1.1799999999999997,-0.027999999999999914,-0.22000000000000064,-5.68,2.1000000000000005,-9.0,-0.6152571963492841,-0.681868881715714,-0.4851728746883299
C14,C14,C14,Meadow_Steppe,Meadow_Steppe,2.12,2.58,3.8,3.05,3.04,3.8,3.8,3.43,44.39,61.27,5.85,5.52,0.931,0.647,11.52,14.47,11.05,13.22,14.3,42.1,17.0,24.0,156.83,266.39,-0.103627401,0.061306444327947,-0.083462121,0.359532009908464,2.28171911108671,2.99499157672746,-0.438862207,0.577579491891259,-1.318539856,-0.252675338,0.393539267668505,-0.112732999,0.949353191891789,0.0330546224673841,-0.25352582,0.728702872279043,0.740167792342313,0.537680955584917,1.98225978153188,-0.900781075,-0.307958463,0.715686976184958,-0.539725258,0.528858306472497,-0.601872335,1.45957130900089,-1.041452188,-0.293819605,-0.564929354,1.29325860225715,0.530663478780634,0.732456664674238,0.726708074534161,0.685714285714286,0.97691500524659,0.67890870933893,0.656565656565657,0.785502079619727,0.516360376512775,0.648588077095473,0.2288,0.6736,0.314814814814815,0.444444444444444,0.412103216312802,0.699994744586924,C,C,14,14,-109.55999999999997,-16.880000000000003,0.33000000000000007,0.28400000000000003,-2.17,-2.950000000000001,-27.8,-7.0,-0.164933845327947,-0.442994130908464,-0.7132724656407503
C15,C15,C15,Meadow_Steppe,Meadow_Steppe,2.41,2.49,3.42,3.18,3.73,4.2,2.92,4.8,45.39,44.0,5.22,5.42,0.722,0.685,12.17,13.4,11.34,12.37,34.2,8.0,15.89,17.81,135.59,249.89,-0.118595392,0.660184712069225,-0.178531098,0.147603782661053,2.45089502575312,2.18784338513226,0.201937994508209,0.378710463864939,-0.35084707,0.308305986457351,-0.810567744,1.76184269012033,0.485095250050091,0.191879707834281,-0.195336917,-0.276219493,0.353602013078193,0.476321308082676,-0.139414652,-0.515022087,-0.17115792,0.314719868798021,-0.304274642,0.141270369537174,0.873765381425598,-1.069034024,-1.160005354,-0.954940417,-0.925169516,1.01341101851888,0.542618051404662,0.526001195457262,0.648447204968944,0.673291925465838,0.757607555089192,0.718782791185729,0.67379679144385,0.734997029114676,0.545495293590318,0.600627521290901,0.5472,0.128,0.294259259259259,0.329814814814815,0.356290729451335,0.656637586714316,C,C,15,15,-114.29999999999998,1.3900000000000006,-0.20000000000000018,0.03699999999999992,-1.0299999999999994,-1.2300000000000004,26.200000000000003,-1.9199999999999982,-0.778780104069225,-0.326134880661053,0.2630516406208603
C16,C16,C16,Meadow_Steppe,Meadow_Steppe,2.07,2.56,3.32,3.36,3.95,3.91,3.34,3.53,43.04,63.27,5.52,5.01,0.5,0.822,12.59,11.67,11.91,11.99,32.6,38.2,18.79,23.4,196.61,250.89,-0.116152635,0.217717402146141,-0.224322841,0.359113013655535,2.41248174844105,2.90551110180947,-0.549345,0.533386374552077,-0.042307342,-0.098405474,-0.235880307,0.0240973436065126,0.36292210746017,0.411791364496138,-0.33208084,0.845080679443808,0.537680955584917,0.224746753323487,-2.393059265,0.875740579481818,0.0977259048003851,0.135463985495626,-0.152137321,-0.4853905,0.755121142929336,1.17037597766625,-0.850271856,-0.357902398,0.109757729938562,1.03037147813938,0.514524805738195,0.756365809922295,0.685714285714286,0.622360248447205,0.524658971668416,0.862539349422875,0.707664884135472,0.712418300653595,0.564320932317346,0.523083818915285,0.5216,0.6112,0.347962962962963,0.433333333333333,0.516633382383855,0.65926529325205,C,C,16,16,-54.27999999999997,-20.230000000000004,0.5099999999999998,-0.32199999999999995,-0.08000000000000007,0.9199999999999999,-5.600000000000001,-4.609999999999999,-0.333870037146141,-0.5834358546555349,-0.4930293533684198
C17,C17,C17,Meadow_Steppe,Meadow_Steppe,2.14,2.5,3.57,3.31,3.0,5.13,3.42,4.57,47.05,54.86,4.26,4.39,0.652,0.685,15.91,13.97,11.36,12.3,27.6,13.8,18.0,29.0,137.61,251.89,-0.306842037,0.952808071365461,-0.247002987,0.397855631689173,2.45415591461296,2.52171552214799,-0.39466909,0.400807022534529,-1.374637988,1.61258756676972,-0.126416033,1.44713290295641,0.668354963934971,0.350704793201178,-0.098743337,0.35571200031597,-0.235450603,-0.155683061,-0.850023314,-0.515022087,-0.1617234,0.281699048189686,1.05047197860975,0.347742448091505,0.384357897628516,-0.638948659,-0.934647533,0.240203668358388,-0.890909388,1.04733193775988,0.56246264196055,0.655827854154214,0.529192546583851,0.545341614906832,0.684155299055614,0.718782791185729,0.674985145573381,0.730837789661319,0.71313312415957,0.626176602420439,0.4416,0.2208,0.333333333333333,0.537037037037037,0.361598696657557,0.661892999789783,C,C,17,17,-114.27999999999997,-7.810000000000002,-0.1299999999999999,-0.03300000000000003,-0.9400000000000013,1.9399999999999995,13.8,-11.0,-1.259650108365461,-0.6448586186891729,-0.06755960753502999
C18,C18,C18,Meadow_Steppe,Meadow_Steppe,2.26,2.49,3.35,3.16,3.53,4.59,3.65,4.14,46.08,61.77,4.04,4.12,0.828,0.743,9.6,12.81,11.57,12.88,33.4,7.4,17.0,31.0,198.61,252.89,-0.043245078,0.565045188171153,-0.095263349,0.304818788807202,2.49091664972195,2.41085720045173,-0.129510386,0.378710463864939,-0.631337733,0.855262778201249,0.188293754300732,0.858762431302126,0.399574050237146,0.167445079316297,-0.155186573,0.757797324070234,-0.370441827,-0.321354109,0.936649893356133,0.0737679468033369,-0.062660938,0.555300133230183,-1.235210154,-0.072446343,0.814443262177467,-1.113525613,-1.041452188,0.45381297770333,0.143678649179564,1.06429239738038,0.550866706515242,0.738433950986252,0.501863354037267,0.511801242236025,0.868835257082896,0.779643231899266,0.687462863933452,0.765300059417707,0.430300313760645,0.574181981174361,0.5344,0.1184,0.314814814814815,0.574074074074074,0.521888795459323,0.664520706327517,C,C,18,18,-54.27999999999997,-15.690000000000005,-0.08000000000000007,0.08499999999999996,-1.3100000000000005,-3.210000000000001,26.0,-14.0,-0.608290266171153,-0.400082137807202,0.08005944927022002
C19,C19,C19,Meadow_Steppe,Meadow_Steppe,2.29,2.46,3.78,3.22,4.18,3.8,3.8,3.31,45.7,54.18,4.0,4.66,0.884,0.822,13.53,16.72,11.7,12.78,6.4,21.0,16.0,34.0,177.69,233.17,0.383873510432374,0.0058912512463348,0.0090251238675851,0.373037817348093,2.11720494882406,2.94672936429658,-0.06322071,0.312420787856164,0.280256920214074,-0.252675338,0.393539267668505,-0.276929409,0.924918563373805,0.24074896487025,-0.177298356,0.31614354587995,-0.394985686,0.0099879870656426,1.50513682284974,0.875740579481818,-0.001336557,0.508127532361131,0.188360492716232,1.34387966918696,-1.187678262,-0.105049586,-1.148256842,0.774226941720744,-0.211134166,0.729832133664092,0.546323968918111,0.647698744769874,0.496894409937888,0.57888198757764,0.927597061909759,0.862539349422875,0.695187165775401,0.759358288770054,0.60645450470641,0.749439713133124,0.1024,0.336,0.296296296296296,0.62962962962963,0.466917174689931,0.612702333403406,C,C,19,19,-55.47999999999999,-8.479999999999997,-0.6600000000000001,0.062000000000000055,-1.08,-3.1899999999999995,-14.6,-18.0,0.3779822591860392,-0.3640126934805079,-0.8295244154725201
C2,C2,C2,Meadow_Steppe,Meadow_Steppe,2.24,2.48,3.76,3.25,3.56,4.85,2.3,3.7,42.42,59.01,4.26,5.52,0.557,0.787,9.51,13.05,11.45,11.75,1.8,3.3,16.0,32.0,130.89,140.74,-0.380349892,0.527656094407436,-0.750702412,0.175659962734141,1.56465944680852,2.21177677489941,-0.173703503,0.356613905195347,-0.589264133,1.21990063936385,-1.658915866,0.256708925423323,0.90048393485582,0.277400907647226,-0.36815796,0.597195950182858,-0.235450603,0.537680955584917,-1.814420783,0.520436248548314,-0.119268059,0.0222497434099029,-1.267811009,0.0144892686704797,-1.528780448,-1.417551475,-1.148256842,0.560617632375801,-1.004883676,-0.837823149,0.507112970711297,0.705439330543933,0.529192546583851,0.685714285714286,0.584470094438615,0.825813221406086,0.680332739156269,0.698158051099228,0.426266248319139,0.584939489018377,0.0288,0.0528,0.296296296296296,0.592592592592593,0.343940508723986,0.369823418120664,C,C,2,2,-9.850000000000023,-16.589999999999996,-1.2599999999999998,-0.22999999999999998,-0.3000000000000007,-3.540000000000001,-1.4999999999999998,-16.0,-0.908005986407436,-0.926362374734141,-0.64711732809089
C20,C20,C20,Meadow_Steppe,Meadow_Steppe,2.16,2.48,3.7,3.12,4.3,4.1,3.47,3.77,46.7,58.17,5.53,5.22,0.658,0.658,10.12,17.61,10.0,12.26,30.3,16.7,21.0,31.0,155.2,175.06,0.216813633250859,0.248935136927898,-0.164125905,0.234317380237833,2.37090412152574,2.64605879541774,-0.350475972,0.356613905195347,0.448551317673735,0.168060655240966,-0.058000862,0.352490164994951,0.827180049301869,0.118575822280329,-0.119109453,0.548317271173656,0.543816920335141,0.353602013078193,-0.789114,-0.789114,-0.803270772,0.262830007842065,-1.046849661,1.66626589710513,0.584570050090959,-0.423905977,-0.614233569,0.45381297770333,-0.592574903,-0.255740175,0.55827854154214,0.695397489539749,0.68695652173913,0.648447204968944,0.690451206715635,0.690451206715635,0.5941770647653,0.728461081402258,0.45360824742268,0.789332138054684,0.4848,0.2672,0.388888888888889,0.574074074074074,0.407820054656296,0.460006306495691,C,C,20,20,-19.860000000000014,-11.469999999999999,0.3100000000000005,0.0,-2.26,-7.49,13.600000000000001,-10.0,-0.032121503677039004,-0.398443285237833,-0.2751546738920001
C21,C21,C21,Meadow_Steppe,Meadow_Steppe,2.2,2.33,3.64,3.06,4.3,5.27,3.69,4.07,44.58,53.83,4.57,5.52,0.673,0.822,10.0,12.44,11.93,11.48,10.2,12.8,23.0,29.0,156.2,251.9,0.295840908766812,0.660587421020254,-0.217206387,0.384547016127963,2.04795303327029,2.55655621674733,-0.262089738,0.0251655251514789,0.448551317673735,1.80893103047266,0.243025891198805,0.762981191730499,0.753876163747916,0.0452719367263765,-0.242469929,0.295777429626116,-0.045235696,0.537680955584917,-0.636840715,0.875740579481818,0.107160424974195,-0.105116279,-1.090317467,-0.206472079,-0.905898196,-0.713101308,-0.40062426,0.240203668358388,-0.575614443,1.04750154235608,0.532934847579199,0.643514644351464,0.567701863354037,0.685714285714286,0.706190975865687,0.862539349422875,0.708853238265003,0.682115270350565,0.448229493500672,0.557597489914836,0.1632,0.2048,0.425925925925926,0.537037037037037,0.41044776119403,0.661919276855161,C,C,21,21,-95.70000000000002,-9.25,-0.9499999999999993,-0.1489999999999999,0.4499999999999993,-2.4399999999999995,-2.6000000000000014,-6.0,-0.364746512253442,-0.601753403127963,-0.5086031834770397
C22,C22,C22,Meadow_Steppe,Meadow_Steppe,2.19,2.45,3.47,3.32,3.17,5.03,2.91,4.21,47.02,54.81,4.75,5.03,0.953,0.822,17.1,16.05,11.65,12.79,35.2,3.9,24.0,33.0,157.2,253.33,-0.424619045,0.770033060768459,0.168657477171925,0.543820056123768,2.99333648416821,2.52404336038191,-0.284186296,0.290324229186574,-1.136220925,1.47234223555334,-0.824250778,0.954543670873754,0.546181821345051,0.36292210746017,-0.100489004,0.352802555136851,0.0652116698176597,0.237018682823935,2.20559393240436,0.875740579481818,-0.024922857,0.512844792448036,1.48152772155652,1.10118441895643,0.947918030485762,-1.373059885,-0.293819605,0.667422287048272,-0.558653984,1.0717549996134,0.562104004781829,0.655230125523013,0.590062111801242,0.624844720496894,1.0,0.862539349422875,0.692216280451575,0.759952465834819,0.76647243388615,0.719408337068579,0.5632,0.0624,0.444444444444444,0.611111111111111,0.413075467731764,0.66567689720412,C,C,22,22,-96.13000000000002,-7.789999999999999,-0.28000000000000025,0.131,-1.1399999999999988,1.0500000000000007,31.300000000000004,-9.0,-1.194652105768459,-0.375162578951843,0.4692931237863003
C23,C23,C23,Meadow_Steppe,Meadow_Steppe,2.29,2.48,3.58,3.13,3.14,5.01,2.44,3.3,47.87,44.0,4.26,4.22,0.781,0.658,10.55,15.83,11.64,12.12,10.4,8.2,18.0,21.0,167.81,254.33,-0.507074086,0.410271941871831,-0.415033108,0.0795266680977487,2.07666807273578,2.27918348017854,-0.06322071,0.356613905195347,-1.178294524,1.44429316931006,-1.467353387,-0.290612444,0.680572278193964,0.130793136539321,-0.051028436,-0.276219493,-0.235450603,-0.259994462,0.459526934673999,-0.789114,-0.029640118,0.196788366625392,-0.891090023,1.0214934412688,-0.891067666,-1.054203494,-0.934647533,-0.614233569,-0.378703507,1.0887154592339,0.572265391512253,0.526001195457262,0.529192546583851,0.524223602484472,0.819517313746065,0.690451206715635,0.691622103386809,0.720142602495544,0.472882115643209,0.709547288211564,0.1664,0.1312,0.333333333333333,0.388888888888889,0.44095543409712,0.668304603741854,C,C,23,23,-86.52000000000001,3.8699999999999974,0.040000000000000036,0.123,-0.47999999999999865,-5.279999999999999,2.200000000000001,-3.0,-0.9173460278718311,-0.4945597760977487,-0.20251540744276042
C24,C24,C24,Meadow_Steppe,Meadow_Steppe,2.25,2.45,3.61,3.09,3.15,4.26,3.36,4.47,31.0,64.01,3.04,5.52,0.796,0.685,8.53,9.02,10.0,12.71,14.0,33.0,17.0,34.0,173.38,255.33,-0.201791738,0.518750963647084,-0.5489961,0.390024201329501,1.96851336566834,2.789685647,-0.151606944,0.290324229186574,-1.164269991,0.392453185187181,-0.208514238,1.31030256071123,0.71722422097094,0.0819238795033524,-1.032675239,0.888140468094771,-0.984038302,0.537680955584917,0.611800219359787,-0.515022087,-0.803270772,0.475106711752796,-1.622798091,-1.44530455,-0.62411813,0.784782202553401,-1.041452188,0.774226941720744,-0.284233747,1.1056759188544,0.370591751344889,0.765212193664077,0.377639751552795,0.685714285714286,0.835257082896118,0.718782791185729,0.5941770647653,0.755199049316696,0.382339757956074,0.404303003137606,0.224,0.528,0.314814814814815,0.62962962962963,0.455591759512298,0.670932310279588,C,C,24,24,-81.95000000000002,-33.010000000000005,-2.4799999999999995,0.11099999999999999,-2.710000000000001,-0.4900000000000002,-19.0,-17.0,-0.720542701647084,-0.939020301329501,-0.8211722813316602
C25,C25,C25,Meadow_Steppe,Meadow_Steppe,2.06,2.59,3.68,3.57,3.16,5.06,2.3,3.43,30.0,64.44,4.04,4.98,0.695,0.5,15.48,14.81,11.06,13.19,33.5,2.4,11.0,23.0,199.43,256.33,-0.644464366,0.667428462693852,-0.380336185,0.165619223965305,2.4509982634734,2.05822923483142,-0.571441559,0.59967605056085,-1.150245458,1.51441583491825,-1.658915866,-0.112732999,0.802745420783884,0.668354963934971,-1.090864143,0.913161696635195,-0.370441827,0.206338859072815,-0.413506564,-2.393059265,-0.303241203,0.701535195924242,0.894712340402101,0.652017090171572,0.821858527083483,-1.484288859,-1.682280116,-0.40062426,0.157586226068375,1.1226363784749,0.358637178720861,0.770352659892409,0.501863354037267,0.618633540372671,0.729275970619098,0.524658971668416,0.657159833630422,0.783719548425431,0.693859255939041,0.663827879874496,0.536,0.0384,0.203703703703704,0.425925925925926,0.524043514820265,0.673560016817322,C,C,25,25,-56.89999999999998,-34.44,-0.9400000000000004,0.19499999999999995,-2.129999999999999,0.6699999999999999,31.1,-12.0,-1.311892828693852,-0.545955408965305,0.39276902864198027
C26,C26,C26,Meadow_Steppe,Meadow_Steppe,2.01,2.49,3.62,3.2,4.03,4.49,3.33,4.59,47.46,44.0,3.23,5.22,0.607,0.701,14.25,15.53,10.0,12.17,27.6,8.9,19.0,24.0,132.63,241.83,-0.033039309,0.696135304651879,-0.346191847,0.268593212604781,2.31949378990684,2.38325033276649,-0.681924352,0.378710463864939,0.0698889233894982,0.715017446984865,-0.249563341,1.47449897140545,0.729441535229932,0.216314336352266,-0.074885886,-0.276219493,-0.867454972,0.353602013078193,-1.306843168,-0.35259725,-0.803270772,0.220374667059918,0.44916732878486,0.9128239262402,0.384357897628516,-1.00229664,-0.827842878,-0.293819605,-0.975372477,0.876709713977635,0.567364016736402,0.526001195457262,0.401242236024845,0.648447204968944,0.636935991605456,0.735571878279119,0.5941770647653,0.72311348781937,0.638727028238458,0.696100403406544,0.4416,0.1424,0.351851851851852,0.444444444444444,0.348512718099643,0.635458272020181,C,C,26,26,-109.20000000000002,3.460000000000001,-1.9899999999999998,-0.09399999999999997,-2.17,-1.2799999999999994,18.700000000000003,-5.0,-0.729174613651879,-0.614785059604781,-0.06375654285964982
C27,C27,C27,Meadow_Steppe,Meadow_Steppe,2.26,2.36,3.35,3.25,3.46,4.3,3.8,4.43,45.94,66.44,4.04,5.52,0.915,0.822,13.74,13.32,11.51,12.38,24.5,39.0,21.0,27.0,142.48,266.1,-0.016476633,0.518244462573592,0.0104631155862117,0.62435836459477,2.56499525971786,3.09768963142218,-0.129510386,0.0914552011602521,-0.729509465,0.448551317673735,0.393539267668505,1.25557042381316,0.399574050237146,0.277400907647226,-0.16333302,1.02953950379996,-0.370441827,0.537680955584917,1.8198349445337,0.875740579481818,-0.090964499,0.319437128884927,0.264429153236249,0.112291832196215,0.154484685542008,1.22969809691438,-0.614233569,0.0265943590134452,-0.808311949,1.2883400689672,0.549193066347878,0.794261805140466,0.501863354037267,0.685714285714286,0.9601259181532,0.862539349422875,0.68389780154486,0.735591206179442,0.615867324069924,0.597041685342896,0.392,0.624,0.388888888888889,0.5,0.374395627496321,0.699232709690982,C,C,27,27,-123.62000000000003,-20.5,-1.4799999999999995,0.09300000000000008,-0.870000000000001,0.41999999999999993,-14.5,-6.0,-0.534721095573592,-0.6138952490085583,-0.53269437170432
C28,C28,C28,Meadow_Steppe,Meadow_Steppe,2.13,2.43,3.54,3.13,2.8,5.01,3.04,4.2,32.0,67.44,5.29,5.44,0.646,0.807,9.06,11.46,12.42,11.48,43.6,7.9,17.0,23.0,112.78,119.07,-0.521640653,0.690519513586503,-0.454218869,0.142738474718469,2.35259490795102,2.14284118028469,-0.416765648,0.246131111847391,-1.655128651,1.44429316931006,-0.646371333,0.940860636649236,0.631703021157995,0.130793136539321,-0.974486336,1.08772840738234,0.396553766329762,0.488593237583124,-0.910932627,0.723467294796031,0.338306169232547,-0.105116279,-1.430815281,-0.561459161,1.57080028259114,-1.076449289,-1.041452188,-0.40062426,-1.3120376,-1.205356309,0.382546323968918,0.806216377764495,0.657142857142857,0.675776397515528,0.677859391395593,0.846799580272823,0.737967914438503,0.682115270350565,0.406095921111609,0.513670999551771,0.6976,0.1264,0.314814814814815,0.425925925925926,0.296352743325625,0.312881017447971,C,C,28,28,-6.289999999999992,-35.44,-0.15000000000000036,-0.16100000000000003,0.9399999999999995,-2.4000000000000004,35.7,-6.0,-1.212160166586503,-0.596957343718469,0.20975372766632994
C29,C29,C29,Meadow_Steppe,Meadow_Steppe,2.2,2.46,3.85,3.22,3.19,4.63,2.88,3.33,35.36,57.34,4.24,5.22,0.811,0.662,17.48,11.09,12.44,12.1,44.7,8.5,16.0,24.0,113.78,254.08,-0.306280429,0.303741830632591,-0.02598264,0.0475540847068074,2.77064137795136,2.2172715218058,-0.262089738,0.312420787856164,-1.108171859,0.911360910687803,-0.865299881,-0.249563341,1.01043976318675,0.24074896487025,-0.77897162,0.500020481200279,-0.247722532,0.353602013078193,0.764073504045575,-0.74850779,0.347740689406357,0.187353846451582,1.61917577392607,-0.695484896,1.65236819655732,-1.031957699,-1.148256842,-0.293819605,-1.29507714,1.08447534432878,0.422713687985654,0.685475194261805,0.526708074534161,0.648447204968944,0.85099685204617,0.694648478488982,0.739156268568033,0.718954248366013,0.783505154639175,0.497086508292246,0.7152,0.136,0.296296296296296,0.444444444444444,0.298980449863359,0.667647677107421,C,C,29,29,-140.3,-21.980000000000004,-0.9799999999999995,0.14900000000000002,0.33999999999999986,6.390000000000001,36.2,-8.0,-0.610022259632591,-0.0735367247068074,0.5533698561455598
C3,C3,C3,Meadow_Steppe,Meadow_Steppe,2.29,2.46,3.37,3.24,4.3,3.8,2.92,3.3,43.64,60.01,4.04,4.38,0.781,0.732,14.45,13.21,10.99,9.4,0.4,6.7,45.26,44.85,110.02,121.93,-0.000307114,0.0085791498197012,-0.086546206,-0.076091763,2.154838905,2.32326383642746,-0.06322071,0.312420787856164,0.448551317673735,-0.252675338,-0.810567744,-0.290612444,0.42400867875513,0.265183593388234,-0.297167498,0.65538485376524,-0.370441827,-0.161819026,0.459526934673999,-0.037899129,-0.336262023,-1.086306377,0.521613672137257,0.0724463433523972,-1.632594157,-1.165432468,1.97684735333277,1.93305744491706,-1.358848469,-1.156849395,0.521697549312612,0.717393903167962,0.501863354037267,0.544099378881988,0.819517313746065,0.76810073452256,0.653000594177065,0.558526440879382,0.647691618108472,0.592111160914388,0.0064,0.1072,0.838148148148148,0.830555555555556,0.28910027328148,0.32039625814589,C,C,3,3,-11.91000000000001,-16.369999999999997,-0.33999999999999986,0.049000000000000044,1.5899999999999999,1.2399999999999984,-6.3,0.4099999999999966,-0.008886263819701201,-0.010454442999999994,-0.16842493142745996
C30,C30,C30,Meadow_Steppe,Meadow_Steppe,2.22,2.53,3.87,3.06,3.38,4.61,3.55,3.55,45.03,52.77,4.04,5.52,0.924,0.761,10.26,14.56,11.08,10.61,25.6,24.8,15.0,19.0,114.78,230.84,0.0066838635073147,0.361785972942439,-0.186321822,0.213380087227966,2.28322662053704,2.62550960482372,-0.21789662,0.467096698543303,-0.84170573,0.883311844444526,0.0514634120555491,0.0514634120555491,1.03487439170473,0.0452719367263765,-0.216284922,0.234097191828791,-0.370441827,0.537680955584917,1.91119891534517,0.256495888426282,-0.293806682,-0.515517906,-0.996137221,0.561459160981076,0.236052599508188,0.176730480260057,-1.255061497,-0.827842878,-1.278116681,0.690314262748324,0.538314405260012,0.630842797369994,0.501863354037267,0.685714285714286,0.969569779643232,0.798530954879328,0.658348187759953,0.630421865715983,0.45988346033169,0.652622142536979,0.4096,0.3968,0.277777777777778,0.351851851851852,0.301608156401093,0.606579777170486,C,C,30,30,-116.06,-7.740000000000002,-1.4799999999999995,0.16300000000000003,0.47000000000000064,-4.300000000000001,0.8000000000000007,-4.0,-0.3551021094351243,-0.399701909227966,-0.34228298428668014
C4,C4,C4,Meadow_Steppe,Meadow_Steppe,2.12,2.5,3.42,3.13,2.94,4.16,3.15,3.76,43.05,54.85,4.04,5.22,0.828,0.822,16.26,14.22,10.85,12.02,24.9,13.0,50.68,48.51,260.07,122.93,-0.477102525,0.28065378595377,0.252265937800492,0.315067229846835,3.17176223692716,2.6944716756025,-0.438862207,0.400807022534529,-1.458785187,0.252207853970797,-0.495857957,0.338807130770432,0.485095250050091,0.130793136539321,-0.331498951,0.355130111280146,-0.370441827,0.353602013078193,0.936649893356133,0.875740579481818,-0.402303664,0.149615765756341,1.17725307947645,0.438300377282001,0.184145745166073,-0.698270779,2.55572858165756,2.3239624810183,1.18606849745558,-1.139888935,0.514644351464435,0.655708308427974,0.501863354037267,0.648447204968944,0.868835257082896,0.862539349422875,0.644682115270351,0.714200831847891,0.728821156432093,0.637382339757956,0.3984,0.208,0.938518518518519,0.898333333333333,0.683387639268446,0.323023964683624,C,C,4,4,137.14,-11.800000000000004,-1.1799999999999997,0.006000000000000005,-1.17,2.040000000000001,11.899999999999999,2.1700000000000017,-0.7577563109537699,-0.062801292046343,0.4772905613246601
C5,C5,C5,Meadow_Steppe,Meadow_Steppe,2.33,2.33,3.57,3.27,3.32,4.42,2.75,3.97,30.0,55.7,3.26,5.52,0.788,0.631,10.18,15.18,11.41,12.22,61.1,9.9,42.8,41.16,260.68,123.93,-0.318877941,0.39249940648385,0.160908823242659,0.163911912057444,3.2427214744682,2.4405085232507,0.0251655251514789,0.0251655251514789,-0.925852928,0.616845715133396,-1.043179326,0.626150849485316,0.668354963934971,0.30183553616521,-1.090864143,0.404590679325172,-0.849047078,0.537680955584917,0.5305878008607,-1.063205912,-0.1381371,0.243960967494444,-1.025115758,0.786042825373505,2.86847164114401,-0.928143991,1.71410790283849,1.53894826917564,1.19641437782409,-1.122928475,0.358637178720861,0.665869695158398,0.404968944099379,0.685714285714286,0.826862539349423,0.66211962224554,0.677956030897207,0.726084373143197,0.456297624383684,0.680412371134021,0.9776,0.1584,0.792592592592593,0.762222222222222,0.684990540256464,0.325651671221358,C,C,5,5,136.75,-25.700000000000003,-2.26,0.15700000000000003,-0.8100000000000005,-5.0,51.2,1.6400000000000006,-0.7113773474838501,-0.0030030888147849766,0.8022129512174998
C6,C6,C6,Meadow_Steppe,Meadow_Steppe,2.16,2.35,3.13,3.09,2.8,4.39,3.8,4.74,35.0,30.0,4.93,4.14,0.72,0.822,16.5,13.7,11.61,12.28,4.3,2.0,33.5,40.71,160.72,193.77,-0.370318055,0.601449780633929,-0.180531762,0.203527006065732,2.29065139702133,2.29634857413554,-0.350475972,0.0693586424906614,-1.655128651,0.57477211576848,0.393539267668505,1.67974448477322,0.130793136539321,0.0819238795033524,-0.799919625,-1.090864143,0.175659035321694,-0.30908218,-0.159717756,0.875740579481818,-0.043791898,0.272264528015875,1.26418869149932,0.249939884565769,-1.343398825,-1.513949918,0.720824614384508,1.49088617457303,-0.498953166,0.0615900246163375,0.418410041841004,0.358637178720861,0.612422360248447,0.514285714285714,0.755508919202518,0.862539349422875,0.689839572192513,0.729649435531789,0.739578664276109,0.614074406095921,0.0688,0.032,0.62037037037037,0.753888888888889,0.422324994744587,0.509170695816691,C,C,6,6,-33.05000000000001,5.0,0.79,-0.10199999999999998,-0.6699999999999999,2.8000000000000007,2.3,-7.210000000000001,-0.971767835633929,-0.384058768065732,-0.005697177114210028
C7,C7,C7,Meadow_Steppe,Meadow_Steppe,2.31,2.45,3.64,3.44,3.0,3.8,3.35,4.8,46.35,54.68,3.04,5.9,0.767,0.803,11.71,15.54,11.46,12.58,4.7,2.4,33.0,44.0,172.63,267.05,-0.215496672,0.577255364866698,-0.266401413,0.591719489014435,2.1461423640842,2.61856516708851,-0.019027592,0.290324229186574,-1.374637988,-0.252675338,-0.222197272,1.76184269012033,0.753876163747916,0.509529878568075,-0.139475569,0.345237997671141,-0.984038302,0.770847616093434,0.317405202300597,0.682861085546488,-0.114550799,0.413782330623029,-0.470901232,0.916446243407819,-1.313737766,-1.484288859,0.667422287048272,1.84227348844546,-0.296954092,1.30445250560668,0.55409444112373,0.653676031081889,0.377639751552795,0.732919254658385,0.804826862539349,0.842602308499475,0.680926916221034,0.747474747474748,0.524876736889287,0.696548632900045,0.0752,0.0384,0.611111111111111,0.814814814814815,0.453620979608997,0.701729030901829,C,C,7,7,-94.42000000000002,-8.329999999999998,-2.8600000000000003,-0.03600000000000003,-1.1199999999999992,-3.8299999999999983,2.3000000000000003,-11.0,-0.792752036866698,-0.858120902014435,-0.47242280300431005
C8,C8,C8,Meadow_Steppe,Meadow_Steppe,2.21,2.48,3.6,3.13,3.92,5.3,2.81,3.3,47.35,53.49,3.62,4.45,0.78,0.834,11.12,13.95,10.51,13.02,18.4,9.6,23.0,28.0,173.63,304.82,-0.145112083,0.511949807003709,-0.255523732,0.441031853905996,2.31847474927209,2.58758434504054,-0.239993179,0.356613905195347,-0.084380941,1.85100462983758,-0.961081121,-0.290612444,0.705006906711948,0.130793136539321,-0.081286666,0.275993202408106,-0.628152347,-0.118867273,0.449375382361613,0.997559207230448,-0.562690507,0.621341774446855,-0.684617945,0.340497813756265,-0.297846474,-0.950389785,-0.40062426,0.133399013685916,-0.279993632,1.94504906547302,0.566049013747759,0.639450089659295,0.449689440993789,0.552795031055901,0.818467995802728,0.875131164742917,0.62448009506833,0.773618538324421,0.498431196772748,0.625280143433438,0.2944,0.1536,0.425925925925926,0.518518518518518,0.456248686146731,0.800977506832037,C,C,8,8,-131.19,-6.140000000000001,-0.8300000000000001,-0.05399999999999994,-2.51,-2.83,8.799999999999999,-5.0,-0.657061890003709,-0.696555585905996,-0.26910959576844995
C9,C9,C9,Meadow_Steppe,Meadow_Steppe,2.23,2.46,3.82,3.15,3.23,5.3,3.19,4.08,48.35,54.16,4.93,5.78,0.76,0.755,12.12,9.4,10.16,12.21,9.1,9.3,44.0,45.0,202.57,205.88,-0.178802947,0.773829352176516,-0.025069797,0.373175896134992,2.48663818911863,2.45877763088675,-0.195800062,0.312420787856164,-1.052073726,1.85100462983758,-0.44112582,0.776664225955017,0.973787820409773,0.155227765057305,-0.023097762,0.314979767808302,0.175659035321694,0.697216039090744,0.246344336113896,0.195586574551967,-0.72779461,0.239243707407539,-0.322386228,-1.307656498,-0.98746611,-0.97263558,1.84227348844546,1.94907814311793,0.21084206927675,0.266981190620609,0.578003586371787,0.647459653317394,0.612422360248447,0.718012422360248,0.797481636935992,0.792235047219307,0.603683897801545,0.725490196078431,0.543254146122815,0.421335723890632,0.1456,0.1488,0.814814814814815,0.833333333333333,0.532294513348749,0.540992221988648,C,C,9,9,-3.3100000000000023,-5.809999999999995,-0.8500000000000005,0.0050000000000000044,-2.0500000000000007,2.719999999999999,-0.20000000000000107,-1.0,-0.952632299176516,-0.39824569313499203,0.027860558231880272
