date,34_anom,land_ocean_temp_anom,sunspots,SSTA_AMO,SST_NH
1870-01-01,-1,-0.16,129,-0.34,0.18596795
1870-02-01,-1.2,-0.28,191.7,-0.3,0.35863793
1870-03-01,-0.83,-0.14,262.7,-0.1,0.25633493
1870-04-01,-0.81,-0.21,266.9,0.06,0.24494295
1870-05-01,-1.27,-0.14,293.6,0.16,0.21903394
1870-06-01,-1.08,-0.04,226.3,0.18,0.20281895
1870-07-01,-1.04,-0.02,220.9,0.13,0.12216695
1870-08-01,-0.88,-0.02,256.5,-0.17,0.30492193
1870-09-01,-0.53,-0.12,226.8,-0.31,0.12695295
1870-10-01,-0.92,-0.27,244.3,-0.39,0.22939995
1870-11-01,-0.79,-0.24,246,0.03,0.07943395
1870-12-01,-0.79,-0.35,216.7,-0.01,0.22501895
1871-01-01,-0.25,-0.35,147.2,-0.19,0.046655945
1871-02-01,-0.58,-0.32,209,-0.35,-0.12815104
1871-03-01,-0.43,-0.02,238.7,-0.43,0.11632795
1871-04-01,-0.5,-0.01,270.9,-0.35,0.42858493
1871-05-01,-0.7,-0.13,242.6,-0.14,0.28418896
1871-06-01,-0.53,0,152.9,-0.11,0.13835295
1871-07-01,-0.6,-0.02,171.8,-0.12,0.30702093
1871-08-01,-0.33,-0.08,183.7,0.15,-0.048586056
1871-09-01,-0.24,-0.22,133.9,-0.06,-0.19561304
1871-10-01,-0.33,-0.28,148.5,-0.12,-0.14530705
1871-11-01,-0.31,-0.29,175.7,-0.29,-0.19255005
1871-12-01,-0.58,-0.19,150.8,-0.24,0.05935295
1872-01-01,-0.72,-0.27,132.7,0,-0.14285205
1872-02-01,-0.62,-0.27,200.3,-0.23,-0.31436807
1872-03-01,-0.5,-0.16,147.5,-0.34,-0.21994306
1872-04-01,-0.77,-0.31,170.4,-0.37,-0.010504052
1872-05-01,-0.62,-0.19,179.5,-0.24,0.12732895
1872-06-01,-0.52,-0.12,183.3,-0.27,0.17688595
1872-07-01,-0.32,-0.1,176,-0.34,0.24436994
1872-08-01,-0.85,-0.02,155,-0.05,0.42446193
1872-09-01,-1.02,-0.12,191.1,-0.04,0.34298295
1872-10-01,-0.94,-0.21,171.2,0.16,-0.029438049
1872-11-01,-0.79,-0.28,186.8,-0.03,-0.085835055
1872-12-01,-0.88,-0.31,139.9,0.14,-0.07659805
1873-01-01,-0.78,-0.21,144.6,0.12,0.18288794
1873-02-01,-1.01,-0.22,178.4,0.01,-0.31836307
1873-03-01,-1.31,-0.4,164,-0.03,-0.021392047
1873-04-01,-0.67,-0.43,127.1,-0.07,-0.003402054
1873-05-01,-0.53,-0.24,80,-0.14,-0.12006505
1873-06-01,-0.48,-0.1,74.8,-0.13,-0.19505505
1873-07-01,-0.58,-0.08,111.7,0.05,-0.08442505
1873-08-01,-0.39,-0.05,113.8,0.02,0.016677946
1873-09-01,-0.34,-0.11,78.7,0.01,0.12811895
1873-10-01,-0.78,-0.13,78.6,-0.08,-0.017008051
1873-11-01,-0.77,-0.21,92.5,-0.24,0.021652952
1873-12-01,-0.7,-0.2,82,-0.39,0.14026195
1874-01-01,-0.93,-0.21,101.4,-0.21,0.40116793
1874-02-01,-1.06,-0.21,107.1,-0.03,-0.079010054
1874-03-01,-1.4,-0.38,77.5,-0.12,-0.21535607
1874-04-01,-0.94,-0.3,53.5,-0.14,-0.15675305
1874-05-01,-0.86,-0.35,74.6,-0.08,0.14360994
1874-06-01,-0.72,-0.17,63.8,-0.07,-0.023542047
1874-07-01,-1,-0.23,113.2,-0.12,-0.03237605
1874-08-01,-1.05,-0.21,102.3,-0.16,-0.16002207
1874-09-01,-1.13,-0.14,46.8,0.04,0.124964945
1874-10-01,-1.25,-0.18,57.4,0.35,-0.23592804
1874-11-01,-1.33,-0.3,48.2,0.08,-0.19668107
1874-12-01,-1.14,-0.09,48.8,0.04,-0.29933807
1875-01-01,-0.71,-0.13,24.4,-0.08,-0.09327404
1875-02-01,-0.37,-0.21,35.9,-0.18,0.080362946
1875-03-01,-0.59,-0.21,56.4,-0.35,-0.07911505
1875-04-01,-0.87,-0.19,48.6,-0.53,-0.033435047
1875-05-01,-1.09,-0.21,19.2,-0.38,0.09058495
1875-06-01,-0.76,-0.1,39.9,-0.19,-0.024827048
1875-07-01,-0.85,-0.09,20.9,-0.1,-0.031941056
1875-08-01,-0.81,-0.16,24.4,0.1,0.17330095
1875-09-01,-0.91,-0.22,4,0.28,0.20166394
1875-10-01,-0.83,-0.22,21.3,0.55,0.22889094
1875-11-01,-0.64,-0.42,29.6,0.2,-0.004144058
1875-12-01,-0.75,-0.46,16.5,0.13,-0.17059205
1876-01-01,-0.95,-0.22,23.9,0.03,-0.28014606
1876-02-01,-1.2,-0.41,25.1,0.22,-0.046071053
1876-03-01,-1.13,-0.19,51.1,0.31,-0.036130056
1876-04-01,-1.18,-0.3,3.9,0.26,-0.05285205
1876-05-01,-1.08,-0.48,8.5,0.34,-0.28720808
1876-06-01,-0.43,-0.12,2.7,0.42,0.02904895
1876-07-01,-0.34,-0.17,25.5,0.39,0.30739594
1876-08-01,-0.16,-0.17,14.8,0.23,0.12855895
1876-09-01,-0.02,-0.18,16.6,0.37,0.017669946
1876-10-01,0.11,-0.11,23.9,0.73,-0.14280204
1876-11-01,0.15,-0.29,16.6,0.67,0.082765944
1876-12-01,0.23,-0.25,13.6,0.62,0.28896093
1877-01-01,0.35,-0.09,40.6,0.45,-0.021937057
1877-02-01,0.46,-0.06,14.5,0.36,0.5076159
1877-03-01,0.52,0.1,19.9,0.74,0.21609494
1877-04-01,0.5,-0.03,26.3,0.69,0.24131894
1877-05-01,0.76,0.03,36.1,0.62,0.18614794
1877-06-01,0.98,0.11,23.6,0.47,0.41556293
1877-07-01,1.42,0.29,10,0.38,0.37836194
1877-08-01,1.54,0.15,10.5,0.64,0.55722797
1877-09-01,1.75,0.18,28.1,0.34,0.47287095
1877-10-01,1.95,0.26,11.2,-0.04,0.52748597
1877-11-01,2.08,0.33,23.6,0.04,0.58622295
1877-12-01,2.49,0.15,3.5,0.43,0.67781997
1878-01-01,2.41,0.14,5.5,0.13,0.61046696
1878-02-01,2.43,0.21,11,0.2,0.58165294
1878-03-01,1.31,0.42,13.1,-0.06,0.47455195
1878-04-01,0.92,0.15,0.2,0.09,0.76166195
1878-05-01,0.82,0.05,9.9,0.21,0.5404369
1878-06-01,0.92,0.24,10.7,0.09,0.47096393
1878-07-01,0.25,0.22,0.2,-0.08,0.17343995
1878-08-01,-0.11,0.09,0,-0.21,0.36827794
1878-09-01,-0.32,0.11,8.8,0.07,0.39497894
1878-10-01,-0.53,-0.06,1.9,0.36,0.03853795
1878-11-01,-0.7,-0.08,6.8,0.19,0.005473942
1878-12-01,-0.75,-0.02,0.9,0.1,0.25051993
1879-01-01,-0.55,-0.05,1.6,0.15,0.32676193
1879-02-01,-0.18,-0.14,0.9,0.17,0.28553796
1879-03-01,-0.24,-0.03,0,0.18,0.23507795
1879-04-01,-0.37,-0.14,10.4,0.11,0.13169995
1879-05-01,-0.83,-0.09,4,-0.13,0.13291794
1879-06-01,-0.67,-0.07,8,-0.19,0.031976953
1879-07-01,-0.77,0,12.6,0.08,-0.07760805
1879-08-01,-0.69,-0.16,17.9,-0.02,-0.023021057
1879-09-01,-0.83,-0.16,10.1,-0.03,-0.011648059
1879-10-01,-0.93,-0.2,20.4,0.15,0.085383944
1879-11-01,-1.14,-0.28,21.9,0.03,-0.06289706
1879-12-01,-1.02,-0.32,12.2,0,-0.033982053
1880-01-01,-1,-0.3,40.1,0.28,0.13529995
1880-02-01,-0.73,-0.39,45.4,0.36,0.014735952
1880-03-01,-0.62,-0.15,32.1,0.23,0.26768595
1880-04-01,-0.57,-0.09,32.4,0.06,0.24602294
1880-05-01,-0.71,-0.12,39.1,0.1,-0.12876506
1880-06-01,-0.61,-0.12,56.9,0.08,-0.012978047
1880-07-01,-0.53,-0.2,36.5,-0.06,-0.006378055
1880-08-01,-0.24,-0.03,80.3,-0.19,0.084873945
1880-09-01,-0.03,-0.14,110.1,-0.15,-0.044201046
1880-10-01,0.17,-0.24,71.7,-0.26,0.08017795
1880-11-01,0.24,-0.2,51.1,-0.4,0.09610895
1880-12-01,0.18,-0.11,49.4,-0.36,0.113477945
1881-01-01,0.29,-0.1,60.6,-0.03,0.32429093
1881-02-01,0.23,-0.13,88.6,-0.04,0.34165594
1881-03-01,0.32,-0.04,85.8,-0.09,0.30156195
1881-04-01,0.41,0.04,86.1,-0.11,0.23275395
1881-05-01,0.16,0.07,72.5,-0.22,0.16222894
1881-06-01,0.23,-0.15,100.8,-0.17,0.13963994
1881-07-01,-0.26,0,128.2,-0.13,0.024926946
1881-08-01,-0.17,-0.08,97.3,-0.19,0.01963295
1881-09-01,-0.33,-0.19,88.6,-0.28,-0.07953705
1881-10-01,-0.43,-0.26,107.3,-0.12,-0.11262606
1881-11-01,-0.59,-0.27,91.5,0.03,-0.19876705
1881-12-01,-0.37,0,78.8,0,0.043320954
1882-01-01,-0.45,0.1,75,-0.07,0.16998994
1882-02-01,-0.55,-0.09,115.9,-0.23,0.026069954
1882-03-01,-0.53,-0.05,111.5,-0.37,0.051054947
1882-04-01,0.1,-0.2,159.6,-0.36,-0.002157047
1882-05-01,0.01,-0.1,106.9,-0.42,-0.06372005
1882-06-01,-0.4,-0.23,75.4,-0.39,-0.086646065
1882-07-01,-0.57,-0.21,75.7,-0.43,-0.025394052
1882-08-01,-0.33,-0.11,67.5,-0.49,-0.09946604
1882-09-01,-0.51,-0.16,96.1,-0.63,-0.03280306
1882-10-01,-0.65,-0.3,98.6,-0.36,-0.063376054
1882-11-01,-0.92,-0.26,140.6,-0.19,0.11597394
1882-12-01,-0.75,-0.26,69.7,-0.05,0.001415953
1883-01-01,-0.46,-0.18,101,-0.19,-0.097480044
1883-02-01,-0.49,-0.33,78.2,-0.19,0.087546945
1883-03-01,-0.4,-0.1,71.3,-0.28,-0.07457405
1883-04-01,-0.23,-0.2,136.8,-0.43,0.01974395
1883-05-01,-0.38,-0.15,52.5,-0.25,-0.026627049
1883-06-01,-0.21,0.05,127.2,-0.48,0.038970947
1883-07-01,-0.01,-0.08,134.4,-0.68,0.017963946
1883-08-01,-0.03,-0.23,76.6,-0.53,0.09650995
1883-09-01,-0.17,-0.27,87.8,-0.52,-0.14523406
1883-10-01,-0.42,-0.27,139.6,-0.41,-0.26615506
1883-11-01,-0.22,-0.26,140.8,-0.48,-0.12258305
1883-12-01,-0.14,-0.23,126.5,-0.23,0.03018795
1884-01-01,-0.11,-0.21,152.6,-0.22,-0.19759606
1884-02-01,-0.01,-0.14,144.8,-0.2,0.18801294
1884-03-01,0,-0.41,145.8,-0.29,0.06777695
1884-04-01,0.26,-0.39,126.9,-0.23,-0.06567505
1884-05-01,0.4,-0.31,110.9,-0.23,0.056225948
1884-06-01,-0.13,-0.25,85.3,-0.41,-0.18542905
1884-07-01,0.28,-0.32,88.5,-0.41,-0.23430105
1884-08-01,0.2,-0.29,93.1,-0.23,-0.10774605
1884-09-01,0.18,-0.33,103.1,-0.26,-0.26557305
1884-10-01,0.29,-0.37,79.6,-0.08,-0.13812105
1884-11-01,0.3,-0.38,60.9,-0.04,-0.40381607
1884-12-01,0.35,-0.08,78.6,0.01,-0.11196704
1885-01-01,0.12,-0.39,71.4,0.15,-0.007865056
1885-02-01,0.27,-0.27,119.7,0.15,-0.09257506
1885-03-01,0.12,-0.36,82.9,0.05,-0.13208206
1885-04-01,-0.02,-0.42,91.7,0.07,-0.08278005
1885-05-01,0.44,-0.28,121.6,0.14,-0.01902005
1885-06-01,0.17,-0.36,139.5,0.03,-0.121632054
1885-07-01,0.08,-0.25,110.9,-0.09,-0.060107052
1885-08-01,0.34,-0.18,83.5,-0.32,0.046898946
1885-09-01,0.52,-0.27,66,-0.39,-0.028075054
1885-10-01,0.72,-0.25,64.5,-0.18,0.26328096
1885-11-01,0.81,-0.27,51.6,-0.19,0.003551945
1885-12-01,1.02,-0.06,36.3,-0.18,0.13177794
1886-01-01,0.17,-0.29,49.8,-0.28,0.24709095
1886-02-01,-0.1,-0.35,43.2,-0.22,0.002458945
1886-03-01,-0.11,-0.44,95.5,-0.17,0.08130795
1886-04-01,-0.37,-0.24,72.9,-0.21,-0.00154005
1886-05-01,-0.85,-0.24,51.2,-0.12,0.014088944
1886-06-01,-0.9,-0.27,45.3,0.08,-0.060951054
1886-07-01,-0.97,-0.18,50.4,-0.04,-0.021842048
1886-08-01,-1.03,-0.21,28.1,-0.21,-0.12713607
1886-09-01,-1.21,-0.25,35.7,-0.29,-0.23922606
1886-10-01,-1.14,-0.3,14.4,-0.07,-0.10035305
1886-11-01,-1.34,-0.31,0.6,0,-0.17093606
1886-12-01,-1.44,-0.19,21.7,0.02,-0.17083006
1887-01-01,-0.68,-0.63,17,0.05,-0.18497504
1887-02-01,-1.02,-0.44,22,-0.03,-0.24524005
1887-03-01,-1.17,-0.35,7.1,-0.05,-0.088550046
1887-04-01,-1.18,-0.32,11.6,-0.29,-0.11854105
1887-05-01,-1.14,-0.32,33.4,-0.14,-0.23758404
1887-06-01,-0.56,-0.24,26.1,-0.07,-0.018432051
1887-07-01,-0.55,-0.26,38.9,-0.34,-0.009416059
1887-08-01,-0.62,-0.25,35.7,-0.41,-0.031199053
1887-09-01,-0.34,-0.17,12.4,-0.31,-0.26171106
1887-10-01,-0.12,-0.37,11,-0.14,-0.030660048
1887-11-01,0.04,-0.27,11.5,-0.08,-0.07581106
1887-12-01,0.15,-0.34,34.5,-0.03,0.18564394
1888-01-01,0.15,-0.14,21.2,-0.1,0.14452195
1888-02-01,0.66,-0.27,11.8,-0.11,-0.017388046
1888-03-01,0.4,-0.28,13.1,-0.02,0.100745946
1888-04-01,0.3,-0.25,8.5,0.02,0.22031294
1888-05-01,0.47,-0.16,11.7,0.04,0.15288794
1888-06-01,0.4,-0.07,11.8,-0.13,0.19781995
1888-07-01,0.56,0,5,-0.34,0.04137495
1888-08-01,0.93,-0.08,4.6,-0.32,0.017695948
1888-09-01,0.58,-0.15,14.6,-0.26,0.047454946
1888-10-01,1.42,0.12,3.4,-0.19,0.23907295
1888-11-01,2.21,0.08,17.9,-0.02,0.20883594
1888-12-01,1.67,0.05,11.1,-0.06,0.28455293
1889-01-01,1.98,0.07,1.3,-0.13,0.507615
1889-02-01,1.47,0.24,14.2,-0.21,0.34929594
1889-03-01,0.83,0.1,11.1,-0.29,0.28411293
1889-04-01,0.46,0.07,7.3,-0.52,0.28897694
1889-05-01,0.32,0.1,4,-0.47,0.17580795
1889-06-01,0.09,-0.01,10.8,-0.47,0.20136894
1889-07-01,-0.76,-0.06,15.8,-0.76,0.033875942
1889-08-01,-0.99,-0.09,34.3,-0.86,0.032735944
1889-09-01,-0.92,-0.13,10.9,-0.65,-0.01282005
1889-10-01,-1.31,-0.18,3.4,-0.24,0.020086944
1889-11-01,-1.08,-0.3,0.3,-0.32,0.04281394
1889-12-01,-1.25,-0.24,11.2,-0.47,-0.004597053
1890-01-01,-2.49,-0.33,8.8,-0.57,-0.07719006
1890-02-01,-2.11,-0.35,1.1,-0.41,0.021225944
1890-03-01,-1.15,-0.35,8.5,-0.28,-0.019205049
1890-04-01,-1.14,-0.38,2.7,-0.2,-0.07807006
1890-05-01,-1,-0.29,7.9,-0.23,-0.027323052
1890-06-01,-0.86,-0.25,2.2,-0.28,-0.12078805
1890-07-01,-0.92,-0.25,19.3,-0.24,-0.31654507
1890-08-01,-1.38,-0.32,14.2,-0.28,-0.32806507
1890-09-01,-1.29,-0.39,28.6,-0.25,-0.34873506
1890-10-01,-1.26,-0.25,18.6,-0.35,-0.25497305
1890-11-01,-1.07,-0.44,15.9,-0.52,-0.21463107
1890-12-01,-0.68,-0.32,13.1,-0.29,-0.10630505
1891-01-01,-0.45,-0.28,22.5,-0.22,-0.22176705
1891-02-01,-0.25,-0.51,36.9,-0.26,0.026706949
1891-03-01,-0.07,-0.2,17.2,-0.24,0.054050945
1891-04-01,0.15,-0.22,34.2,-0.37,-0.00590305
1891-05-01,0.13,-0.13,68.5,-0.55,0.16864994
1891-06-01,0.29,-0.09,80.4,-0.66,0.22427094
1891-07-01,0.11,-0.11,98,-0.68,0.15725495
1891-08-01,0.05,-0.16,55.1,-0.51,0.08527195
1891-09-01,-0.08,-0.19,89.7,-0.62,0.16144395
1891-10-01,-0.03,-0.19,86,-0.61,0.08811395
1891-11-01,0.06,-0.36,69.8,-0.43,-0.10499404
1891-12-01,0.01,-0.14,54.3,-0.34,0.096088946
1892-01-01,-0.5,-0.18,115.2,-0.22,0.18964395
1892-02-01,-0.34,-0.09,126.1,-0.25,0.14348994
1892-03-01,-0.58,-0.23,83.3,-0.38,-0.08126904
1892-04-01,-0.65,-0.26,116,-0.45,-0.06795105
1892-05-01,-0.72,-0.31,132.7,-0.37,-0.103774056
1892-06-01,-0.57,-0.21,127.3,-0.18,-0.13009106
1892-07-01,-0.62,-0.32,127.6,-0.3,-0.26456007
1892-08-01,-0.63,-0.27,169,-0.27,-0.23995905
1892-09-01,-1.07,-0.2,104.7,-0.32,-0.22744705
1892-10-01,-1.54,-0.29,117.5,-0.21,-0.3745201
1892-11-01,-1.62,-0.38,108.9,-0.14,-0.45119908
1892-12-01,-1.18,-0.31,131,-0.21,-0.31944007
1893-01-01,-1.23,-0.54,125,-0.3,-0.28724006
1893-02-01,-1.16,-0.46,121.6,-0.36,-0.19392405
1893-03-01,-1.24,-0.37,109.5,-0.48,-0.23847805
1893-04-01,-1.3,-0.32,146.8,-0.6,-0.23216404
1893-05-01,-1.32,-0.32,141.3,-0.46,-0.3428571
1893-06-01,-1.19,-0.17,149.8,-0.62,-0.14528205
1893-07-01,-1.32,-0.2,147.6,-0.55,0.10078595
1893-08-01,-1.29,-0.23,215.4,-0.64,-0.07781705
1893-09-01,-1.28,-0.28,129.9,-0.53,-0.30906805
1893-10-01,-1.36,-0.27,133.3,-0.56,-0.048531055
1893-11-01,-1.3,-0.32,125.2,-0.52,-0.30888706
1893-12-01,-1,-0.4,156.4,-0.39,-0.26811108
1894-01-01,-1.09,-0.53,138.6,-0.28,-0.33724406
1894-02-01,-1.13,-0.44,141,-0.39,-0.37152007
1894-03-01,-1.06,-0.32,87.1,-0.6,-0.32872707
1894-04-01,-0.92,-0.41,136,-0.7,-0.11419605
1894-05-01,-1,-0.24,168.7,-0.6,-0.27550107
1894-06-01,-0.84,-0.41,164.8,-0.51,-0.32105607
1894-07-01,-0.88,-0.21,176.7,-0.4,-0.005100057
1894-08-01,-0.8,-0.16,117.1,-0.45,-0.11181505
1894-09-01,-1.1,-0.31,110,-0.24,-0.098820046
1894-10-01,-0.82,-0.31,125.7,-0.13,-0.25633207
1894-11-01,-0.92,-0.27,94.3,-0.22,-0.19280206
1894-12-01,-0.48,-0.22,100.1,-0.21,-0.21165906
1895-01-01,-0.73,-0.32,105.4,-0.27,-0.045921057
1895-02-01,-0.49,-0.34,112,-0.23,-0.06783305
1895-03-01,-0.4,-0.25,101.6,-0.24,-0.27640608
1895-04-01,-0.17,-0.2,128.2,-0.22,-0.16750006
1895-05-01,-0.03,-0.28,112.5,0.14,-0.084089056
1895-06-01,-0.21,-0.18,119.1,0.03,-0.03004305
1895-07-01,-0.26,-0.09,79.7,-0.21,-0.001389056
1895-08-01,0.36,-0.11,114.9,-0.15,-0.10335405
1895-09-01,0.42,-0.18,96.1,-0.04,0.07761395
1895-10-01,0.32,-0.18,113.2,-0.08,0.116371945
1895-11-01,0.44,-0.17,78.6,0.03,0.13527395
1895-12-01,0.48,-0.19,117.9,-0.12,0.013767943
1896-01-01,0.16,-0.16,48.4,-0.26,-0.03923005
1896-02-01,0.09,-0.15,95.7,-0.13,0.007756949
1896-03-01,0.15,-0.17,86.5,0.06,0.08180795
1896-04-01,-0.01,-0.29,73,-0.01,0.12862894
1896-05-01,-0.04,-0.21,46.1,-0.11,0.16427095
1896-06-01,-0.21,-0.06,81.7,-0.17,0.22583595
1896-07-01,0.43,-0.06,75.2,-0.17,0.19193195
1896-08-01,1.05,-0.01,45.4,-0.33,0.21117994
1896-09-01,1.04,-0.08,102.2,-0.36,0.34804195
1896-10-01,1.1,0.06,47.9,-0.27,0.086319946
1896-11-01,1.51,-0.06,63.3,-0.2,0.24904795
1896-12-01,1.55,-0.04,71,-0.26,0.32537493
1897-01-01,1.49,-0.09,67.6,-0.25,0.27750894
1897-02-01,1.14,-0.19,49,-0.16,0.20547095
1897-03-01,0.54,-0.14,48.7,-0.13,0.44098094
1897-04-01,-0.22,0.05,51.7,-0.24,0.26304394
1897-05-01,-0.17,-0.05,33.3,-0.24,0.14075294
1897-06-01,-0.02,-0.08,18.9,-0.13,0.13384995
1897-07-01,0.07,-0.02,46.1,-0.1,0.20250295
1897-08-01,-0.15,-0.03,36.4,-0.12,0.10251195
1897-09-01,-0.24,-0.1,80.4,-0.11,0.003265947
1897-10-01,-0.57,-0.19,23.9,-0.25,0.01954095
1897-11-01,-0.61,-0.15,14,-0.36,0.041507944
1897-12-01,-0.4,-0.07,55.5,-0.34,0.049480945
1898-01-01,-0.51,-0.21,50.4,-0.21,0.01976195
1898-02-01,-0.57,-0.3,60.7,-0.3,0.05588995
1898-03-01,-0.79,-0.45,63.9,-0.35,0.04985395
1898-04-01,-0.61,-0.31,24.2,-0.13,-0.08530705
1898-05-01,-0.59,-0.21,43,-0.12,-0.13934104
1898-06-01,-0.28,-0.13,37.1,-0.23,0.056180947
1898-07-01,-0.63,-0.12,15,-0.21,0.018691942
1898-08-01,-0.76,-0.14,52.3,-0.05,-0.05775705
1898-09-01,-0.19,-0.16,58.1,-0.09,-0.027852058
1898-10-01,-0.33,-0.32,57.1,-0.2,-0.12695606
1898-11-01,-0.66,-0.4,51.6,-0.03,-0.11397104
1898-12-01,-0.78,-0.26,21.1,0.07,-0.07430905
1899-01-01,-0.75,-0.3,32.4,0.07,0.017724946
1899-02-01,-0.71,-0.34,15.3,0.01,-0.108573064
1899-03-01,-0.56,-0.23,30.3,-0.15,-0.20620905
1899-04-01,-0.34,-0.21,23.6,-0.19,-0.015146047
1899-05-01,0.04,-0.24,12.9,-0.39,0.051872946
1899-06-01,0.09,-0.22,34.1,-0.43,-0.08956404
1899-07-01,-0.02,-0.1,22.5,-0.4,0.100626945
1899-08-01,0.63,-0.03,4.9,-0.33,0.12590994
1899-09-01,0.43,0.03,14,-0.27,0.05833795
1899-10-01,0.92,-0.15,21.7,-0.14,0.09683995
1899-11-01,1.29,-0.02,13,-0.17,0.12489694
1899-12-01,1.51,-0.02,17.6,-0.16,0.077506945
1900-01-01,1.41,-0.26,15.7,-0.12,0.19465695
1900-02-01,1.29,0.03,22.8,-0.09,0.21600094
1900-03-01,0.99,0.04,14.4,-0.23,0.19981395
1900-04-01,0.66,-0.13,26.8,-0.24,0.29045793
1900-05-01,0.54,-0.06,25.3,-0.21,-0.03808005
1900-06-01,0.76,-0.02,20.1,-0.11,0.19900094
1900-07-01,0.75,-0.08,13.9,-0.14,0.10525595
1900-08-01,0.78,-0.08,7.1,-0.12,0.11832494
1900-09-01,0.56,-0.1,13.9,-0.19,0.16474795
1900-10-01,0.42,0.05,21.6,-0.33,0.30149394
1900-11-01,0.14,-0.03,7.5,-0.42,0.16743495
1900-12-01,0.6,-0.01,0.5,-0.51,0.24022694
1901-01-01,0.82,-0.19,0.4,-0.3,0.21084194
1901-02-01,0.29,-0.1,4,-0.36,0.16026095
1901-03-01,0.05,0.11,7.4,-0.41,0.004863948
1901-04-01,-0.13,0.05,0,-0.51,0.046265945
1901-05-01,-0.19,-0.13,17,-0.44,0.03351295
1901-06-01,-0.26,-0.09,9.7,-0.63,0.063038945
1901-07-01,-0.3,-0.11,1.2,-0.7,0.069574945
1901-08-01,-0.38,-0.11,1.7,-0.6,0.067604944
1901-09-01,-0.3,-0.16,0.9,-0.45,-0.119155064
1901-10-01,-0.31,-0.27,6.3,-0.26,-0.060781047
1901-11-01,-0.39,-0.18,6.4,-0.28,-0.085972056
1901-12-01,-0.35,-0.1,0,-0.37,-0.18266304
1902-01-01,-0.5,-0.17,9.3,-0.38,-0.119256064
1902-02-01,-0.26,-0.06,0,-0.28,-0.19815005
1902-03-01,-0.27,-0.27,20.7,-0.27,-0.16783504
1902-04-01,0.2,-0.26,0,-0.36,-0.119250044
1902-05-01,0.47,-0.23,4.7,-0.44,-0.17226805
1902-06-01,0.77,-0.17,2.4,-0.68,-0.23401307
1902-07-01,1.44,-0.17,1.5,-0.81,-0.25526506
1902-08-01,1.21,-0.2,3.8,-1,-0.18743305
1902-09-01,1.44,-0.24,12.6,-0.84,-0.10100706
1902-10-01,1.4,-0.25,27.2,-0.73,-0.000727057
1902-11-01,1.54,-0.27,17.2,-0.6,0.024082944
1902-12-01,1.39,-0.34,1.8,-0.63,0.027851954
1903-01-01,1.33,-0.21,13.9,-0.65,0.10417195
1903-02-01,0.93,-0.21,28.4,-0.71,-0.01490505
1903-03-01,0.79,-0.21,22.5,-0.8,0.05060795
1903-04-01,0.36,-0.41,43.5,-0.82,-0.14232005
1903-05-01,-0.1,-0.32,24.3,-0.8,-0.13494904
1903-06-01,0.29,-0.28,27.2,-1.01,-0.23919605
1903-07-01,-0.49,-0.37,46.4,-0.96,-0.31929407
1903-08-01,-0.32,-0.41,48,-0.82,-0.51516205
1903-09-01,-0.6,-0.46,18.5,-0.92,-0.29653406
1903-10-01,-0.42,-0.49,64.8,-0.76,-0.40246305
1903-11-01,-0.76,-0.38,74.2,-0.58,-0.4483541
1903-12-01,-1.02,-0.54,76.2,-0.55,-0.32262006
1904-01-01,-0.73,-0.6,52.6,-0.65,-0.36865905
1904-02-01,-0.79,-0.52,40.8,-0.67,-0.44618508
1904-03-01,-0.85,-0.39,61.9,-0.66,-0.3887671
1904-04-01,-0.72,-0.51,71.6,-0.62,-0.26204506
1904-05-01,-0.4,-0.49,65.7,-0.5,-0.31943807
1904-06-01,0.14,-0.42,69.8,-0.66,-0.32213807
1904-07-01,0.75,-0.43,84.3,-0.64,-0.29325005
1904-08-01,0.54,-0.44,97.1,-0.78,-0.34755304
1904-09-01,0.01,-0.47,50.2,-0.86,-0.24785005
1904-10-01,0.91,-0.37,90.4,-0.68,-0.20618404
1904-11-01,0.15,-0.21,63.4,-0.63,-0.25202706
1904-12-01,0.86,-0.27,91.1,-0.65,-0.19810005
1905-01-01,0.68,-0.3,91.2,-0.32,-0.23075505
1905-02-01,0.72,-0.49,143,-0.27,-0.24195506
1905-03-01,0.92,-0.2,94.3,-0.35,-0.28021407
1905-04-01,0.29,-0.3,65.5,-0.39,-0.27919406
1905-05-01,1.08,-0.21,79.9,-0.49,-0.09476806
1905-06-01,0.59,-0.15,81.6,-0.34,-0.04578805
1905-07-01,0.82,-0.16,121.6,-0.46,0.11409695
1905-08-01,1.04,-0.25,98.1,-0.49,-0.112776056
1905-09-01,1.42,-0.28,91.8,-0.53,-0.13609506
1905-10-01,1.12,-0.31,131.2,-0.49,-0.13528506
1905-11-01,0.83,-0.17,178.7,-0.29,-0.10706906
1905-12-01,1.17,-0.21,92.5,-0.47,-0.04975605
1906-01-01,0.89,-0.31,75.8,-0.52,0.112945944
1906-02-01,0.67,-0.21,52.3,-0.61,0.07290095
1906-03-01,0.8,-0.18,107.4,-0.53,0.08881095
1906-04-01,0.45,-0.01,92.2,-0.51,-0.050584048
1906-05-01,0.02,-0.17,96.2,-0.59,-0.18251504
1906-06-01,0.15,-0.1,105.3,-0.71,-0.04313205
1906-07-01,-0.49,-0.13,172.7,-0.78,-0.055228055
1906-08-01,-0.37,-0.2,79.6,-0.83,-0.07341805
1906-09-01,-0.81,-0.23,93.5,-0.59,-0.13593607
1906-10-01,-0.87,-0.13,29.7,-0.49,-0.14655505
1906-11-01,-0.33,-0.24,64.8,-0.53,-0.18351404
1906-12-01,-0.51,-0.07,108,-0.5,-0.16729204
1907-01-01,-0.57,-0.3,127.4,-0.53,-0.08860104
1907-02-01,-0.41,-0.48,180.3,-0.56,-0.14767106
1907-03-01,-0.43,-0.25,101.1,-0.55,-0.12926205
1907-04-01,-0.56,-0.38,87.6,-0.7,-0.19428204
1907-05-01,-0.47,-0.45,71.4,-0.59,-0.11773305
1907-06-01,-0.41,-0.35,67.2,-0.47,-0.20148806
1907-07-01,-0.55,-0.3,82.9,-0.39,-0.10216905
1907-08-01,-0.65,-0.26,90.5,-0.52,-0.33079305
1907-09-01,0.13,-0.33,141.7,-0.55,-0.26426607
1907-10-01,-0.25,-0.22,109.1,-0.48,-0.21556906
1907-11-01,-0.25,-0.39,102.5,-0.41,-0.16752405
1907-12-01,-0.09,-0.41,78.9,-0.34,-0.13499306
1908-01-01,-0.27,-0.47,65.4,-0.37,-0.19219704
1908-02-01,0.07,-0.26,56.6,-0.51,-0.21004604
1908-03-01,-0.63,-0.48,47.9,-0.51,-0.34356108
1908-04-01,-0.55,-0.49,96.1,-0.64,-0.24357204
1908-05-01,-0.45,-0.43,68,-0.53,-0.25996208
1908-06-01,-0.22,-0.34,80.2,-0.7,-0.23873405
1908-07-01,-0.63,-0.34,65.8,-0.79,-0.26340908
1908-08-01,-0.4,-0.43,150.9,-0.65,-0.21131904
1908-09-01,-0.52,-0.42,144.9,-0.55,-0.29820606
1908-10-01,-0.5,-0.47,53.9,-0.48,-0.25148207
1908-11-01,-0.88,-0.44,75.9,-0.65,-0.28725508
1908-12-01,-1.15,-0.43,65.9,-0.57,-0.32258508
1909-01-01,-0.29,-0.67,94.6,-0.64,-0.12975405
1909-02-01,-0.88,-0.42,77.6,-0.55,-0.25307706
1909-03-01,-0.54,-0.46,110.5,-0.58,-0.36547306
1909-04-01,-0.68,-0.53,53.7,-0.59,-0.27198806
1909-05-01,-0.36,-0.44,60,-0.71,-0.22002207
1909-06-01,-1.1,-0.45,37.8,-0.8,-0.26946208
1909-07-01,-1,-0.42,59.6,-0.86,-0.32429606
1909-08-01,-0.97,-0.33,38.5,-0.71,-0.18903305
1909-09-01,-0.85,-0.34,64.7,-0.5,-0.28299108
1909-10-01,-1.24,-0.31,97.4,-0.48,-0.28744507
1909-11-01,-1.5,-0.29,93,-0.34,-0.36893705
1909-12-01,-1.08,-0.42,90.2,-0.46,-0.25895607
1910-01-01,-0.93,-0.35,44,-0.5,-0.14994906
1910-02-01,-0.64,-0.4,52.5,-0.47,-0.28295305
1910-03-01,-0.79,-0.46,35.7,-0.63,-0.37643304
1910-04-01,-1.17,-0.37,14.1,-0.7,-0.36977306
1910-05-01,-1.41,-0.3,36.9,-0.64,-0.28400108
1910-06-01,-1.04,-0.32,20.5,-0.57,-0.29226807
1910-07-01,-0.88,-0.29,23.5,-0.55,-0.43029204
1910-08-01,-0.9,-0.31,19.3,-0.51,-0.30036208
1910-09-01,-1.29,-0.33,43.7,-0.48,-0.21516006
1910-10-01,-0.94,-0.41,63.9,-0.4,-0.22682007
1910-11-01,-0.53,-0.35,8.3,-0.46,-0.28057006
1910-12-01,-0.64,-0.55,9.6,-0.46,-0.32721806
1911-01-01,-0.57,-0.56,5.6,-0.5,-0.12178804
1911-02-01,-0.58,-0.58,15,-0.54,-0.33544007
1911-03-01,-0.82,-0.61,13,-0.51,-0.23304705
1911-04-01,-1.11,-0.38,27.6,-0.48,-0.4310901
1911-05-01,-1.05,-0.49,15.1,-0.46,-0.35052004
1911-06-01,-0.64,-0.46,3.7,-0.61,-0.24994005
1911-07-01,-0.22,-0.41,5.9,-0.84,-0.28657508
1911-08-01,-0.28,-0.4,6.7,-1.07,-0.15918706
1911-09-01,0.22,-0.36,6.7,-0.84,-0.05417806
1911-10-01,0.2,-0.24,4.5,-0.64,-0.15349905
1911-11-01,0.84,-0.17,7,-0.62,-0.13051106
1911-12-01,0.96,-0.17,3.7,-0.53,-0.09205507
1912-01-01,1.55,-0.29,0.4,-0.49,-0.09520806
1912-02-01,0.83,-0.2,0,-0.44,-0.05895205
1912-03-01,0.69,-0.37,8.2,-0.51,0.027815953
1912-04-01,0.58,-0.22,7.6,-0.77,-0.069710046
1912-05-01,0,-0.19,7.4,-0.8,-0.07456905
1912-06-01,-0.24,-0.19,6.9,-0.96,-0.028028056
1912-07-01,-0.1,-0.36,4.9,-0.88,-0.109001055
1912-08-01,-0.4,-0.45,0.5,-0.86,-0.26441708
1912-09-01,0.09,-0.49,15.9,-0.77,-0.35815206
1912-10-01,-0.13,-0.57,7.6,-0.57,-0.3643621
1912-11-01,0.16,-0.29,1.9,-0.53,-0.35310408
1912-12-01,-0.49,-0.35,10.6,-0.37,-0.35454407
1913-01-01,-0.2,-0.37,3.8,-0.33,-0.28588107
1913-02-01,0.18,-0.38,4.8,-0.44,-0.25538906
1913-03-01,0.16,-0.45,0.8,-0.63,-0.30739906
1913-04-01,-0.77,-0.39,1.6,-0.58,-0.3675491
1913-05-01,-0.28,-0.42,0,-0.55,-0.32782605
1913-06-01,-0.16,-0.36,0,-0.67,-0.4059851
1913-07-01,-0.15,-0.35,2.9,-0.88,-0.34591708
1913-08-01,-0.09,-0.24,0.4,-0.85,-0.33470407
1913-09-01,0.05,-0.29,2,-0.53,-0.32518506
1913-10-01,0.03,-0.32,5.2,-0.24,-0.19344704
1913-11-01,0.8,-0.24,1.2,-0.25,-0.20813106
1913-12-01,0.85,-0.03,6.3,-0.29,-0.12162806
1914-01-01,0.7,-0.07,4.7,-0.24,-0.13200806
1914-02-01,0.8,-0.12,4.4,-0.15,-0.069108054
1914-03-01,0.32,-0.24,5.3,-0.11,-0.18849806
1914-04-01,0.69,-0.23,28.9,-0.17,-0.13376905
1914-05-01,0.01,-0.18,8.7,-0.04,-0.066683054
1914-06-01,0.08,-0.18,19.1,-0.02,-0.12377505
1914-07-01,0.53,-0.21,9.1,-0.03,-0.11606206
1914-08-01,0.92,-0.21,12.9,-0.03,-0.15915705
1914-09-01,0.68,-0.18,21.2,-0.04,-0.11438106
1914-10-01,0.26,-0.06,13.7,-0.06,0.054863945
1914-11-01,0.3,0,27.3,-0.04,-0.00723505
1914-12-01,0.68,-0.01,37.3,-0.08,0.043247953
1915-01-01,0.88,-0.15,38.5,-0.18,0.08958795
1915-02-01,0.65,-0.03,70.4,-0.15,-0.04373406
1915-03-01,0.49,-0.01,64.8,-0.33,0.01330395
1915-04-01,0.47,0.1,68.9,-0.33,0.018167943
1915-05-01,0.52,0,55.1,-0.26,-0.023205057
1915-06-01,1.1,-0.12,114.7,-0.27,0.11375595
1915-07-01,0.07,-0.05,119.4,-0.4,0.18896794
1915-08-01,0.05,-0.11,116,-0.53,0.29977494
1915-09-01,0.17,-0.14,82.4,-0.44,0.15189394
1915-10-01,0.24,-0.19,89.1,-0.16,0.01966995
1915-11-01,-0.15,-0.1,70.9,-0.42,0.073216945
1915-12-01,-0.23,-0.25,57.5,-0.47,-0.07358305
1916-01-01,-0.12,-0.13,75.5,-0.52,-0.097228065
1916-02-01,-0.61,-0.15,92.4,-0.49,0.001493946
1916-03-01,-0.54,-0.2,111.7,-0.52,-0.16187106
1916-04-01,-0.63,-0.2,119.8,-0.57,-0.10224305
1916-05-01,-0.23,-0.23,124,-0.52,-0.15378506
1916-06-01,-0.36,-0.3,112.9,-0.43,-0.11366005
1916-07-01,-1.11,-0.32,89.3,-0.45,-0.08422606
1916-08-01,-1.48,-0.21,58.6,-0.47,-0.16548504
1916-09-01,-1.36,-0.3,75.1,-0.68,-0.25859907
1916-10-01,-1.36,-0.32,84.5,-0.51,-0.23086305
1916-11-01,-1.72,-0.54,109.5,-0.39,-0.32027406
1916-12-01,-1.64,-0.74,88.3,-0.3,-0.26904607
1917-01-01,-1.56,-0.53,124.5,-0.27,-0.35323104
1917-02-01,-1.2,-0.63,119.9,-0.34,-0.23827304
1917-03-01,-0.64,-0.66,158,-0.5,-0.27975908
1917-04-01,-0.29,-0.52,124.6,-0.51,-0.25294408
1917-05-01,-0.3,-0.51,190.2,-0.48,-0.30375805
1917-06-01,-0.04,-0.38,191.4,-0.58,-0.10127504
1917-07-01,-0.05,-0.18,199.7,-0.69,-0.15325905
1917-08-01,0.15,-0.2,257.7,-0.78,-0.08195205
1917-09-01,-0.03,-0.21,215.6,-0.72,-0.071533054
1917-10-01,0.04,-0.44,120.3,-0.58,-0.16781805
1917-11-01,-0.43,-0.36,160.7,-0.34,-0.26411608
1917-12-01,-0.72,-0.55,215.5,-0.15,-0.16387405
1918-01-01,-0.84,-0.5,160,-0.19,-0.22223406
1918-02-01,-0.82,-0.44,108.7,-0.11,-0.28482607
1918-03-01,-0.96,-0.34,120.4,-0.11,-0.25206208
1918-04-01,-0.56,-0.44,134.1,-0.28,-0.26874006
1918-05-01,-0.17,-0.41,127.9,-0.4,-0.14442004
1918-06-01,0.37,-0.37,99,-0.54,-0.21169804
1918-07-01,-0.07,-0.28,179.5,-0.73,-0.28436306
1918-08-01,0.12,-0.27,169.6,-0.49,-0.19017206
1918-09-01,0.41,-0.17,133.2,-0.31,-0.19544704
1918-10-01,0.93,-0.11,141.7,-0.19,-0.14715905
1918-11-01,1.23,-0.14,139,-0.31,-0.095621064
1918-12-01,1.3,-0.23,98.5,-0.37,-0.00228706
1919-01-01,1.6,-0.06,80.2,-0.45,0.029607952
1919-02-01,1.24,-0.24,132.5,-0.44,0.063805945
1919-03-01,0.9,-0.25,110.9,-0.42,-0.05493106
1919-04-01,0.69,-0.03,86.3,-0.44,0.039853945
1919-05-01,0.63,-0.17,146.9,-0.5,-0.16883205
1919-06-01,0.61,-0.32,185.3,-0.62,-0.17356806
1919-07-01,0.4,-0.27,107.8,-0.76,-0.13889407
1919-08-01,0.62,-0.36,115.1,-0.76,-0.22387905
1919-09-01,0.5,-0.23,91.1,-0.52,-0.17848705
1919-10-01,0.13,-0.25,88,-0.4,-0.11455004
1919-11-01,-0.37,-0.29,69.9,-0.43,-0.17322706
1919-12-01,0.34,-0.33,58,-0.42,-0.30568907
1920-01-01,0.64,-0.17,85.3,-0.37,-0.13439305
1920-02-01,0.6,-0.21,89.8,-0.25,0.010564953
1920-03-01,0.53,-0.15,116.9,-0.24,-0.08235805
1920-04-01,-0.16,-0.27,24.7,-0.29,-0.14330305
1920-05-01,-0.21,-0.19,55.4,-0.47,-0.024646059
1920-06-01,0.29,-0.28,64.6,-0.48,0.00211294
1920-07-01,0.15,-0.3,45.7,-0.36,-0.00288105
1920-08-01,0.13,-0.24,31.9,-0.64,-0.11020504
1920-09-01,0.27,-0.2,60.5,-0.44,-0.12045105
1920-10-01,0.48,-0.21,82.7,-0.1,-0.014746055
1920-11-01,-0.08,-0.23,45.3,-0.26,-0.048916057
1920-12-01,-0.01,-0.37,49.8,-0.16,-0.025023058
1921-01-01,0.43,-0.11,52.5,-0.21,-0.04247105
1921-02-01,-0.52,-0.26,47.1,-0.24,0.081579946
1921-03-01,-1.42,-0.28,44.5,-0.42,-0.067041054
1921-04-01,-0.55,-0.3,54,-0.58,0.08160995
1921-05-01,-0.92,-0.2,37,-0.62,-0.04197006
1921-06-01,-0.21,-0.21,56.2,-0.6,-0.008036047
1921-07-01,-0.27,-0.12,69.7,-0.83,0.051421948
1921-08-01,-0.29,-0.15,38,-0.74,0.053205945
1921-09-01,-0.17,-0.15,29.6,-0.64,0.100939944
1921-10-01,0.04,-0.03,30.3,-0.43,0.16198495
1921-11-01,-1.03,-0.08,29.6,-0.45,-0.008000046
1921-12-01,-0.5,-0.14,33.9,-0.38,0.13775894
1922-01-01,-0.54,-0.2,19.7,-0.4,0.012962952
1922-02-01,-0.07,-0.41,43.9,-0.49,0.092892945
1922-03-01,0.08,-0.14,91.3,-0.53,0.13587594
1922-04-01,-0.54,-0.15,18.3,-0.62,0.008504942
1922-05-01,0.22,-0.31,13.4,-0.55,-0.06557405
1922-06-01,-0.44,-0.29,9.8,-0.66,-0.066875055
1922-07-01,-0.44,-0.3,18.3,-0.74,-0.05922705
1922-08-01,-0.78,-0.32,10.9,-0.89,-0.07033706
1922-09-01,-0.38,-0.29,7.8,-0.72,-0.044307053
1922-10-01,-0.26,-0.29,10.4,-0.45,-0.10938005
1922-11-01,-0.31,-0.04,12.2,-0.38,-0.068134055
1922-12-01,-0.53,-0.12,29,-0.13,-0.09294106
1923-01-01,-0.41,-0.29,7.5,-0.25,-0.11555706
1923-02-01,-0.76,-0.33,2.5,-0.36,-0.12384404
1923-03-01,-0.85,-0.38,5.5,-0.32,-0.18119706
1923-04-01,-0.55,-0.33,10.2,-0.34,-0.053345054
1923-05-01,-0.25,-0.24,5.3,-0.22,0.03927794
1923-06-01,-0.15,-0.2,15.3,-0.39,-0.05879806
1923-07-01,-0.2,-0.32,5.9,-0.56,-0.02141206
1923-08-01,0.2,-0.37,0.8,-0.6,-0.07792005
1923-09-01,0.64,-0.32,22.1,-0.57,-0.01966706
1923-10-01,0.79,-0.18,19.5,-0.45,0.005255953
1923-11-01,0.87,-0.03,16.7,-0.45,0.15824994
1923-12-01,1.02,-0.03,4.6,-0.4,0.13450895
1924-01-01,0.46,-0.17,0.8,-0.48,0.08943795
1924-02-01,0.63,-0.18,8.5,-0.38,0.10748095
1924-03-01,0.39,-0.06,3,-0.38,0.043514952
1924-04-01,-0.02,-0.2,18.9,-0.39,0.11557495
1924-05-01,-0.85,-0.15,34.6,-0.3,0.12736094
1924-06-01,-0.67,-0.19,40,-0.45,0.10667895
1924-07-01,-0.98,-0.31,46.9,-0.47,0.13787894
1924-08-01,-0.78,-0.36,32.1,-0.5,0.005147949
1924-09-01,-0.86,-0.29,41.9,-0.42,0.011074945
1924-10-01,-0.46,-0.31,42.6,-0.27,-0.063679054
1924-11-01,-1.09,-0.23,37.5,-0.36,-0.16166706
1924-12-01,-0.66,-0.34,27.5,-0.15,-0.19782005
1925-01-01,-1.03,-0.42,9.1,-0.06,-0.09202604
1925-02-01,-0.47,-0.36,38.6,-0.04,-0.15199904
1925-03-01,-0.53,-0.25,30,-0.17,-0.027008057
1925-04-01,-0.52,-0.17,53,-0.1,-0.10348804
1925-05-01,-0.4,-0.21,71.4,-0.18,0.10285695
1925-06-01,-0.18,-0.27,79.1,-0.23,0.041799948
1925-07-01,0.5,-0.23,64.2,-0.28,0.12355594
1925-08-01,0.68,-0.22,63.3,-0.33,0.10871795
1925-09-01,0.77,-0.23,100.3,-0.22,0.13537495
1925-10-01,0.85,-0.11,115.3,0.07,0.12705395
1925-11-01,1,-0.04,97.6,-0.09,0.13451895
1925-12-01,1.6,0.03,164.4,-0.01,0.15128295
1926-01-01,1.52,0.16,119.7,0.01,0.28220093
1926-02-01,1.29,0.04,116.4,0.01,0.25198296
1926-03-01,1.19,0.1,104.2,-0.05,0.17802495
1926-04-01,1.01,0.01,64.2,-0.1,0.20748694
1926-05-01,0.83,-0.2,107,0.01,0.13969895
1926-06-01,0.61,-0.15,122.4,-0.14,0.19967994
1926-07-01,0.63,-0.23,87.2,-0.25,0.18553995
1926-08-01,0.15,-0.18,102.7,-0.23,0.24029495
1926-09-01,-0.07,-0.14,101.4,-0.15,0.29711893
1926-10-01,-0.39,0.01,119.3,0.04,0.35669595
1926-11-01,-0.27,-0.08,100.8,0.1,0.21252795
1926-12-01,-0.23,-0.25,132.4,-0.03,0.18841995
1927-01-01,0.1,-0.26,136,-0.11,0.20291895
1927-02-01,0.23,-0.15,155.1,-0.22,0.17012894
1927-03-01,-0.18,-0.34,116.1,-0.21,0.110225946
1927-04-01,-0.27,-0.29,155.8,-0.39,0.090232946
1927-05-01,-0.59,-0.23,131.9,-0.36,0.093750946
1927-06-01,-0.15,-0.16,98.5,-0.3,0.09308194
1927-07-01,-0.31,-0.17,91.6,-0.3,0.11389694
1927-08-01,-0.09,-0.07,89.6,-0.33,0.28077793
1927-09-01,-0.16,-0.07,114.1,-0.23,0.16121894
1927-10-01,0.27,-0.01,105.2,-0.17,0.27593994
1927-11-01,-0.04,-0.03,112.1,-0.2,0.29361495
1927-12-01,0.25,-0.28,75.3,-0.22,0.27143195
1928-01-01,0.47,-0.08,139.2,-0.17,0.27604795
1928-02-01,0.21,-0.12,122.4,-0.17,0.15978694
1928-03-01,-0.24,-0.22,142.4,-0.21,0.15849195
1928-04-01,-0.22,-0.22,134.3,-0.23,0.113468945
1928-05-01,-0.04,-0.19,128.3,-0.46,0.064150944
1928-06-01,-0.26,-0.19,152.4,-0.57,0.042031944
1928-07-01,0.02,-0.2,163.4,-0.58,0.119301945
1928-08-01,-0.28,-0.22,139.6,-0.53,0.11629994
1928-09-01,-0.13,-0.09,149.6,-0.36,0.14282994
1928-10-01,-0.12,-0.18,102.3,-0.21,0.112642944
1928-11-01,-0.17,-0.1,83.9,-0.22,0.024769947
1928-12-01,-0.03,-0.11,98.3,-0.32,0.003373951
1929-01-01,-0.15,-0.35,114.8,-0.28,-0.04154305
1929-02-01,-0.08,-0.44,104.7,-0.33,0.032423943
1929-03-01,-0.15,-0.31,83.8,-0.33,-0.05314006
1929-04-01,-0.15,-0.39,87.9,-0.51,-0.00508906
1929-05-01,-0.17,-0.34,97,-0.36,-0.010024056
1929-06-01,0.13,-0.4,119.9,-0.38,-0.015309051
1929-07-01,-0.02,-0.37,117.1,-0.32,-0.019696057
1929-08-01,0.1,-0.23,109.6,-0.38,0.14955994
1929-09-01,0.3,-0.21,57.3,-0.11,0.17640994
1929-10-01,0.4,-0.16,90.1,0.1,0.13261095
1929-11-01,0.18,-0.17,135.1,0.17,0.123848945
1929-12-01,0.63,-0.46,179.9,0.08,0.16497494
1930-01-01,0.35,-0.32,108.8,0.06,0.14445594
1930-02-01,0.39,-0.23,83.1,-0.01,0.11536395
1930-03-01,0.29,-0.16,58.4,0.03,0.10638895
1930-04-01,0.41,-0.13,63.7,0.02,0.16975994
1930-05-01,-0.04,-0.17,61.4,0.06,0.108204946
1930-06-01,0.27,-0.13,48,0.01,0.11314195
1930-07-01,0.64,-0.08,36.5,-0.13,0.20048095
1930-08-01,0.68,-0.13,41.5,-0.17,0.30030993
1930-09-01,1.28,-0.14,53.5,-0.02,0.38986695
1930-10-01,1.14,-0.07,57.2,0.17,0.39255494
1930-11-01,1.79,0.19,59.4,0.03,0.37804893
1930-12-01,1.41,0.01,43,0.09,0.37017095
1931-01-01,1.49,-0.02,24.4,0.16,0.35955495
1931-02-01,1.33,-0.18,71.8,0.2,0.26289994
1931-03-01,1.18,-0.06,50.1,0.16,0.25647894
1931-04-01,0.96,-0.14,52,0.12,0.17810795
1931-05-01,0.63,-0.13,40.8,-0.02,0.26925194
1931-06-01,0.48,-0.03,25.5,-0.01,0.30278295
1931-07-01,0.4,-0.01,29,-0.1,0.21184994
1931-08-01,0.15,0,21.6,0.17,0.34230393
1931-09-01,-0.42,0.01,31.7,0.2,0.28170094
1931-10-01,-0.22,0.02,16.6,0.11,0.21538295
1931-11-01,-0.27,-0.04,31.2,0.04,0.14271295
1931-12-01,-0.28,-0.03,29.7,0.04,0.13739595
1932-01-01,-0.42,0.13,20.1,0.06,0.14654994
1932-02-01,-0.19,-0.2,17.6,0.13,0.15864594
1932-03-01,0.25,-0.12,18.8,0.01,0.085190944
1932-04-01,0.25,-0.03,18.7,0.14,0.05638995
1932-05-01,0.28,-0.13,29.7,0.16,0.13025194
1932-06-01,0.19,-0.12,36.9,0.06,0.09073095
1932-07-01,-0.11,-0.21,16,-0.05,0.12392894
1932-08-01,0.09,-0.26,11.3,-0.07,0.17016195
1932-09-01,0.02,-0.07,6.6,0.03,0.22090694
1932-10-01,0.02,-0.06,14.8,0.33,0.16963995
1932-11-01,-0.04,-0.25,13.7,0.12,0.12505195
1932-12-01,-0.41,-0.19,18.5,-0.12,0.15027295
1933-01-01,-0.21,-0.15,20.4,-0.12,0.20697795
1933-02-01,-0.08,-0.29,36.9,-0.25,0.20447695
1933-03-01,-0.2,-0.21,16.8,-0.22,0.13485195
1933-04-01,0.01,-0.2,4.9,-0.25,0.20786695
1933-05-01,-0.4,-0.22,5.3,-0.3,0.11746395
1933-06-01,-0.86,-0.25,8.7,-0.16,0.03432995
1933-07-01,-0.66,-0.24,4.7,-0.12,0.10306495
1933-08-01,-0.94,-0.24,0.4,-0.15,0.09767295
1933-09-01,-0.77,-0.32,8.5,-0.06,-0.011933059
1933-10-01,-1.1,-0.18,5,0.1,0.068536945
1933-11-01,-1.06,-0.28,1,0.01,-0.000120059
1933-12-01,-1.21,-0.33,0.4,-0.05,-0.025035053
1934-01-01,-0.93,-0.26,5.7,0,0.002878949
1934-02-01,-0.87,-0.08,12.9,-0.15,-0.011011049
1934-03-01,-0.95,-0.26,7.2,-0.21,-0.08425705
1934-04-01,-0.42,-0.26,18.8,-0.11,0.03481795
1934-05-01,-0.49,-0.05,32.9,-0.1,0.06662395
1934-06-01,-0.33,-0.11,11.2,-0.12,0.21880095
1934-07-01,-0.43,-0.09,15.3,-0.23,0.21638994
1934-08-01,-0.33,-0.08,13.9,-0.21,0.17362694
1934-09-01,-0.52,-0.06,6.7,-0.3,0.23966095
1934-10-01,-0.26,-0.02,9.5,-0.17,0.075195946
1934-11-01,-0.11,0.06,14.5,-0.02,0.09181995
1934-12-01,-0.24,-0.02,25.7,0.02,0.09370695
1935-01-01,-0.32,-0.28,31.1,0.03,0.10795595
1935-02-01,-0.19,0.12,34.1,0,0.113289945
1935-03-01,-0.28,-0.16,38.5,0.08,0.06891595
1935-04-01,-0.32,-0.36,20.4,0.03,0.14019595
1935-05-01,-0.54,-0.24,45.4,-0.02,0.10213095
1935-06-01,-0.4,-0.27,76.2,0.09,0.11737494
1935-07-01,-0.65,-0.11,56.5,-0.17,0.12533695
1935-08-01,0.06,-0.12,50.2,-0.15,0.16933395
1935-09-01,0.08,-0.1,70.1,-0.13,0.08532495
1935-10-01,0.28,-0.06,88.7,0,0.17298494
1935-11-01,0.28,-0.17,107,-0.07,0.116871946
1935-12-01,-0.04,-0.09,102.5,-0.03,0.15009795
1936-01-01,0.74,-0.29,104.7,0.07,0.13617894
1936-02-01,0.49,-0.28,123.9,0.06,0.19369794
1936-03-01,0,-0.2,128.4,0.04,0.18263794
1936-04-01,0.29,-0.14,124.8,-0.07,0.20434895
1936-05-01,-0.07,-0.14,90.9,0,0.19120094
1936-06-01,-0.35,-0.16,116.7,0.35,0.21052594
1936-07-01,-0.34,-0.04,87.2,0.36,0.25231895
1936-08-01,-0.32,-0.02,145,0.36,0.31528893
1936-09-01,-0.1,-0.07,126.7,0.39,0.33373895
1936-10-01,0.38,0.01,148.2,0.22,0.14523795
1936-11-01,-0.03,-0.02,192.3,0.24,0.11498194
1936-12-01,0.63,0.01,205.6,0.28,0.18370995
1937-01-01,-0.3,-0.06,220.9,0.08,0.18454094
1937-02-01,0.3,0,214.1,0,0.31232995
1937-03-01,0.25,-0.19,139.7,0.02,0.32285994
1937-04-01,0.21,-0.16,182.2,0,0.26688895
1937-05-01,-0.43,-0.04,194.4,0.03,0.25852993
1937-06-01,-0.3,-0.03,217.1,-0.06,0.32768595
1937-07-01,0.09,-0.02,241.8,-0.19,0.44411394
1937-08-01,-0.2,0.08,229.5,-0.13,0.41730395
1937-09-01,0.17,0.14,167.9,-0.04,0.44099593
1937-10-01,-0.1,0.1,208.2,0.07,0.36671394
1937-11-01,0.21,0.12,123.9,0.14,0.39264995
1937-12-01,0.22,-0.04,147.9,-0.04,0.37497094
1938-01-01,-0.21,0.03,164,-0.09,0.27884194
1938-02-01,0.23,0.05,198.6,-0.06,0.30212894
1938-03-01,-0.06,0.08,144.2,-0.24,0.28075296
1938-04-01,0.09,0.06,168.4,-0.3,0.17939694
1938-05-01,-0.33,-0.06,212.3,-0.19,0.17430595
1938-06-01,-0.88,-0.19,162.6,-0.06,0.18281095
1938-07-01,-0.98,-0.02,275.6,-0.16,0.19318195
1938-08-01,-0.81,-0.02,192.8,0.07,0.25557894
1938-09-01,-0.28,0.05,149.3,0.19,0.23625594
1938-10-01,-0.75,0.1,165.3,0.14,0.20246895
1938-11-01,-0.72,0.06,203.6,0.07,0.09902995
1938-12-01,-0.79,-0.09,154.7,0.18,0.08277695
1939-01-01,-0.67,-0.06,133.9,0.3,0.06412195
1939-02-01,-0.95,-0.05,129,0.17,0.13414195
1939-03-01,-0.85,-0.21,107.8,0.12,0.06583295
1939-04-01,-0.27,-0.11,181.9,0.13,0.056778945
1939-05-01,-0.25,-0.01,197.3,0.17,0.13988595
1939-06-01,0.05,0,168.3,0.23,0.13126594
1939-07-01,0.25,0.04,162.6,0.18,0.18119495
1939-08-01,0.06,0.08,176.3,0.21,0.27159494
1939-09-01,0.43,-0.02,187.7,0.23,0.42206293
1939-10-01,-0.47,-0.02,146.9,0.35,0.23581095
1939-11-01,0.32,0.1,113.7,0.36,0.26857093
1939-12-01,0.05,0.47,70.2,0.37,0.13409895
1940-01-01,1.18,0.12,84.1,0.4,0.20971094
1940-02-01,1.38,0.12,99.1,0.28,0.12713495
1940-03-01,1.19,0.13,138.9,0.07,0.21629295
1940-04-01,0.8,0.23,101.1,0.23,0.15557495
1940-05-01,0.34,0.15,90.6,0.13,0.24367695
1940-06-01,0.55,0.07,139.8,-0.07,0.27779093
1940-07-01,0.21,0.09,112.5,0.07,0.26729494
1940-08-01,0.75,0.05,175.9,0.16,0.26002494
1940-09-01,0.05,0.11,110.8,0.29,0.22389494
1940-10-01,0.32,0.17,91.5,0.59,0.34771493
1940-11-01,0.7,0.19,97.4,0.6,0.35334295
1940-12-01,1.39,0.36,113.8,0.51,0.39349794
1941-01-01,1.38,0.18,76.1,0.11,0.29654494
1941-02-01,1.34,0.32,74.3,0.1,0.35267195
1941-03-01,1.41,0.14,77.5,0.2,0.33584893
1941-04-01,1.36,0.25,54.6,0.24,0.42233995
1941-05-01,1.32,0.21,49,0.26,0.34994593
1941-06-01,0.88,0.17,99.6,0.18,0.42585194
1941-07-01,0.73,0.21,111.4,0.12,0.40337795
1941-08-01,0.79,0.23,100.1,0.14,0.34182093
1941-09-01,0.68,0.11,109.8,0.2,0.37856194
1941-10-01,0.99,0.32,77.2,0.17,0.56933594
1941-11-01,1.17,0.27,64,0.19,0.52666897
1941-12-01,1.27,0.29,56.2,0.06,0.5168219
1942-01-01,0.61,0.3,59.5,0.01,0.550778
1942-02-01,0.53,0.01,87.9,0.01,0.717096
1942-03-01,0.25,0.08,90.4,-0.13,0.54219496
1942-04-01,0.57,0.14,101.2,-0.07,0.50280994
1942-05-01,-0.1,0.11,41.8,-0.03,0.58334094
1942-06-01,-0.52,0.13,18.9,-0.09,0.50183195
1942-07-01,-0.55,0.02,29.6,-0.16,0.56612396
1942-08-01,-0.96,0.05,33.7,-0.12,0.44012293
1942-09-01,-1.17,0.06,28.7,-0.03,0.44030893
1942-10-01,-1.32,0.02,32,0.07,0.45058393
1942-11-01,-1.5,0.11,51.3,0.1,0.51800096
1942-12-01,-1.24,0.07,37.6,0.11,0.39083695
1943-01-01,-1.2,-0.01,20.7,0.24,0.39919394
1943-02-01,-1.18,0.08,48.1,0.41,0.39490995
1943-03-01,-1.1,-0.04,45.7,0.36,0.35417295
1943-04-01,-0.6,0.11,43.5,0.31,0.45656595
1943-05-01,-0.36,0.02,23.6,0.07,0.43376693
1943-06-01,-0.11,-0.1,12.7,0.23,0.45711592
1943-07-01,-0.09,0.09,22,0.18,0.35496294
1943-08-01,0.05,0.03,32.3,0.22,0.56892794
1943-09-01,-0.24,0.05,16.7,0.39,0.55383193
1943-10-01,-0.44,0.24,13,0.39,0.5927119
1943-11-01,-0.5,0.21,17,0.33,0.49929094
1943-12-01,-0.42,0.22,31.4,0.29,0.63544494
1944-01-01,-0.42,0.32,6.1,0.35,0.55696493
1944-02-01,0.16,0.29,0.8,0.41,0.6338639
1944-03-01,-0.21,0.3,18.3,0.45,0.526472
1944-04-01,0.11,0.2,0.4,0.59,0.48392195
1944-05-01,0.14,0.24,4.1,0.43,0.61820394
1944-06-01,0.04,0.21,8.2,0.3,0.5004569
1944-07-01,0.08,0.16,8.5,0.18,0.61044294
1944-08-01,0,0.17,27.9,0.43,0.66658795
1944-09-01,-0.31,0.33,23.7,0.38,0.6645439
1944-10-01,-0.22,0.27,28.1,0.23,0.71866494
1944-11-01,-0.35,0.21,17.9,0.01,0.5890669
1944-12-01,-0.26,0.18,47.4,0.06,0.742575
1945-01-01,-0.36,0.2,30.8,0,0.772052
1945-02-01,-0.47,0.08,21.2,-0.04,0.662927
1945-03-01,-0.79,0.08,35.9,0.05,0.596486
1945-04-01,-0.76,0.29,53.4,-0.09,0.55577594
1945-05-01,-0.46,0.15,51,-0.15,0.59100795
1945-06-01,-0.59,0.12,60.2,-0.42,0.61728895
1945-07-01,-0.61,0.11,71,-0.42,0.58389896
1945-08-01,-0.84,0.35,43.1,-0.37,0.5453609
1945-09-01,-0.82,0.22,58.1,-0.17,0.64259195
1945-10-01,-0.86,0.13,114.5,-0.12,0.6114249
1945-11-01,-0.42,0.12,76.6,-0.15,0.6272879
1945-12-01,-0.54,0,45.7,-0.22,0.65008396
1946-01-01,-0.44,0.2,79.3,-0.31,0.45744494
1946-02-01,-0.24,0.03,143.8,-0.3,0.35969493
1946-03-01,-0.36,-0.04,127.7,-0.28,0.47205094
1946-04-01,-0.48,0.02,126.1,-0.3,0.38888294
1946-05-01,-0.39,0,141.6,-0.34,0.38263994
1946-06-01,0.15,-0.13,122.6,-0.35,0.25835094
1946-07-01,0.03,-0.1,193.7,-0.37,0.26321593
1946-08-01,-0.52,-0.14,178.7,-0.31,0.31304094
1946-09-01,-0.19,-0.04,157.4,-0.34,0.29040995
1946-10-01,-0.01,-0.06,170.5,-0.2,0.35896093
1946-11-01,-0.18,0.01,206.3,-0.01,0.37938395
1946-12-01,0.03,-0.19,202.9,-0.2,0.30879194
1947-01-01,0.39,0.01,163.7,-0.13,0.32720393
1947-02-01,-0.13,0,188.9,-0.14,0.27122894
1947-03-01,0.28,0.05,183.8,-0.09,0.21060994
1947-04-01,-0.07,0.09,212.1,-0.2,0.24187194
1947-05-01,-0.55,0,285,-0.12,0.13655995
1947-06-01,0.07,0.08,232.1,-0.15,0.25838095
1947-07-01,-0.39,0,223.5,-0.2,0.19467294
1947-08-01,-0.37,-0.08,267.4,-0.22,0.25970194
1947-09-01,-1.05,-0.11,239.9,-0.29,0.21566294
1947-10-01,-0.82,0.02,231.7,-0.15,0.09669194
1947-11-01,-0.73,-0.01,181.3,0,0.22351895
1947-12-01,0.18,-0.11,164.9,-0.08,0.26932395
1948-01-01,0.05,0.01,153.6,0.11,0.25108594
1948-02-01,0.37,-0.09,122,0.14,0.16996194
1948-03-01,0.63,-0.21,134.3,-0.06,0.28854594
1948-04-01,0.25,-0.05,268.5,-0.02,0.25045794
1948-05-01,0.31,0.11,246.4,-0.13,0.31480494
1948-06-01,0.06,-0.06,237.5,-0.2,0.43711194
1948-07-01,-0.06,-0.03,201.4,-0.04,0.26197094
1948-08-01,-0.02,-0.04,223.7,-0.02,0.37335294
1948-09-01,-0.02,-0.11,202.9,-0.02,0.18794695
1948-10-01,-0.68,-0.03,192.9,0.04,0.16890794
1948-11-01,-0.3,-0.08,135.6,0.08,0.16390094
1948-12-01,0.38,-0.21,195.3,0.03,0.27099696
1949-01-01,-0.46,0.08,168.6,-0.03,0.31866294
1949-02-01,0.26,-0.1,258,-0.13,0.34910795
1949-03-01,-0.55,0.03,223,-0.16,0.18647195
1949-04-01,0.19,-0.04,208.1,-0.22,0.23991594
1949-05-01,-0.07,0,150.4,-0.23,0.25985095
1949-06-01,-0.72,-0.15,172.4,-0.22,0.096621946
1949-07-01,-0.39,-0.07,178.3,-0.31,0.18524295
1949-08-01,-0.32,-0.08,175.3,-0.28,0.26726395
1949-09-01,-0.65,-0.14,205.8,-0.28,0.08362995
1949-10-01,-0.72,-0.06,186.3,-0.23,0.17430195
1949-11-01,-1.33,-0.1,203.2,0,0.18201295
1949-12-01,-1.2,-0.1,166.6,0.04,0.26424894
1950-01-01,-1.05,-0.19,143.9,0.04,0.31208494
1950-02-01,-1.5,-0.21,134.3,-0.07,0.22105095
1950-03-01,-1.07,-0.06,155.4,-0.08,0.23190394
1950-04-01,-0.91,-0.17,160.6,0.05,0.20584895
1950-05-01,-1.3,0.01,150.5,0.12,0.20847094
1950-06-01,-0.86,0,118.3,0.16,0.13558595
1950-07-01,-1.08,-0.05,128.9,0.31,0.20817095
1950-08-01,-0.63,-0.09,120.6,0.17,0.20912994
1950-09-01,-1.1,-0.08,72.7,0.12,0.18193994
1950-10-01,-0.83,-0.19,87,0.13,0.18172094
1950-11-01,-1.38,-0.29,77.7,0.13,0.21551195
1950-12-01,-1.04,-0.21,76.7,0.12,0.26020694
1951-01-01,-1.13,-0.32,85,0,0.28428394
1951-02-01,-0.74,-0.38,84.8,0.04,0.15843295
1951-03-01,-0.77,-0.13,79.3,0.09,0.21138895
1951-04-01,-0.17,-0.15,131.7,0.02,0.17271195
1951-05-01,-0.1,0.03,153.7,0.05,0.32191294
1951-06-01,-0.09,0.03,142.4,0.28,0.39549795
1951-07-01,0.66,0.04,87.2,0.25,0.43343893
1951-08-01,0.9,0.1,86.5,0.33,0.52198696
1951-09-01,0.67,0.14,117.7,0.21,0.50845194
1951-10-01,0.79,0.13,73.3,0.24,0.50132394
1951-11-01,0.78,0,74.2,0.09,0.40769893
1951-12-01,0.71,0.18,65,0.17,0.48168692
1952-01-01,0.39,0.15,57.9,0.14,0.39604494
1952-02-01,0.24,0.12,32.4,0.07,0.38793495
1952-03-01,0.04,-0.02,31.5,0.01,0.37892994
1952-04-01,0.41,0.09,41.7,0.16,0.40286693
1952-05-01,-0.38,0,33.6,0.27,0.43054092
1952-06-01,-0.66,0,52,0.18,0.39320695
1952-07-01,-0.59,0.06,56.1,0.17,0.32524693
1952-08-01,-0.42,0.07,77.8,-0.02,0.37606695
1952-09-01,-0.35,0.08,40.4,0.09,0.34924993
1952-10-01,-0.04,0.04,34.2,0.07,0.39998895
1952-11-01,-0.32,-0.07,31.8,0.24,0.27001595
1952-12-01,-0.55,0.03,48.9,0.24,0.33824995
1953-01-01,0.36,0.09,37.9,0.15,0.32249495
1953-02-01,0.24,0.17,5.9,-0.01,0.34036693
1953-03-01,0.22,0.17,14.7,-0.05,0.37181795
1953-04-01,0.77,0.25,39.6,-0.11,0.37799594
1953-05-01,0.35,0.17,18.3,-0.05,0.40801793
1953-06-01,0.41,0.18,31.5,-0.08,0.36461893
1953-07-01,0.2,0.01,12.7,-0.18,0.37289193
1953-08-01,0.04,0.03,33.6,-0.27,0.39824295
1953-09-01,0.67,0.01,28,-0.22,0.40088293
1953-10-01,0.11,0.1,12.3,-0.06,0.35179693
1953-11-01,0.31,-0.01,2.5,-0.1,0.38165593
1953-12-01,0.15,0.06,3.9,-0.06,0.40027493
1954-01-01,0.39,-0.16,0.4,0.08,0.45444992
1954-02-01,0.21,-0.06,0.8,-0.06,0.32813793
1954-03-01,0.01,-0.12,15.8,-0.1,0.23543894
1954-04-01,-0.32,-0.15,2.7,-0.08,0.24372694
1954-05-01,-0.53,-0.17,1.2,0.07,0.20872694
1954-06-01,-0.8,-0.09,0.4,-0.11,0.19542095
1954-07-01,-1.02,-0.07,7.3,0.16,0.10214095
1954-08-01,-1.08,-0.11,12.6,0.17,0.15512694
1954-09-01,-1.03,-0.09,2.3,0.14,0.16650094
1954-10-01,-0.91,-0.02,10.5,0.15,0.13157295
1954-11-01,-1.17,0.04,13.4,0.29,0.13011494
1954-12-01,-0.79,-0.12,11.3,0.12,0.19618694
1955-01-01,-0.66,0.13,33.4,0.1,0.19426395
1955-02-01,-0.79,-0.19,29.9,-0.02,0.19209595
1955-03-01,-0.8,-0.29,7.3,-0.09,0.21830994
1955-04-01,-0.95,-0.2,16.4,-0.1,0.12996994
1955-05-01,-1.23,-0.14,41.3,-0.22,0.090293944
1955-06-01,-1.2,-0.12,45.2,-0.43,0.04973995
1955-07-01,-1.32,-0.09,38.2,-0.28,0.16668095
1955-08-01,-0.91,0.04,58,-0.25,0.20705794
1955-09-01,-1.33,-0.07,60.8,-0.3,0.16583595
1955-10-01,-1.59,-0.06,83,-0.09,0.026589945
1955-11-01,-1.91,-0.23,126.3,-0.14,0.11196394
1955-12-01,-1.52,-0.27,108.8,0.01,0.21296994
1956-01-01,-1.23,-0.09,104.1,-0.16,0.24196894
1956-02-01,-0.98,-0.17,175.6,-0.12,0.17590395
1956-03-01,-0.93,-0.13,167.7,-0.06,0.17889994
1956-04-01,-0.78,-0.24,156.7,-0.16,0.12512195
1956-05-01,-0.59,-0.25,193.4,-0.27,0.066703945
1956-06-01,-0.83,-0.15,165.1,-0.14,-0.028297052
1956-07-01,-0.94,-0.09,182.7,-0.1,-0.004846051
1956-08-01,-0.81,-0.25,240.2,0.06,0.03004995
1956-09-01,-0.91,-0.19,245.4,0.11,-0.024731055
1956-10-01,-0.69,-0.24,219.9,0.1,0.048160948
1956-11-01,-1.01,-0.13,285,0.03,0.019404948
1956-12-01,-0.58,-0.01,272,0.04,0.11011694
1957-01-01,-0.56,-0.03,233.7,0.09,0.11173095
1957-02-01,-0.24,-0.07,184.5,0.16,0.16604695
1957-03-01,0.08,-0.07,222.8,0.31,0.20970294
1957-04-01,0.42,0.05,248,0.3,0.21463294
1957-05-01,0.45,0.11,233,0.15,0.27871093
1957-06-01,0.53,0.18,284.3,0.12,0.27045095
1957-07-01,0.69,0.07,265.1,-0.05,0.37446395
1957-08-01,0.79,0.16,223.7,0.04,0.42067894
1957-09-01,0.53,0.12,334,0.04,0.33404893
1957-10-01,0.74,0.06,359.4,0.04,0.29725194
1957-11-01,1.09,0.06,298.6,0.12,0.37281695
1957-12-01,1.18,0.11,339,0.14,0.43161494
1958-01-01,1.54,0.36,286.7,0.07,0.37886494
1958-02-01,1.4,0.2,233.6,0.11,0.45951393
1958-03-01,0.99,0.13,270,-0.07,0.44432393
1958-04-01,0.31,0.07,277.6,-0.19,0.40646294
1958-05-01,0.32,0.09,248.2,-0.15,0.33361393
1958-06-01,0.3,0.04,242.9,-0.15,0.40139094
1958-07-01,0.04,0.12,271,-0.18,0.30755395
1958-08-01,0.24,0.02,283.5,-0.12,0.38319495
1958-09-01,-0.31,-0.01,285.1,0.04,0.38196093
1958-10-01,-0.03,0.03,256.9,0.08,0.33685693
1958-11-01,0.05,0.01,215.6,-0.01,0.30184495
1958-12-01,0.3,0.09,265.7,-0.05,0.37294993
1959-01-01,0.43,0.12,307.7,0.06,0.33332393
1959-02-01,0.5,0.11,202.6,0.09,0.37636393
1959-03-01,0.26,0.23,263,-0.05,0.28607094
1959-04-01,0.27,0.15,231.3,-0.06,0.30051693
1959-05-01,-0.01,0.09,243.6,0.15,0.32115895
1959-06-01,-0.33,0.1,238.9,0.18,0.26208895
1959-07-01,-0.28,0.1,211.9,0.1,0.32331893
1959-08-01,-0.41,0.05,282.6,0.17,0.25160596
1959-09-01,-0.53,0.02,205.6,0.08,0.29062194
1959-10-01,0.11,0,157.7,0.22,0.25866094
1959-11-01,-0.17,-0.04,175.6,0.15,0.19239895
1959-12-01,-0.05,0.03,177.1,0.06,0.23301195
1960-01-01,0.02,0.04,207.2,0.08,0.23527795
1960-02-01,-0.24,0.15,149.9,0.08,0.22979094
1960-03-01,-0.08,-0.24,144.6,0.17,0.25878793
1960-04-01,0.01,-0.1,172.7,0.18,0.20017995
1960-05-01,0.05,-0.06,169.3,0.12,0.20176895
1960-06-01,-0.2,-0.01,156,-0.02,0.18067595
1960-07-01,-0.25,0.01,172.4,-0.06,0.32472095
1960-08-01,0,0.05,190,0.04,0.25442395
1960-09-01,0.03,0.08,180.1,-0.03,0.26362795
1960-10-01,-0.07,0.05,117.3,0,0.18187195
1960-11-01,-0.38,-0.11,126.9,0.15,0.22127594
1960-12-01,0.02,0.23,121.2,0.26,0.23075494
1961-01-01,-0.15,0.12,82.1,0.14,0.28023794
1961-02-01,0.04,0.17,65.4,0.17,0.28345194
1961-03-01,-0.1,0.12,75.2,0.13,0.30055493
1961-04-01,0.13,0.15,86.9,0.04,0.29997993
1961-05-01,-0.01,0.14,72.3,-0.07,0.26684994
1961-06-01,0.1,0.13,109.5,-0.17,0.23746194
1961-07-01,-0.32,0.07,99.3,-0.12,0.25273594
1961-08-01,-0.25,0.06,79.2,-0.19,0.25568795
1961-09-01,-0.52,0.07,90.1,-0.1,0.13147594
1961-10-01,-0.71,-0.01,53.7,0.08,0.23312195
1961-11-01,-0.19,0.04,46.5,0.11,0.18034495
1961-12-01,-0.29,-0.11,56.9,0.22,0.24117394
1962-01-01,-0.25,0.07,55.1,0.18,0.21422395
1962-02-01,-0.16,0.16,71.7,0.07,0.21586294
1962-03-01,-0.41,0.16,64.9,0.01,0.18179095
1962-04-01,-0.32,0.05,65.9,0.01,0.21340494
1962-05-01,-0.42,-0.04,61.9,-0.17,0.19476695
1962-06-01,-0.22,0.03,59.6,-0.14,0.105477944
1962-07-01,-0.3,0.04,31.4,-0.17,0.22210094
1962-08-01,-0.13,0,31.5,-0.14,0.20724694
1962-09-01,-0.56,0.03,72.7,-0.22,0.20416994
1962-10-01,-0.33,0.03,56.1,-0.04,0.15293194
1962-11-01,-0.43,0.11,38.8,0.02,0.15491694
1962-12-01,-0.49,0.03,33.2,-0.03,0.17285694
1963-01-01,-0.32,0.01,28.7,-0.14,0.17769995
1963-02-01,-0.26,0.2,35.2,-0.05,0.16772994
1963-03-01,-0.06,-0.1,24.8,-0.08,0.17481194
1963-04-01,-0.06,-0.03,41.7,-0.28,0.22881894
1963-05-01,0,-0.03,61.1,-0.03,0.19731794
1963-06-01,0.12,0.03,51.2,-0.08,0.18932594
1963-07-01,0.72,0.08,28.7,-0.19,0.34043193
1963-08-01,0.9,0.2,47.5,-0.35,0.41059795
1963-09-01,0.65,0.18,55.2,-0.35,0.33724293
1963-10-01,0.84,0.14,50.1,-0.3,0.38446695
1963-11-01,0.75,0.12,33.7,-0.21,0.43350893
1963-12-01,1.05,0.05,21.6,-0.18,0.40936393
1964-01-01,0.76,-0.04,22.6,-0.25,0.34749994
1964-02-01,0.55,-0.1,25.3,-0.23,0.28349495
1964-03-01,-0.16,-0.2,24.1,-0.16,0.16597694
1964-04-01,-0.53,-0.26,12.9,-0.12,0.15524195
1964-05-01,-0.74,-0.2,14.3,-0.18,0.15672594
1964-06-01,-0.88,-0.03,13.5,-0.29,0.18339095
1964-07-01,-0.65,-0.03,4.8,-0.36,0.12237295
1964-08-01,-0.76,-0.12,13.8,-0.32,-0.08306806
1964-09-01,-0.93,-0.24,7,-0.34,-0.07481505
1964-10-01,-1,-0.27,9.2,-0.26,-0.034005046
1964-11-01,-1.1,-0.24,11.1,-0.28,-0.036131054
1964-12-01,-1.07,-0.23,22.1,-0.09,-0.039610058
1965-01-01,-0.57,-0.07,25.4,-0.16,-0.002065048
1965-02-01,-0.36,-0.16,20.8,-0.05,0.021427944
1965-03-01,-0.34,-0.13,17.5,-0.04,-0.022429049
1965-04-01,-0.09,-0.17,10.2,0.02,-0.010934055
1965-05-01,0.19,-0.11,34.5,-0.09,0.003072947
1965-06-01,0.45,-0.08,23.3,-0.15,-0.005886048
1965-07-01,0.81,-0.07,17.3,-0.11,-0.029629052
1965-08-01,1.25,-0.02,13.3,-0.16,0.06596795
1965-09-01,1.26,-0.07,24.5,-0.11,0.097026944
1965-10-01,1.61,0.01,29.1,-0.05,0.20435795
1965-11-01,1.54,0,22.8,-0.03,0.26995096
1965-12-01,1.45,-0.03,24.7,0.07,0.26372793
1966-01-01,1.13,-0.15,40.3,0.01,0.29582894
1966-02-01,0.83,-0.03,35.3,-0.01,0.31268293
1966-03-01,0.83,0,36.4,-0.06,0.34085095
1966-04-01,0.54,-0.11,69,-0.03,0.26693395
1966-05-01,-0.06,-0.05,64.2,-0.3,0.14965294
1966-06-01,0.14,0.04,67.7,-0.36,0.17495495
1966-07-01,0.23,0.13,80.2,-0.27,0.21928294
1966-08-01,-0.1,-0.02,72.6,-0.21,0.23457195
1966-09-01,-0.05,0.01,71.1,-0.21,0.20124695
1966-10-01,-0.05,-0.14,81.2,-0.17,0.31665194
1966-11-01,-0.37,-0.02,81,-0.21,0.31514895
1966-12-01,-0.26,-0.02,99.8,-0.14,0.27790993
1967-01-01,-0.55,-0.09,157,-0.25,0.17116195
1967-02-01,-0.56,-0.18,132.6,-0.21,0.18139194
1967-03-01,-0.47,0.04,158.3,-0.28,0.15383795
1967-04-01,-0.53,-0.01,98.4,-0.18,0.20951995
1967-05-01,-0.24,0.19,122.5,-0.27,0.22778794
1967-06-01,-0.12,0,95.4,-0.39,0.25312895
1967-07-01,-0.1,0.02,129.5,-0.4,0.24216795
1967-08-01,-0.31,0.03,151.8,-0.3,0.27536494
1967-09-01,-0.59,0.01,108.7,-0.21,0.18059094
1967-10-01,-0.38,0.12,125,-0.03,0.17151295
1967-11-01,-0.34,-0.05,133.6,-0.09,0.13010694
1967-12-01,-0.35,0.02,179,-0.11,0.07070795
1968-01-01,-0.6,-0.21,172.5,-0.07,-0.008238047
1968-02-01,-0.74,-0.14,158.5,0.09,-0.011091054
1968-03-01,-0.76,0.16,130.5,0.14,-0.063041046
1968-04-01,-0.47,-0.04,115,0.13,0.05118195
1968-05-01,-0.44,-0.06,180,-0.03,0.16403595
1968-06-01,0.19,-0.02,156.2,-0.11,0.26572794
1968-07-01,0.31,-0.09,136.2,-0.04,0.20749095
1968-08-01,0.33,-0.01,154.8,-0.12,0.19009195
1968-09-01,0.05,-0.09,166,-0.1,0.19118595
1968-10-01,0.32,0.06,152.5,-0.14,0.22695994
1968-11-01,0.76,-0.09,121.7,-0.09,0.22034495
1968-12-01,0.76,-0.11,155.5,0,0.26488394
1969-01-01,0.9,-0.07,147.8,-0.07,0.35441595
1969-02-01,1.02,-0.07,170.5,-0.09,0.29925293
1969-03-01,0.61,0.08,192.3,-0.02,0.26369894
1969-04-01,0.33,0.19,151.1,-0.01,0.27526695
1969-05-01,0.39,0.22,169.9,-0.08,0.30043495
1969-06-01,0.26,0.1,150.1,-0.2,0.15839495
1969-07-01,0.1,0.03,137.1,-0.32,0.15852594
1969-08-01,0.52,0.06,138.8,-0.21,0.15104695
1969-09-01,0.47,0.11,129.3,-0.18,0.15109795
1969-10-01,0.66,0.14,135.4,-0.13,0.10758195
1969-11-01,0.75,0.14,132.4,-0.16,0.12686194
1969-12-01,0.68,0.29,138.6,-0.15,0.14235094
1970-01-01,0.55,0.17,157.9,-0.19,0.16927695
1970-02-01,0.36,0.21,180.8,-0.25,0.15758795
1970-03-01,0.26,0.11,145.7,-0.32,0.15969194
1970-04-01,0.18,0.1,155.1,-0.41,0.18908495
1970-05-01,0.01,0.03,180.5,-0.36,0.11931895
1970-06-01,-0.3,0.02,151.3,-0.38,0.10463095
1970-07-01,-0.98,0.05,159.3,-0.37,-0.001336053
1970-08-01,-0.95,-0.05,131.7,-0.47,0.06947695
1970-09-01,-0.78,0.1,140.8,-0.35,0.072794944
1970-10-01,-0.65,0.01,122.6,-0.14,0.09043295
1970-11-01,-0.85,0.02,134.8,-0.12,0.055354945
1970-12-01,-1.11,-0.09,118.2,-0.25,0.07241995
1971-01-01,-1.47,-0.04,129.2,-0.25,0.015481949
1971-02-01,-1.28,-0.15,111.8,-0.3,-0.063265055
1971-03-01,-1.29,-0.1,85.9,-0.39,-0.098989055
1971-04-01,-0.97,-0.06,101.6,-0.3,-0.04649505
1971-05-01,-0.82,-0.01,81.5,-0.51,-0.07916306
1971-06-01,-0.78,-0.09,70.7,-0.5,-0.09796105
1971-07-01,-0.64,-0.03,114.7,-0.41,-0.022914052
1971-08-01,-0.65,0,87,-0.49,-0.10852204
1971-09-01,-0.75,0.05,71.3,-0.38,-0.16117106
1971-10-01,-0.78,-0.08,73.4,-0.28,-0.15253507
1971-11-01,-0.85,-0.1,89.5,-0.24,-0.15556104
1971-12-01,-0.89,-0.06,116.5,-0.26,-0.08631505
1972-01-01,-0.58,-0.17,87,-0.28,-0.076033056
1972-02-01,-0.22,-0.12,125.3,-0.21,-0.019352049
1972-03-01,-0.25,0.08,113.5,-0.16,-0.04865405
1972-04-01,0.21,0.06,89.6,-0.14,0.10869794
1972-05-01,0.33,0.01,113.9,-0.13,0.119738944
1972-06-01,0.66,0.13,124.7,-0.07,0.13813594
1972-07-01,0.83,0.08,108.3,-0.04,0.15867494
1972-08-01,1.3,0.21,108.9,-0.14,0.056029946
1972-09-01,1.19,0.1,90.7,-0.09,0.03790395
1972-10-01,1.77,0.12,86.9,-0.13,0.07254895
1972-11-01,1.87,0.03,59.2,-0.15,0.16920894
1972-12-01,2.19,0.24,64.3,-0.16,0.26885495
1973-01-01,1.6,0.32,61.8,-0.14,0.26627395
1973-02-01,1.08,0.34,60.9,-0.2,0.25618595
1973-03-01,0.58,0.29,65.4,-0.36,0.23331694
1973-04-01,-0.07,0.33,81.8,-0.55,0.20762795
1973-05-01,-0.56,0.28,60.3,-0.59,0.18195894
1973-06-01,-0.86,0.27,56.1,-0.56,0.18268295
1973-07-01,-1.14,0.16,33.2,-0.59,0.15987495
1973-08-01,-1.21,0.1,36.6,-0.56,0.14206095
1973-09-01,-1.4,0.13,84.1,-0.57,0.08132995
1973-10-01,-1.58,0.11,43.7,-0.51,0.01195994
1973-11-01,-2.07,0.05,34.3,-0.37,0.034479946
1973-12-01,-2.18,0,33.3,-0.28,-0.06852105
1974-01-01,-2.02,-0.08,39.4,-0.1,-0.04623905
1974-02-01,-1.5,-0.25,37.3,-0.13,0.007142946
1974-03-01,-1.44,-0.06,30.9,-0.18,-0.003651053
1974-04-01,-1,-0.07,57.5,-0.27,-0.046887055
1974-05-01,-0.79,0.01,56.3,-0.34,-0.077706054
1974-06-01,-0.7,0,51.5,-0.26,-0.027304053
1974-07-01,-0.65,0.02,79.1,-0.14,-0.035786048
1974-08-01,-0.32,0.11,47.9,-0.08,0.09458595
1974-09-01,-0.35,-0.05,57.2,-0.25,0.055961944
1974-10-01,-0.75,-0.02,67.2,-0.28,0.04057294
1974-11-01,-0.96,-0.1,35.9,-0.19,-0.00163205
1974-12-01,-0.86,-0.09,29.6,-0.22,0.06609595
1975-01-01,-0.37,0.06,27.3,-0.24,0.10811495
1975-02-01,-0.33,0.1,16.7,-0.37,0.13902195
1975-03-01,-0.59,0.16,16.9,-0.38,0.052405946
1975-04-01,-0.59,0.09,7.7,-0.3,-0.017970055
1975-05-01,-1,0.15,13.1,-0.43,0.046907946
1975-06-01,-1.25,0.08,16.7,-0.42,-0.040621057
1975-07-01,-1.24,0.02,40.4,-0.24,0.039376944
1975-08-01,-1.16,-0.09,56.7,-0.06,0.060622945
1975-09-01,-1.44,0.03,20.3,-0.18,-0.04475905
1975-10-01,-1.47,-0.15,13.6,-0.17,-0.06744306
1975-11-01,-1.46,-0.19,27.9,-0.34,-0.11576305
1975-12-01,-1.64,-0.11,11.6,-0.36,-0.13085406
1976-01-01,-1.8,-0.02,11.9,-0.29,-0.10558106
1976-02-01,-1.05,-0.07,6.4,-0.23,-0.06534906
1976-03-01,-0.68,-0.15,31.5,-0.06,0.011777952
1976-04-01,-0.42,-0.01,27.3,-0.08,-0.04934606
1976-05-01,-0.49,-0.18,18.2,-0.13,-0.068804055
1976-06-01,0,-0.07,17.9,-0.05,0.014913946
1976-07-01,0.15,0,2.9,-0.04,0.02868694
1976-08-01,0.31,-0.04,24.1,-0.16,0.048415944
1976-09-01,0.57,0.02,20,-0.17,-0.011607051
1976-10-01,0.86,-0.21,29.7,-0.12,0.10910194
1976-11-01,0.88,-0.04,7.9,-0.04,0.086590946
1976-12-01,0.64,0.16,22.3,-0.1,0.13498494
1977-01-01,0.84,0.24,23.8,-0.01,0.15110695
1977-02-01,0.55,0.2,33.3,-0.01,0.14723995
1977-03-01,0.4,0.23,13,-0.04,0.21835095
1977-04-01,-0.25,0.26,19,-0.05,0.14971295
1977-05-01,-0.03,0.31,27,-0.15,0.17350094
1977-06-01,0.36,0.28,54.9,-0.19,0.23405994
1977-07-01,0.45,0.23,30.6,-0.27,0.26511896
1977-08-01,0.25,0.23,43,-0.2,0.28495893
1977-09-01,0.44,0.12,62.4,-0.12,0.33509195
1977-10-01,0.89,0.07,62.1,-0.07,0.22850695
1977-11-01,1.03,0.2,41.6,0.11,0.22245395
1977-12-01,1.09,0.1,61.4,0.01,0.26676494
1978-01-01,0.72,0.12,73.7,-0.03,0.33082893
1978-02-01,0.51,0.16,132.6,-0.05,0.26433593
1978-03-01,0.06,0.22,108.4,-0.15,0.24919495
1978-04-01,-0.37,0.15,141.2,-0.07,0.18440595
1978-05-01,-0.49,0.11,117.1,0.02,0.12946995
1978-06-01,-0.45,0.04,134.6,0.09,0.14029595
1978-07-01,-0.48,0.09,99.7,-0.02,0.20953295
1978-08-01,-0.62,-0.07,82.4,-0.11,0.16007195
1978-09-01,-0.6,0.1,195.7,-0.03,0.20297295
1978-10-01,-0.34,0.06,177.1,0.07,0.19959295
1978-11-01,-0.15,0.18,138.5,0.1,0.21620995
1978-12-01,0.07,0.13,173.9,0.14,0.23929194
1979-01-01,0.05,0.16,235.9,0.17,0.30200395
1979-02-01,0.09,-0.04,194.7,0.12,0.29307294
1979-03-01,0.13,0.17,195.3,0,0.27899295
1979-04-01,0.17,0.1,143.7,0.2,0.30717993
1979-05-01,-0.09,0.14,190.3,0.32,0.19489895
1979-06-01,0.04,0.2,211.7,0.16,0.33594593
1979-07-01,-0.2,0.12,225.7,0.06,0.28500995
1979-08-01,0.21,0.21,201.4,0.01,0.30023095
1979-09-01,0.48,0.28,266.9,0.03,0.30879894
1979-10-01,0.32,0.28,263.6,0.06,0.29939693
1979-11-01,0.35,0.28,259.5,-0.08,0.33570394
1979-12-01,0.69,0.51,249.6,-0.1,0.40497294
1980-01-01,0.55,0.36,226.1,0.02,0.43987495
1980-02-01,0.33,0.46,219.4,0,0.35479593
1980-03-01,0.09,0.35,178.7,0.18,0.34389693
1980-04-01,0.2,0.35,232.2,0.08,0.29799294
1980-05-01,0.13,0.39,254.7,0.11,0.29931793
1980-06-01,0.37,0.27,222.7,0.11,0.31004193
1980-07-01,0.02,0.31,192.9,0.02,0.33455393
1980-08-01,-0.23,0.28,191.7,-0.04,0.32635394
1980-09-01,-0.12,0.26,219.6,0.05,0.27521995
1980-10-01,-0.11,0.19,233.3,-0.09,0.17501694
1980-11-01,0.1,0.26,209.5,0.09,0.20931995
1980-12-01,0.36,0.24,246.9,0.24,0.25594094
1981-01-01,-0.45,0.51,156.6,0.06,0.21071595
1981-02-01,-0.45,0.42,189.9,0,0.24105294
1981-03-01,-0.02,0.46,196.6,0.09,0.31210193
1981-04-01,-0.17,0.34,225.3,-0.05,0.33930594
1981-05-01,-0.11,0.28,194.7,-0.09,0.32724193
1981-06-01,-0.15,0.33,131.6,-0.15,0.35888994
1981-07-01,-0.43,0.32,205.3,-0.2,0.32300895
1981-08-01,-0.18,0.35,242.5,-0.3,0.26212895
1981-09-01,-0.07,0.22,245.3,-0.22,0.32362694
1981-10-01,-0.03,0.25,216.2,-0.23,0.34497193
1981-11-01,-0.27,0.29,186,-0.26,0.29168496
1981-12-01,0.07,0.46,195.4,-0.17,0.32282794
1982-01-01,-0.04,0.1,149.8,-0.03,0.31625995
1982-02-01,-0.13,0.21,230.9,0.1,0.30308193
1982-03-01,-0.02,0.06,221.1,0.24,0.32606295
1982-04-01,0.24,0.16,170.3,0.17,0.31466693
1982-05-01,0.65,0.18,119.3,0.05,0.33800393
1982-06-01,0.92,0.1,163.7,0.05,0.28195596
1982-07-01,0.64,0.19,139.4,0.08,0.18501595
1982-08-01,0.93,0.11,161.9,0.03,0.14925595
1982-09-01,1.39,0.2,167.4,-0.02,0.19436595
1982-10-01,2,0.17,134.3,0.03,0.29895395
1982-11-01,2.07,0.17,127.5,0.09,0.33056894
1982-12-01,2.33,0.45,169,0.17,0.31433293
1983-01-01,2.43,0.5,115.5,0.09,0.41167095
1983-02-01,2.22,0.46,73.1,0.07,0.31712294
1983-03-01,1.69,0.42,88.7,-0.04,0.33440194
1983-04-01,1.12,0.28,109.6,-0.04,0.28854495
1983-05-01,1.12,0.38,132.5,-0.03,0.36993793
1983-06-01,0.62,0.3,131.5,-0.32,0.38217893
1983-07-01,-0.11,0.23,108.9,-0.26,0.33467293
1983-08-01,-0.13,0.37,96,-0.1,0.28970096
1983-09-01,-0.5,0.42,69.9,-0.1,0.33589795
1983-10-01,-1.03,0.23,72.5,-0.19,0.24219294
1983-11-01,-1.13,0.36,45.7,-0.25,0.23145194
1983-12-01,-0.95,0.24,45.6,-0.16,0.25431293
1984-01-01,-0.8,0.31,74.8,-0.22,0.20707995
1984-02-01,-0.53,0.2,110.2,-0.26,0.21662995
1984-03-01,-0.48,0.31,116.7,-0.24,0.24456094
1984-04-01,-0.6,0.13,90.4,-0.33,0.21887894
1984-05-01,-0.64,0.36,96.9,-0.29,0.23548295
1984-06-01,-0.9,0.11,65.1,-0.07,0.11943194
1984-07-01,-0.4,0.18,55.7,-0.07,0.24936995
1984-08-01,-0.4,0.21,35,-0.24,0.18723394
1984-09-01,-0.35,0.24,22.6,-0.19,0.23123795
1984-10-01,-0.83,0.17,12.6,-0.13,0.094307944
1984-11-01,-1.18,0.08,26.5,-0.16,0.080385946
1984-12-01,-1.53,0.02,21.4,-0.18,0.040785953
1985-01-01,-0.89,0.28,17.8,-0.26,0.07279295
1985-02-01,-0.91,0.04,20.7,-0.25,0.07793595
1985-03-01,-0.96,0.22,16.9,-0.29,0.07253395
1985-04-01,-0.98,0.15,20.4,-0.31,0.03698194
1985-05-01,-0.9,0.2,32.4,-0.19,0.13497594
1985-06-01,-0.76,0.2,28.3,-0.21,0.17716695
1985-07-01,-0.61,0.04,39.9,-0.19,0.12829894
1985-08-01,-0.49,0.17,10.1,-0.3,0.14549294
1985-09-01,-0.57,0.17,4.3,-0.28,0.22279194
1985-10-01,-0.64,0.13,22,-0.23,0.17390494
1985-11-01,-0.43,0.11,17.9,-0.26,0.20309395
1985-12-01,-0.4,0.19,15.8,-0.22,0.15730594
1986-01-01,-0.79,0.28,2.8,-0.09,0.13098195
1986-02-01,-0.64,0.39,27.9,-0.09,0.16558395
1986-03-01,-0.51,0.31,13.8,0.05,0.14892995
1986-04-01,-0.41,0.26,22.4,0.16,0.20716494
1986-05-01,-0.47,0.27,16.1,0.2,0.25780594
1986-06-01,-0.08,0.18,0.6,0.32,0.27116296
1986-07-01,0.16,0.17,18.1,0.42,0.21865095
1986-08-01,0.24,0.2,9.9,0.46,0.23151395
1986-09-01,0.59,0.13,5.1,0.33,0.24941094
1986-10-01,0.9,0.18,40.1,0.19,0.20817195
1986-11-01,1.04,0.14,15.4,0.13,0.22482894
1986-12-01,0.98,0.22,5.8,0.22,0.22919695
1987-01-01,1.19,0.35,9.8,0.05,0.15327995
1987-02-01,1.17,0.39,3.4,-0.01,0.18752694
1987-03-01,1.24,0.2,17.4,0.07,0.25586095
1987-04-01,0.89,0.27,46,0.17,0.22795294
1987-05-01,0.91,0.32,39.1,0.23,0.36932695
1987-06-01,1.24,0.37,18.8,0.29,0.37666294
1987-07-01,1.34,0.48,38.2,0.26,0.40956894
1987-08-01,1.48,0.31,47.9,0.09,0.52494496
1987-09-01,1.53,0.4,42.2,-0.03,0.48682794
1987-10-01,1.36,0.33,63.4,-0.02,0.45736694
1987-11-01,1.29,0.26,48.8,0.06,0.518105
1987-12-01,1.05,0.45,29.1,-0.01,0.46672192
1988-01-01,0.69,0.55,70.5,0.01,0.52515596
1988-02-01,0.35,0.46,45.4,0.1,0.45551294
1988-03-01,0.29,0.52,91.2,-0.07,0.46209994
1988-04-01,-0.49,0.45,108.8,-0.16,0.45111993
1988-05-01,-1.05,0.47,74.2,-0.01,0.35668594
1988-06-01,-1.46,0.43,124.3,0.26,0.41857195
1988-07-01,-1.54,0.36,131.4,0.4,0.46959493
1988-08-01,-1.44,0.41,139.4,0.3,0.42376292
1988-09-01,-1.33,0.39,142.7,0.09,0.30289793
1988-10-01,-2.09,0.36,156.5,0.03,0.27994794
1988-11-01,-2.18,0.15,156.8,0.04,0.17718895
1988-12-01,-1.98,0.29,231.2,0,0.15376495
1989-01-01,-1.95,0.11,210.1,-0.08,0.16233395
1989-02-01,-1.37,0.32,208.7,0.02,0.22664495
1989-03-01,-1.33,0.32,170.4,0.06,0.22012495
1989-04-01,-1.11,0.31,166.3,0.1,0.34848493
1989-05-01,-0.8,0.21,195.4,0.08,0.35425794
1989-06-01,-0.64,0.22,284.5,0.05,0.39786795
1989-07-01,-0.47,0.3,180.5,0.05,0.50048393
1989-08-01,-0.58,0.33,232,0.18,0.49757493
1989-09-01,-0.38,0.39,225.1,0.33,0.42230594
1989-10-01,-0.4,0.32,212.2,0.33,0.33959493
1989-11-01,-0.3,0.17,238.2,0.13,0.36740893
1989-12-01,-0.13,0.41,211.4,0.08,0.33206993
1990-01-01,0.02,0.39,227.4,0.01,0.37438193
1990-02-01,0.36,0.4,171.8,0.04,0.46766293
1990-03-01,0.2,0.75,191.7,0.01,0.50819594
1990-04-01,0.26,0.61,189.7,-0.05,0.53013694
1990-05-01,0.32,0.52,175.2,-0.12,0.5321599
1990-06-01,0,0.39,153.3,-0.06,0.47369492
1990-07-01,0.15,0.42,191.1,-0.09,0.55479497
1990-08-01,0.17,0.36,252.1,-0.02,0.5448359
1990-09-01,0.12,0.32,169.1,0.06,0.56355196
1990-10-01,0.13,0.42,199.4,-0.13,0.61551493
1990-11-01,0.08,0.41,178.8,-0.14,0.55979294
1990-12-01,0.32,0.43,197.1,-0.06,0.5421829
1991-01-01,0.51,0.41,195.3,-0.01,0.57209694
1991-02-01,0.32,0.5,240.3,0.04,0.49723893
1991-03-01,0.1,0.37,197,0,0.47166592
1991-04-01,0.21,0.52,197.6,-0.08,0.54370797
1991-05-01,0.44,0.42,166.9,-0.18,0.48349693
1991-06-01,0.65,0.54,224.7,-0.1,0.52204394
1991-07-01,0.62,0.49,240.2,-0.24,0.5488529
1991-08-01,0.43,0.42,240.8,-0.38,0.50783193
1991-09-01,0.22,0.42,168.9,-0.33,0.39477095
1991-10-01,0.91,0.33,197.1,-0.26,0.36901593
1991-11-01,1.14,0.31,159.5,-0.28,0.36538693
1991-12-01,1.62,0.3,212.6,-0.1,0.38598594
1992-01-01,1.61,0.44,198.3,0,0.39870095
1992-02-01,1.62,0.43,230.7,-0.04,0.43818694
1992-03-01,1.5,0.48,151,-0.16,0.43579394
1992-04-01,1.41,0.3,142.2,-0.04,0.40905595
1992-05-01,1.27,0.35,94.3,-0.08,0.45359895
1992-06-01,0.53,0.3,98.5,-0.19,0.48066995
1992-07-01,0.27,0.14,114.2,-0.32,0.32943395
1992-08-01,-0.15,0.11,91.9,-0.14,0.24035895
1992-09-01,-0.14,0.04,94,-0.09,0.23938094
1992-10-01,-0.35,0.06,133.4,-0.16,0.24854395
1992-11-01,-0.14,0.05,129.6,-0.17,0.20252295
1992-12-01,0.04,0.2,122,-0.15,0.27870396
1993-01-01,0.28,0.34,81.4,-0.2,0.43127695
1993-02-01,0.42,0.4,127.8,-0.22,0.37901893
1993-03-01,0.47,0.37,102.4,-0.17,0.31996495
1993-04-01,0.92,0.32,94.4,-0.03,0.38234293
1993-05-01,0.93,0.3,78.8,-0.12,0.42489192
1993-06-01,0.64,0.31,69.6,-0.13,0.44385293
1993-07-01,0.33,0.27,80.4,-0.17,0.37814993
1993-08-01,0.16,0.18,62.5,-0.22,0.30105594
1993-09-01,0.26,0.19,31.2,-0.18,0.29657495
1993-10-01,0.36,0.26,71.1,0.04,0.27528295
1993-11-01,0.28,0.08,48.2,0.18,0.34328794
1993-12-01,0.19,0.21,68.4,0.13,0.33747393
1994-01-01,0.03,0.23,84.9,0.19,0.38342094
1994-02-01,-0.16,0.06,54.9,0.17,0.39681193
1994-03-01,-0.06,0.3,47.5,0.2,0.41990393
1994-04-01,0.03,0.4,27.4,0.27,0.48928192
1994-05-01,0.14,0.33,29.8,0.4,0.47230294
1994-06-01,0.27,0.43,39.7,0.45,0.46396893
1994-07-01,0.16,0.32,50.6,0.45,0.49615192
1994-08-01,0.52,0.25,34.3,0.39,0.56041694
1994-09-01,0.4,0.35,40.5,0.19,0.54020995
1994-10-01,0.9,0.44,67.1,0.28,0.58021194
1994-11-01,1.14,0.43,29.5,0.27,0.54076296
1994-12-01,1.21,0.39,32.2,0.19,0.52441394
1995-01-01,1.1,0.54,32.6,0.13,0.5278329
1995-02-01,0.87,0.76,45.8,0.06,0.5633429
1995-03-01,0.49,0.51,46.3,-0.04,0.54363096
1995-04-01,0.27,0.5,21.6,0.11,0.55287594
1995-05-01,0.03,0.33,19.4,0,0.46027693
1995-06-01,0.08,0.47,22.5,-0.03,0.6347119
1995-07-01,0.03,0.5,20.4,-0.08,0.66332096
1995-08-01,-0.38,0.53,18.2,0.09,0.685452
1995-09-01,-0.57,0.42,15.7,0.1,0.52453095
1995-10-01,-0.72,0.44,30.6,-0.03,0.52465093
1995-11-01,-0.78,0.46,14,-0.04,0.51412493
1995-12-01,-0.72,0.31,14.9,-0.03,0.53943795
1996-01-01,-0.65,0.28,13.3,0.13,0.44306093
1996-02-01,-0.66,0.49,7.7,0.2,0.41214493
1996-03-01,-0.48,0.38,12.6,0.18,0.40862295
1996-04-01,-0.34,0.34,6.8,0.12,0.42809793
1996-05-01,-0.4,0.33,7.6,0.13,0.45942193
1996-06-01,-0.12,0.3,16.5,0.05,0.5126429
1996-07-01,-0.14,0.38,11.8,0.18,0.45995992
1996-08-01,-0.3,0.45,19.7,0.13,0.5158209
1996-09-01,-0.34,0.29,3,0.23,0.46080592
1996-10-01,-0.28,0.21,0.7,0.36,0.37931594
1996-11-01,-0.3,0.4,24.9,0.23,0.32667094
1996-12-01,-0.43,0.36,14,0.24,0.35476094
1997-01-01,-0.43,0.26,7.4,0.3,0.43564492
1997-02-01,-0.24,0.37,11,0.38,0.5062649
1997-03-01,-0.06,0.52,12.1,0.37,0.52905995
1997-04-01,0.34,0.39,23,0.36,0.50501394
1997-05-01,0.87,0.39,25.4,0.43,0.61424595
1997-06-01,1.15,0.56,20.8,0.65,0.71050996
1997-07-01,1.6,0.43,12.9,0.57,0.763549
1997-08-01,1.94,0.47,35.7,0.7,0.73392797
1997-09-01,2.1,0.61,59.7,0.45,0.73740494
1997-10-01,2.29,0.64,32.8,0.48,0.76997393
1997-11-01,2.42,0.63,50.4,0.49,0.74799097
1997-12-01,2.3,0.58,55.5,0.47,0.74177897
1998-01-01,2.42,0.6,44.5,0.23,0.75564396
1998-02-01,2.08,0.81,50.2,0.18,0.78758395
1998-03-01,1.49,0.64,82,0.18,0.73239297
1998-04-01,0.9,0.72,70.6,0.29,0.762491
1998-05-01,0.68,0.7,74,0.45,0.764407
1998-06-01,-0.39,0.74,90.5,0.41,0.759204
1998-07-01,-0.73,0.71,96.7,0.37,0.835396
1998-08-01,-0.83,0.72,121.1,0.52,0.87153095
1998-09-01,-0.82,0.5,132,0.45,0.61981493
1998-10-01,-1.19,0.44,78.5,0.25,0.61897695
1998-11-01,-1.23,0.45,97.3,0.12,0.61793697
1998-12-01,-1.51,0.58,119.2,0.25,0.56894994
1999-01-01,-1.53,0.47,86,0.11,0.48921493
1999-02-01,-1.41,0.65,98,0.17,0.49551493
1999-03-01,-0.92,0.37,103.5,0.36,0.53222996
1999-04-01,-0.81,0.36,93.6,0.25,0.50270796
1999-05-01,-0.87,0.32,149.6,0.32,0.51973695
1999-06-01,-0.95,0.41,207.2,0.14,0.49625292
1999-07-01,-0.84,0.38,173.5,0.2,0.5049319
1999-08-01,-0.98,0.38,142.3,0.22,0.51756096
1999-09-01,-0.84,0.42,106.3,0.25,0.47095194
1999-10-01,-1.03,0.34,168.7,0.2,0.48287994
1999-11-01,-1.41,0.36,188.3,0.23,0.41963893
1999-12-01,-1.54,0.47,116.8,0.07,0.41676494
2000-01-01,-1.79,0.32,133.1,0.08,0.41116095
2000-02-01,-1.53,0.54,165.7,0.23,0.39515194
2000-03-01,-1.26,0.53,217.7,0.25,0.47014794
2000-04-01,-0.8,0.59,191.5,0.15,0.48511595
2000-05-01,-0.8,0.37,165.9,0.16,0.58393395
2000-06-01,-0.75,0.39,188,0.32,0.51251894
2000-07-01,-0.57,0.41,244.3,0.3,0.54712296
2000-08-01,-0.36,0.44,180.5,0.45,0.64226097
2000-09-01,-0.39,0.45,156,0.52,0.57266694
2000-10-01,-0.55,0.31,141.6,0.47,0.51722795
2000-11-01,-0.75,0.3,158.1,0.4,0.539449
2000-12-01,-0.92,0.3,143.3,0.51,0.45102894
2001-01-01,-0.88,0.46,142.6,0.58,0.46630692
2001-02-01,-0.63,0.44,121.5,0.44,0.48193592
2001-03-01,-0.48,0.55,165.8,0.43,0.562884
2001-04-01,-0.3,0.53,161.7,0.3,0.58148795
2001-05-01,-0.3,0.57,142.1,0.09,0.58838296
2001-06-01,-0.11,0.53,202.9,0.01,0.6531739
2001-07-01,0.01,0.62,123,-0.02,0.69458896
2001-08-01,-0.07,0.54,161.5,0.22,0.73596996
2001-09-01,-0.28,0.55,238.2,0.26,0.686296
2001-10-01,-0.26,0.5,194.1,0.35,0.67963797
2001-11-01,-0.28,0.69,176.6,0.31,0.608085
2001-12-01,-0.46,0.62,213.4,0.21,0.6078879
2002-01-01,-0.14,0.68,184.6,0.25,0.56606895
2002-02-01,0,0.68,170.2,0.19,0.57537895
2002-03-01,0.11,0.83,147.1,0.31,0.62398595
2002-04-01,0.14,0.56,186.9,0.22,0.68470496
2002-05-01,0.21,0.66,187.5,0.27,0.66694194
2002-06-01,0.68,0.59,128.8,0.26,0.698823
2002-07-01,0.57,0.64,161,0.42,0.63770497
2002-08-01,0.7,0.57,175.6,0.62,0.62211996
2002-09-01,0.82,0.61,187.9,0.66,0.62938094
2002-10-01,1.16,0.57,151.2,0.79,0.67627597
2002-11-01,1.41,0.57,147.2,0.51,0.64109594
2002-12-01,1.41,0.51,135.3,0.53,0.69514495
2003-01-01,0.98,0.71,133.5,0.51,0.59703195
2003-02-01,0.64,0.62,75.7,0.46,0.5606579
2003-03-01,0.48,0.59,100.7,0.39,0.6411039
2003-04-01,-0.03,0.58,97.9,0.36,0.5997769
2003-05-01,-0.52,0.6,86.8,0.17,0.675106
2003-06-01,-0.19,0.5,118.7,0.3,0.74208194
2003-07-01,0.14,0.58,128.3,0.37,0.78291297
2003-08-01,0.05,0.65,115.4,0.46,0.890533
2003-09-01,0.15,0.69,78.5,0.44,0.91167694
2003-10-01,0.46,0.75,97.8,0.56,0.82708395
2003-11-01,0.39,0.56,82.9,0.52,0.756632
2003-12-01,0.32,0.73,72.2,0.51,0.6505349
2004-01-01,0.26,0.62,60.6,0.48,0.68451995
2004-02-01,0.17,0.7,74.6,0.31,0.63601196
2004-03-01,-0.1,0.67,74.8,0.47,0.66160893
2004-04-01,0.06,0.62,59.2,0.61,0.76296294
2004-05-01,0.1,0.4,72.8,0.54,0.65979093
2004-06-01,0.14,0.44,66.5,0.59,0.69507295
2004-07-01,0.41,0.37,83.8,0.74,0.80952096
2004-08-01,0.66,0.49,69.7,0.74,0.83968496
2004-09-01,0.67,0.55,48.8,0.73,0.826845
2004-10-01,0.73,0.62,74.2,0.63,0.77103496
2004-11-01,0.62,0.7,70.1,0.52,0.765934
2004-12-01,0.71,0.54,28.9,0.51,0.71214294
2005-01-01,0.56,0.77,48.1,0.48,0.671762
2005-02-01,0.26,0.63,43.5,0.35,0.6341469
2005-03-01,0.28,0.74,39.6,0.27,0.62058794
2005-04-01,0.28,0.69,38.7,0.46,0.70630896
2005-05-01,0.3,0.66,61.9,0.52,0.77552193
2005-06-01,0.22,0.67,56.8,0.59,0.85829794
2005-07-01,-0.01,0.65,62.4,0.63,0.90128696
2005-08-01,-0.04,0.6,60.5,0.69,0.91618395
2005-09-01,-0.08,0.71,37.2,0.63,0.84938395
2005-10-01,-0.15,0.74,13.2,0.67,0.735806
2005-11-01,-0.44,0.77,27.5,0.66,0.68245196
2005-12-01,-0.75,0.72,59.3,0.5,0.556766
2006-01-01,-0.98,0.6,20.9,0.6,0.536657
2006-02-01,-0.71,0.76,5.7,0.52,0.501385
2006-03-01,-0.73,0.65,17.3,0.42,0.47794694
2006-04-01,-0.3,0.55,50.3,0.39,0.60028595
2006-05-01,-0.11,0.55,37.2,0.35,0.60588497
2006-06-01,0.09,0.64,24.5,0.28,0.72761697
2006-07-01,0.03,0.57,22.2,0.26,0.77931494
2006-08-01,0.37,0.71,20.8,0.19,0.871579
2006-09-01,0.63,0.67,23.7,0.39,0.85403395
2006-10-01,0.76,0.69,14.9,0.56,0.855877
2006-11-01,0.98,0.69,35.7,0.54,0.844031
2006-12-01,1.1,0.78,22.3,0.45,0.76928395
2007-01-01,0.59,0.92,29.3,0.43,0.736205
2007-02-01,0.12,0.7,18.4,0.52,0.70598996
2007-03-01,-0.15,0.68,7.2,0.49,0.65837896
2007-04-01,-0.16,0.78,5.4,0.3,0.61901
2007-05-01,-0.39,0.64,19.5,0.44,0.600122
2007-06-01,-0.16,0.6,21.3,0.59,0.69539493
2007-07-01,-0.37,0.59,15.1,0.51,0.70861495
2007-08-01,-0.57,0.57,9.8,0.49,0.72275895
2007-09-01,-1.04,0.6,4,0.48,0.644492
2007-10-01,-1.4,0.6,1.5,0.5,0.6083949
2007-11-01,-1.58,0.57,2.8,0.4,0.525974
2007-12-01,-1.61,0.49,17.3,0.33,0.522917
2008-01-01,-1.79,0.28,4.1,0.24,0.49082994
2008-02-01,-1.7,0.33,2.9,0,0.49673992
2008-03-01,-1.17,0.71,15.5,0.03,0.51989895
2008-04-01,-0.89,0.52,3.6,0.09,0.54562294
2008-05-01,-0.64,0.51,4.6,0.11,0.55322397
2008-06-01,-0.44,0.49,5.2,0.36,0.6552029
2008-07-01,-0.04,0.59,0.6,0.46,0.76156497
2008-08-01,-0.04,0.53,0.3,0.4,0.771114
2008-09-01,-0.28,0.61,1.2,0.36,0.79661596
2008-10-01,-0.3,0.68,4.2,0.56,0.69506097
2008-11-01,-0.37,0.7,6.6,0.46,0.593452
2008-12-01,-0.9,0.59,1,0.49,0.55193096
2009-01-01,-1,0.67,1.3,0.39,0.534915
2009-02-01,-0.71,0.54,1.2,0.43,0.48563194
2009-03-01,-0.72,0.53,0.6,0.52,0.5135279
2009-04-01,-0.25,0.58,1.2,0.7,0.54503393
2009-05-01,0.17,0.63,2.9,0.75,0.62644494
2009-06-01,0.49,0.68,6.3,0.88,0.87100595
2009-07-01,0.69,0.74,5.5,0.83,0.94247395
2009-08-01,0.62,0.71,0,0.91,0.92277694
2009-09-01,0.68,0.76,7.1,0.67,0.75631195
2009-10-01,0.96,0.69,7.7,0.6,0.789283
2009-11-01,1.49,0.76,6.9,0.63,0.705812
2009-12-01,1.81,0.72,16.3,0.43,0.78096396
2010-01-01,1.43,0.76,19.5,0.42,0.74822396
2010-02-01,1.18,0.83,28.5,0.36,0.73903096
2010-03-01,1.07,0.9,24,0.3,0.73675996
2010-04-01,0.56,0.88,10.4,0.4,0.80363494
2010-05-01,-0.15,0.78,13.9,0.41,0.75082695
2010-06-01,-0.62,0.71,18.8,0.5,0.815757
2010-07-01,-0.89,0.68,25.2,0.38,0.920473
2010-08-01,-1.33,0.66,29.6,0.44,0.8875
2010-09-01,-1.56,0.66,36.4,0.43,0.76897496
2010-10-01,-1.65,0.69,33.6,0.49,0.64236695
2010-11-01,-1.57,0.78,34.4,0.33,0.5564569
2010-12-01,-1.63,0.51,24.5,0.33,0.52827096
2011-01-01,-1.7,0.55,27.3,0.38,0.5021849
2011-02-01,-1.26,0.52,48.3,0.34,0.48785993
2011-03-01,-0.98,0.65,78.6,0.37,0.47586495
2011-04-01,-0.74,0.67,76.1,0.41,0.53322893
2011-05-01,-0.53,0.56,58.2,0.47,0.588761
2011-06-01,-0.25,0.62,56.1,0.58,0.684312
2011-07-01,-0.23,0.7,64.5,0.64,0.73830193
2011-08-01,-0.66,0.7,65.8,0.74,0.77553695
2011-09-01,-0.76,0.62,120.1,0.81,0.68348294
2011-10-01,-0.93,0.66,125.7,0.76,0.58553594
2011-11-01,-1.09,0.55,139.1,0.56,0.58843094
2011-12-01,-1.05,0.59,109.3,0.55,0.5694559
2012-01-01,-0.93,0.51,94.4,0.54,0.5855969
2012-02-01,-0.61,0.52,47.8,0.44,0.50155896
2012-03-01,-0.48,0.54,86.6,0.44,0.49089894
2012-04-01,-0.29,0.72,85.9,0.37,0.5602899
2012-05-01,-0.18,0.75,96.5,0.37,0.687521
2012-06-01,0.14,0.7,92,0.33,0.74475497
2012-07-01,0.44,0.64,100.1,0.53,0.851222
2012-08-01,0.66,0.67,94.8,0.5,0.91294193
2012-09-01,0.44,0.75,93.7,0.61,0.87968796
2012-10-01,0.23,0.78,76.5,0.78,0.79661995
2012-11-01,0.33,0.75,87.6,0.57,0.79817194
2012-12-01,-0.13,0.53,56.8,0.4,0.73287195
2013-01-01,-0.42,0.68,96.1,0.33,0.5763419
2013-02-01,-0.4,0.6,60.9,0.27,0.61609894
2013-03-01,-0.14,0.65,78.3,0.2,0.587814
2013-04-01,-0.08,0.6,107.3,0.2,0.65711695
2013-05-01,-0.28,0.66,120.2,0.2,0.720867
2013-06-01,-0.33,0.71,76.7,0.29,0.73945194
2013-07-01,-0.28,0.62,86.2,0.48,0.92777896
2013-08-01,-0.29,0.69,91.8,0.59,0.913413
2013-09-01,-0.09,0.76,54.5,0.6,0.888038
2013-10-01,-0.24,0.68,114.4,0.72,0.80176896
2013-11-01,-0.02,0.79,113.9,0.5,0.795743
2013-12-01,-0.09,0.71,124.2,0.49,0.68827397
2014-01-01,-0.42,0.75,117,0.41,0.64324
2014-02-01,-0.45,0.58,146.1,0.31,0.64502895
2014-03-01,-0.07,0.8,128.7,0.26,0.63548195
2014-04-01,0.28,0.8,112.5,0.29,0.74773496
2014-05-01,0.45,0.83,112.5,0.41,0.851034
2014-06-01,0.48,0.72,102.9,0.4,1.0251839
2014-07-01,0.13,0.66,100.2,0.39,1.097235
2014-08-01,0.14,0.83,106.9,0.48,1.2015759
2014-09-01,0.37,0.85,130,0.71,1.1584749
2014-10-01,0.48,0.79,90,0.72,1.013279
2014-11-01,0.89,0.67,103.6,0.63,0.897082
2014-12-01,0.77,0.81,112.9,0.6,0.85846996
2015-01-01,0.59,0.84,93,0.72,0.798669
2015-02-01,0.57,0.88,66.7,0.64,0.80483794
2015-03-01,0.48,0.94,54.5,0.61,0.76744694
2015-04-01,0.9,0.82,75.3,0.53,0.93215495
2015-05-01,1.04,0.83,88.8,0.63,1.0030519
2015-06-01,1.28,0.87,66.5,0.66,1.061914
2015-07-01,1.56,0.79,65.8,0.68,1.105529
2015-08-01,1.87,0.84,64.4,0.78,1.2347089
2015-09-01,2.01,0.94,78.6,0.78,1.2598529
2015-10-01,2.21,1.07,63.6,0.77,1.2150959
2015-11-01,2.57,1.05,62.2,0.76,1.1788229
2015-12-01,2.56,1.13,58,0.72,1.2048099
2016-01-01,2.56,1.21,57,0.74,1.104239
2016-02-01,2.11,1.34,56.4,0.69,0.95634097
2016-03-01,1.6,1.33,54.1,0.57,0.948437
2016-04-01,1.05,1.14,37.9,0.69,0.964889
2016-05-01,0.45,0.96,51.5,0.62,1.055795
2016-06-01,0.06,0.85,20.5,0.67,1.1244069
2016-07-01,-0.25,0.88,32.4,0.75,1.1928989
2016-08-01,-0.48,1,50.2,0.75,1.1961919
2016-09-01,-0.46,0.96,44.6,0.77,1.1121619
2016-10-01,-0.75,0.87,33.4,0.88,1.0654609
2016-11-01,-0.63,0.93,21.4,0.91,0.890399
2016-12-01,-0.51,0.9,18.5,0.88,0.86072093
2017-01-01,-0.34,1.04,26.1,0.68,0.88756996
2017-02-01,-0.01,1.1,26.4,0.48,0.82617396
2017-03-01,-0.09,1.11,17.7,0.41,0.81487995
2017-04-01,0.22,0.95,32.3,0.37,0.98201096
2017-05-01,0.3,0.91,18.9,0.33,0.94500893
2017-06-01,0.22,0.78,19.2,0.25,1.026073
2017-07-01,0.22,0.86,17.8,0.39,1.1619669
2017-08-01,-0.18,0.88,32.6,0.54,1.1727569
2017-09-01,-0.56,0.87,43.7,0.61,1.0198109
2017-10-01,-0.52,0.92,13.2,0.56,1.0169139
2017-11-01,-0.84,0.89,5.7,0.38,0.95047
2017-12-01,-0.85,0.96,8.2,0.37,0.79436094
2018-01-01,-0.86,0.84,6.8,0.46,0.76057494
2018-02-01,-0.73,0.89,10.7,0.5,0.78220296
2018-03-01,-0.73,0.88,2.5,0.45,0.824928
2018-04-01,-0.36,0.91,8.9,0.39,0.868234
2018-05-01,-0.12,0.84,13.1,0.37,0.92586595
2018-06-01,0.12,0.8,15.6,0.58,0.932988
2018-07-01,0.27,0.85,1.6,0.66,0.90101
2018-08-01,0.05,0.82,8.7,0.74,0.986344
2018-09-01,0.3,0.83,3.3,0.69,1.0445939
2018-10-01,0.84,1.02,4.9,0.66,1.0086769
2018-11-01,1,0.85,4.9,0.63,1.010541
2018-12-01,0.97,0.95,3.1,0.59,0.94438595
2019-01-01,0.51,0.93,7.7,0.72,0.86724794
2019-02-01,0.62,0.92,0.8,0.85,0.85614496
2019-03-01,0.81,1.15,9.4,0.83,0.87385595
2019-04-01,0.67,1.05,9.1,0.86,0.90406597
2019-05-01,0.61,0.91,9.9,0.65,0.93955296
2019-06-01,0.66,0.92,1.2,0.71,1.111367
2019-07-01,0.41,0.93,0.9,0.84,1.2529749
2019-08-01,0.19,0.94,0.5,0.87,1.3145789
2019-09-01,0.11,0.95,1.1,0.71,1.2362499
2019-10-01,0.55,1.02,0.4,0.74,1.157455
2019-11-01,0.74,0.99,0.5,0.66,1.0668589
2019-12-01,0.51,1.12,1.5,0.62,0.96079695
2020-01-01,0.64,1.16,6.2,0.62,1.033662
2020-02-01,0.48,1.21,0.2,0.58,1.0151819
2020-03-01,0.36,1.14,1.5,0.47,1.0122019
2020-04-01,0.49,1.14,5.2,0.61,1.1209699
2020-05-01,-0.12,1,0.2,0.58,1.097057
2020-06-01,-0.21,0.94,5.8,0.59,1.1527519
2020-07-01,-0.04,0.92,6.1,0.63,1.3048569
2020-08-01,-0.42,0.91,7.5,0.69,1.3501229
2020-09-01,-0.66,1,0.6,0.83,1.2224019
2020-10-01,-1.19,0.91,14.6,0.96,1.1111969
2020-11-01,-1.01,1.07,34.5,0.92,1.020358
2020-12-01,-0.98,0.83,23.1,0.82,0.95346
2021-01-01,-1.04,0.83,10.4,0.84,0.79283
2021-02-01,-0.94,0.65,8.2,0.79,0.75308394
2021-03-01,-0.72,0.89,17.2,0.53,0.80994797
2021-04-01,-0.55,0.8,24.5,0.46,0.90842295
2021-05-01,-0.41,0.82,21.2,0.64,0.97849697
2021-06-01,-0.06,0.85,25,0.57,0.998087
2021-07-01,-0.2,0.91,34.3,0.55,1.098967
2021-08-01,-0.38,0.88,22,0.88,1.1086149
2021-09-01,-0.5,0.94,51.3,0.99,1.1752429
2021-10-01,-0.78,0.99,37.4,0.93,1.0800569
2021-11-01,-0.88,0.94,34.8,0.83,0.998706
2021-12-01,-1.07,0.9,67.5,0.7,0.89260995
2022-01-01,-0.77,0.92,55.3,0.76,0.90336096
2022-02-01,-0.68,0.9,60.9,0.74,0.82379097
2022-03-01,-0.84,1.07,78.6,0.87,0.828137
2022-04-01,-0.9,0.89,84,0.94,0.87320095
2022-05-01,-1.02,0.83,96.5,1.07,0.95555097
2022-06-01,-0.77,0.93,70.3,1.27,1.077745
2022-07-01,-0.56,0.91,91.4,1.45,1.118292
2022-08-01,-0.96,0.93,74.6,1.36,1.2149719
2022-09-01,-1.06,0.88,96,1.42,1.2056799
2022-10-01,-0.99,0.96,95.5,1.37,1.0715729
2022-11-01,-0.76,0.75,80.5,1.13,0.99744
2022-12-01,-0.86,0.82,112.8,1.02,1.012376
2023-01-01,-0.78,0.89,144.4,1.07,0.92901695
2023-02-01,-0.62,1.02,111.3,1.16,0.89708394
2023-03-01,-0.13,1.22,123.3,1.19,0.94919795
2023-04-01,0.24,0.99,97.6,1.13,1.08214
2023-05-01,0.47,0.97,137.4,1.38,1.1159849
2023-06-01,0.95,1.08,160.5,1.39,1.2630029
2023-07-01,1.2,1.19,160,1.32,1.4890859
2023-08-01,1.56,1.27,114.8,1.25,1.5370669
2023-09-01,1.65,1.44,134.2,1.22,1.5821099
2023-10-01,1.59,1.37,99.9,1.25,1.4921039
2023-11-01,2.01,1.43,107.1,1.15,1.4350419
2023-12-01,1.81,1.39,113.5,1.11,1.3147279
2024-01-01,1.71,1.31,126,0.98,1.3087709
2024-02-01,1.47,1.41,123,0.86,1.2492079
2024-03-01,1.1,1.34,103.7,0.75,1.191711
2024-04-01,0.93,1.28,137,0.67,1.2459669
2024-05-01,0.41,1.18,172.1,0.73,1.2972829
2024-06-01,0.25,1.22,164.1,0.78,1.3916099
2024-07-01,0.2,1.22,196.8,0.87,1.4491849
2024-08-01,0.02,1.27,216,0.86,1.498758
2024-09-01,-0.11,1.26,141.1,,1.4486909
2024-10-01,-0.24,1.34,165.8,,1.3145459
2024-11-01,-0.05,1.34,154.1,,1.2820269
2024-12-01,-0.58,1.3,154.6,,1.1957439
2025-01-01,-0.76,1.35,137,,1.074456
2025-02-01,-0.39,1.26,155.7,,1.032473
2025-03-01,0.05,1.35,134.2,,1.000127
2025-04-01,-0.08,1.22,140.6,,0.98311895
2025-05-01,-0.08,1.1,79.2,,1.06861
2025-06-01,0.01,1,116.3,,1.2018969
2025-07-01,-0.01,1,130,,
2025-08-01,0.01,1,140,,
