ch_spid,fctngrp
AF01,AF
AF02,AF
AF04,AF
AF05,AF
AF06,AF
AF08,AF
AF09,AF
AF10,AF
AF11,AF
AF12,AF
AF14,AF
AF15,AF
AF16,AF
AF17,AF
AF19,AF
AF20,AF
AF21,AF
ALIN,AF
AMAC2,AF
AMAL,AF
APUN,PF
ARAD,AG
ARPU9,PG
ARTE3,PG
BOAR,AG
BOBA2,AG
BOER4,PG
BORO2,PG
BOSP,AF
CRPO5,PF
CUDI,PF
ELEL5,PG
EPTR,SH
ERAB2,AF
ERCI6,AF
ERLE,PG
GUSA2,PF
HOFFM,PF
HYWI,AF
ISTE2,PF
LEMO2,PF
LOPL2,PF
MAGR10,AF
MOVE,AF
OPUNT,SH
PEPA2,AF
PF01,PF
PF02,PF
PF03,PF
PF06,PF
PF09,PF
PF10,PF
PF11,PF
PF12,PF
PF13,PF
PF15,PF
PF20,PF
PG01,PG
PG03,PG
PHAU13,PF
PLAR,AF
POHA5,AF
POOL,AF
PORTU,AF
POSU3,PF
RUMEX,PF
SATR12,AF
SEBA3,PF
SELE6,PG
SHO2,SH
SIAB,PF
SOEL,PF
SPHAE,PF
STPA4,PF
TILA2,AF
TRTE,AF
URAR,AG
YUEL,SH
ZIGR,PF
