desert,fullplot_name,site,fire_year,reader,recorder,sb_collector,date_coll,soi,plot_num,line,location,overstory,unique_ID,ACHY,AF01,AF03,AF04,ALAL3,ARNO4,ARTE,ARTI,ARTR,BRTE,CASTI2,CHVI8,CREL,CRFL5,CRYPT,ELEL5,EPVI,ERCI6,GRSP,HAGL,HECO26,KRLA2,LARO,PF02,PF04,PF05,POA,SATR12,SH01,SH02,SH03,SPCR,SPHAE,SIAL2,NOTES
GB,GB-OW-CON-1,OW,CON,AJH,AJH,unknown,2018-06-26,ARTR,1,1,10,I,GB-OW-CON-1-1-10-I,,,,,,,,,,,,,,,,,,,,1,,,,,,,77,,,,,,,,
GB,GB-OW-CON-1,OW,CON,AJH,AJH,unknown,2018-06-26,ARTR,1,1,10,S,GB-OW-CON-1-1-10-S,,,,,,,,,40,,,,,,,,,,,,,0.1,,,,,45,,,,,,,,
GB,GB-OW-CON-1,OW,CON,AJH,AJH,unknown,2018-06-26,ARTR,1,1,20,I,GB-OW-CON-1-1-20-I,0.1,,,,,,,,3,,,,,,,,,,,,,,,,,,2,,,,,,,,
GB,GB-OW-CON-1,OW,CON,AJH,AJH,unknown,2018-06-26,ARTR,1,1,20,S,GB-OW-CON-1-1-20-S,,,,,,,,,50,,,,,,,,,,,,,2,,,,,48,,,,,,,,
GB,GB-OW-CON-1,OW,CON,AJH,AJH,unknown,2018-06-26,ARTR,1,2,10,I,GB-OW-CON-1-2-10-I,,,,,,,,,,,,,,,,0.1,,,,,,6,,,,,18,,,,,,,,
GB,GB-OW-CON-1,OW,CON,AJH,AJH,unknown,2018-06-26,ARTR,1,2,10,S,GB-OW-CON-1-2-10-S,,,,,,,,,42,,,,,,,,,,,,,3,,,,,40,,,,,,,,
GB,GB-OW-CON-1,OW,CON,AJH,AJH,unknown,2018-06-26,ARTR,1,2,20,I,GB-OW-CON-1-2-20-I,,,,,,,,,3,,,,,,,,,,,,,,,,,,2,,1,,,,,,
GB,GB-OW-CON-1,OW,CON,AJH,AJH,unknown,2018-06-26,ARTR,1,2,20,S,GB-OW-CON-1-2-20-S,,,,,,,,,52,,,,,,,,,,,,,,,,,,0.1,,3,,,,,,"*missing value in data for POASP. We entered a value of ""trace"" to be conservative and acknowledge that it was present at the site."
GB,GB-OW-CON-1,OW,CON,AJH,AJH,unknown,2018-06-26,ARTR,1,3,10,I,GB-OW-CON-1-3-10-I,,,,,,,,,2,,,,,,,,,,,,,1,,,,,10,,,,,,,,
GB,GB-OW-CON-1,OW,CON,AJH,AJH,unknown,2018-06-26,ARTR,1,3,10,S,GB-OW-CON-1-3-10-S,1,,,,,,,,65,0.1,,,,,,,,,,,,,,,,,3,,,,,,,,
GB,GB-OW-CON-1,OW,CON,AJH,AJH,unknown,2018-06-26,ARTR,1,3,20,I,GB-OW-CON-1-3-20-I,,,,,,,,,,,,,,,,,,,,,,6,,,,,22,,,,,,,,
GB,GB-OW-CON-1,OW,CON,AJH,AJH,unknown,2018-06-26,ARTR,1,3,20,S,GB-OW-CON-1-3-20-S,,,,,,,,,60,,,,,,,,,,,,,,,,,,42,,,,,,,,
GB,GB-OW-CON-2,OW,CON,AJH,AJH,unknown,N/A,ARNO?,2,1,10,I,GB-OW-CON-2-1-10-I,,,,,,9,,,,,,,,,,,,,,,,,,,,,,,,,0.1,,,,
GB,GB-OW-CON-2,OW,CON,AJH,AJH,unknown,N/A,ARNO?,2,1,10,S,GB-OW-CON-2-1-10-S,,,,,,57,,,,,,,,,,,,,,,,,,,,,,,,,0.1,,,,
GB,GB-OW-CON-2,OW,CON,AJH,AJH,unknown,N/A,ARNO?,2,1,20,I,GB-OW-CON-2-1-20-I,,,,,,,,,5,,,,,,0.1,,,,,,,,,,,,,,,,,,,,
GB,GB-OW-CON-2,OW,CON,AJH,AJH,unknown,N/A,ARNO?,2,1,20,S,GB-OW-CON-2-1-20-S,,,,,,57,,,,,,,,,,,,,,,,,,,,,,,,,,,,,
GB,GB-OW-CON-2,OW,CON,AJH,AJH,unknown,N/A,ARNO?,2,2,10,I,GB-OW-CON-2-2-10-I,0.1,,,,,9,,,,,,,,,,,,,,,,,,,,,0.1,,,,0.1,,,,"*missing value in data for POASP. We entered a value of ""trace"" to be conservative and acknowledge that it was present at the site."
GB,GB-OW-CON-2,OW,CON,AJH,AJH,unknown,N/A,ARNO?,2,2,10,S,GB-OW-CON-2-2-10-S,,,0.1,,,32,,,,,,,,,,,,,,,,,,,,,0.1,,,,,,,,
GB,GB-OW-CON-2,OW,CON,AJH,AJH,unknown,N/A,ARNO?,2,2,20,I,GB-OW-CON-2-2-20-I,,,0.1,,,19,,,,,,,,,,2,,,,,,1,,,,,1,,,,,,,,*high shrub cover in the interspace
GB,GB-OW-CON-2,OW,CON,AJH,AJH,unknown,N/A,ARNO?,2,2,20,S,GB-OW-CON-2-2-20-S,0.1,,,,,28,,,,,,,,,,,,,,,,,,,,,1,,,,0.1,,,,
GB,GB-OW-CON-2,OW,CON,AJH,AJH,unknown,N/A,ARNO?,2,3,10,I,GB-OW-CON-2-3-10-I,0.1,,0.1,,,32,,,,,,,,,,,,,,,,,,,,,,,,,,,,,*high shrub cover in the interspace
GB,GB-OW-CON-2,OW,CON,AJH,AJH,unknown,N/A,ARNO?,2,3,10,S,GB-OW-CON-2-3-10-S,,,,,,22,,,,,,,,,,,,,,,,,,,,,3,,,,0.1,,,,
GB,GB-OW-CON-2,OW,CON,AJH,AJH,unknown,N/A,ARNO?,2,3,20,I,GB-OW-CON-2-3-20-I,0.1,,,,,7,,,,,,,,,,,,,,,,,,,,,,,,,,,,,
GB,GB-OW-CON-2,OW,CON,AJH,AJH,unknown,N/A,ARNO?,2,3,20,S,GB-OW-CON-2-3-20-S,0.1,,0.1,,,36,,,,,,,,,,1,,,,,,,,,,,,,,,,,,,
GB,GB-OW-CON-3,OW,CON,AJH,AJH,unknown,N/A,ARTR,3,1,10,I,GB-OW-CON-3-1-10-I,,,,,,,,,3,,,,,,,1,,,,,,,,,,,1,,,,,,,,
GB,GB-OW-CON-3,OW,CON,AJH,AJH,unknown,N/A,ARTR,3,1,10,S,GB-OW-CON-3-1-10-S,,,,,,,,,66,,,,,,,1,,,,,,,,,,,,,,,,,,,
GB,GB-OW-CON-3,OW,CON,AJH,AJH,unknown,N/A,ARTR,3,1,20,I,GB-OW-CON-3-1-20-I,0.1,,,,,,,,4,,,,,,,,,,,,,,,,,,,,,,,,,,
GB,GB-OW-CON-3,OW,CON,AJH,AJH,unknown,N/A,ARTR,3,1,20,S,GB-OW-CON-3-1-20-S,,,0.1,,,,,,98,0.1,,,,,,,,,,,,,,,,,,,,,,,,,
GB,GB-OW-CON-3,OW,CON,AJH,AJH,unknown,N/A,ARTR,3,2,10,I,GB-OW-CON-3-2-10-I,,,,,,,,,0.1,0.1,,,,,,,,,,,,,,,,,1,,,,,,,,
GB,GB-OW-CON-3,OW,CON,AJH,AJH,unknown,N/A,ARTR,3,2,10,S,GB-OW-CON-3-2-10-S,,,,,,,,,20,,,,,,,,,,,,,,,,,,0.1,,,,,,,,"*missing value in data for POASP. We entered a value of ""trace"" to be conservative and acknowledge that it was present at the site."
GB,GB-OW-CON-3,OW,CON,AJH,AJH,unknown,N/A,ARTR,3,2,20,I,GB-OW-CON-3-2-20-I,,,0.1,,,,,,1,0.1,,,,,,,,,,,,,,,,,,,,,,,,,
GB,GB-OW-CON-3,OW,CON,AJH,AJH,unknown,N/A,ARTR,3,2,20,S,GB-OW-CON-3-2-20-S,,,,,,,,,19,,,,,,,0.1,,,,,,,,,,,,,,,,,,,
GB,GB-OW-CON-3,OW,CON,AJH,AJH,unknown,N/A,ARTR,3,3,10,I,GB-OW-CON-3-3-10-I,1,,,,,,,,6,,,,,,,,,,,,,,,,,,1,,,,,,,,
GB,GB-OW-CON-3,OW,CON,AJH,AJH,unknown,N/A,ARTR,3,3,10,S,GB-OW-CON-3-3-10-S,,,,,,,,,40,,,,,,,,,,,,,,,,,,3,,,,,,,,
GB,GB-OW-CON-3,OW,CON,AJH,AJH,unknown,N/A,ARTR,3,3,20,I,GB-OW-CON-3-3-20-I,,,,,,,,,0.1,,,,,,,,,,,,,,,,,,,,,,,,,,
GB,GB-OW-CON-3,OW,CON,AJH,AJH,unknown,N/A,ARTR,3,3,20,S,GB-OW-CON-3-3-20-S,,,,,,,,,53,,,,,,,,,,,,,,,,,,,,1,,,,,,
GB,GB-OW-01-1,OW,2001,AJH,AJH,unknown,2018-06-26,ARTR,1,1,10,I,GB-OW-01-1-1-10-I,,,,,0.1,,,,,,,,,,,20,,,,,,,,,,,2,,,,,,,,
GB,GB-OW-01-1,OW,2001,AJH,AJH,unknown,2018-06-26,ARTR,1,1,10,S,GB-OW-01-1-1-10-S,,,,,,,,,63,0.1,,,,,,5,,,,,,,,,,,0.1,,,,,,,,animal hole under shrub
GB,GB-OW-01-1,OW,2001,AJH,AJH,unknown,2018-06-26,ARTR,1,1,20,I,GB-OW-01-1-1-20-I,,,,,0.1,,,,,0.1,,,,,,60,,,,,,,,,,,1,,,,0.1,,,,
GB,GB-OW-01-1,OW,2001,AJH,AJH,unknown,2018-06-26,ARTR,1,1,20,S,GB-OW-01-1-1-20-S,,,,,0.1,,,,10,0.1,,,,,,7,,,,,,,,,,,3,,,,,,,,
GB,GB-OW-01-1,OW,2001,AJH,AJH,unknown,2018-06-26,ARTR,1,2,10,I,GB-OW-01-1-2-10-I,,,,,0.1,,,,,0.1,,,,,,17,,,,,,,,,,,,,2,,1,,,,
GB,GB-OW-01-1,OW,2001,AJH,AJH,unknown,2018-06-26,ARTR,1,2,10,S,GB-OW-01-1-2-10-S,,,,,,,,,26,1,,,,,,11,,,,,,,,,,,0.1,,,,1,,,,
GB,GB-OW-01-1,OW,2001,AJH,AJH,unknown,2018-06-26,ARTR,1,2,20,I,GB-OW-01-1-2-20-I,0.1,,,,,,,,,,,,,,,53,,,,,,,,,,,,,,,,,,,
GB,GB-OW-01-1,OW,2001,AJH,AJH,unknown,2018-06-26,ARTR,1,2,20,S,GB-OW-01-1-2-20-S,,,,,,,,,16,0.1,,,,,,15,,,,,,,,,,,,,,,,,,,
GB,GB-OW-01-1,OW,2001,AJH,AJH,unknown,2018-06-26,ARTR,1,3,10,I,GB-OW-01-1-3-10-I,,,,,,,,,,4,,,,,,,,,,13,,,1,,,,2,,,,,,,,
GB,GB-OW-01-1,OW,2001,AJH,AJH,unknown,2018-06-26,ARTR,1,3,10,S,GB-OW-01-1-3-10-S,,,,,,,,,23,,,,,,,3,,,,,,,,,,,10,,,,,,,,
GB,GB-OW-01-1,OW,2001,AJH,AJH,unknown,2018-06-26,ARTR,1,3,20,I,GB-OW-01-1-3-20-I,,,,,,,,,,0.1,,,,,,,,,,,,,,,,,26,,,,0.1,,,,
GB,GB-OW-01-1,OW,2001,AJH,AJH,unknown,2018-06-26,ARTR,1,3,20,S,GB-OW-01-1-3-20-S,,,,,,,,,23,,,,,,,2,,,,,,,,,,,8,,,,1,,,,
GB,GB-OW-01-2,OW,2001,AJH,AJH,unknown,2018-06-26,ARTR,2,1,10,I,GB-OW-01-2-1-10-I,,,,,0.1,,,,,2,,0.1,,,,9,,,,0.1,,,,,,,0.1,,,,,,,,
GB,GB-OW-01-2,OW,2001,AJH,AJH,unknown,2018-06-26,ARTR,2,1,10,S,GB-OW-01-2-1-10-S,,,,,,,,,65,9,,,,,,3,,,,,,,,,,,,,,,,,,,animal hole under shrub
GB,GB-OW-01-2,OW,2001,AJH,AJH,unknown,2018-06-26,ARTR,2,1,20,I,GB-OW-01-2-1-20-I,,,,,,,,,,2,,,,,,2,,,,1,,,,,,,9,,,,,,,,
GB,GB-OW-01-2,OW,2001,AJH,AJH,unknown,2018-06-26,ARTR,2,1,20,S,GB-OW-01-2-1-20-S,,,,,,,,,16,22,,,,,,3,,,,2,,,0.1,,,,,,,,,,,,
GB,GB-OW-01-2,OW,2001,AJH,AJH,unknown,2018-06-26,ARTR,2,2,10,I,GB-OW-01-2-2-10-I,,,,,,,,,,41,,,,,,0.1,,,,4,,,0.1,,,,,,,,,,,,
GB,GB-OW-01-2,OW,2001,AJH,AJH,unknown,2018-06-26,ARTR,2,2,10,S,GB-OW-01-2-2-10-S,,,,,,,,,17,0.1,,,,,,2,,,,0.1,,,0.1,,,,,,,,,,,,
GB,GB-OW-01-2,OW,2001,AJH,AJH,unknown,2018-06-26,ARTR,2,2,20,I,GB-OW-01-2-2-20-I,,,,,,,,,,40,,,,,,2,,,,0.1,,,,,,,,,,,,,,,
GB,GB-OW-01-2,OW,2001,AJH,AJH,unknown,2018-06-26,ARTR,2,2,20,S,GB-OW-01-2-2-20-S,,,,,,,,,24,2,,,,,,1,,,,0.1,,,,,,,,0.1,,,,,,,animal hole under shrub
GB,GB-OW-01-2,OW,2001,AJH,AJH,unknown,2018-06-26,ARTR,2,3,10,I,GB-OW-01-2-3-10-I,,,,,0.1,,,,,1,,,,,,8,,,,,,,,,,,,0.1,,,1,,,,
GB,GB-OW-01-2,OW,2001,AJH,AJH,unknown,2018-06-26,ARTR,2,3,10,S,GB-OW-01-2-3-10-S,,,,,,,,,13,0.1,,,,,,9,,,,,,,,,,,,,,,,,,,
GB,GB-OW-01-2,OW,2001,AJH,AJH,unknown,2018-06-26,ARTR,2,3,20,I,GB-OW-01-2-3-20-I,,,,,,,,,,1,,,,,,7,,,,,,,,,,,0.1,,,,,,,,
GB,GB-OW-01-2,OW,2001,AJH,AJH,unknown,2018-06-26,ARTR,2,3,20,S,GB-OW-01-2-3-20-S,,,,,,,,,9,0.1,,,,,,3,,,,,,,,,,,3,,,,,,,,
GB,GB-OW-01-3,OW,2001,AJH,AJH,unknown,2018-06-26,ARTR,3,1,10,I,GB-OW-01-3-1-10-I,,,,,,,,,,0.1,,,,,,23,,,,,,,,,,,1,,,,1,,,,
GB,GB-OW-01-3,OW,2001,AJH,AJH,unknown,2018-06-26,ARTR,3,1,10,S,GB-OW-01-3-1-10-S,1,,,,,,,,20,,,,,,,18,,,,,,,,,,,1,,,0.1,,,,,
GB,GB-OW-01-3,OW,2001,AJH,AJH,unknown,2018-06-26,ARTR,3,1,20,I,GB-OW-01-3-1-20-I,,,,,,,,,,,,,,,,4,,,,,,,,,,,3,,,1,,,,,
GB,GB-OW-01-3,OW,2001,AJH,AJH,unknown,2018-06-26,ARTR,3,1,20,S,GB-OW-01-3-1-20-S,,,,,,,,,38,,,,,,,6,,,,,,,,,,,3,,,,,,,,
GB,GB-OW-01-3,OW,2001,AJH,AJH,unknown,2018-06-26,ARTR,3,2,10,I,GB-OW-01-3-2-10-I,,,,,,,,,,0.1,,,,,,18,,,,,,,,,,,,,,,,,,,
GB,GB-OW-01-3,OW,2001,AJH,AJH,unknown,2018-06-26,ARTR,3,2,10,S,GB-OW-01-3-2-10-S,,,,,,,,,28,1,,,,,,5,,,,,,,,,,,1,0.1,,,,,,,
GB,GB-OW-01-3,OW,2001,AJH,AJH,unknown,2018-06-26,ARTR,3,2,20,I,GB-OW-01-3-2-20-I,,,,,,,,,,1,,,,,,9,,,,0.1,,,,,,,,0.1,,,,,,,
GB,GB-OW-01-3,OW,2001,AJH,AJH,unknown,2018-06-26,ARTR,3,2,20,S,GB-OW-01-3-2-20-S,,,,,,,,,32,1,,,,,,5,,,,,,,,,,,,,,,,,,,
GB,GB-OW-01-3,OW,2001,AJH,AJH,unknown,2018-06-26,ARTR,3,3,10,I,GB-OW-01-3-3-10-I,,,,,0.1,,,,,2,,,,,,2,,,,0.1,,,0.1,,,,0.1,0.1,,,,,,,
GB,GB-OW-01-3,OW,2001,AJH,AJH,unknown,2018-06-26,ARTR,3,3,10,S,GB-OW-01-3-3-10-S,,,,,,,,,21,1,,,,,,2,,,,,,,,,,,3,,,,,,,,
GB,GB-OW-01-3,OW,2001,AJH,AJH,unknown,2018-06-26,ARTR,3,3,20,I,GB-OW-01-3-3-20-I,,,,,,,,,,22,,,,,,4,,,,0.1,,,,,,,0.1,0.1,,,,,,,
GB,GB-OW-01-3,OW,2001,AJH,AJH,unknown,2018-06-26,ARTR,3,3,20,S,GB-OW-01-3-3-20-S,0.1,,,,,,,,16,4,,,,,,6,,,,0.1,,,,,,,0.1,0.1,,,,,,,
GB,GB-RAD-CON-1,RAD,CON,AJH,AJH,unknown,2018-06-23,ARTR,1,1,10,I,GB-RAD-CON-1-1-10-I,,,,,,,,,,90,,,,,,,,,12,,,,,,,,,,,,,,,,
GB,GB-RAD-CON-1,RAD,CON,AJH,AJH,unknown,2018-06-23,ARTR,1,1,10,S,GB-RAD-CON-1-1-10-S,,,,,,,,,82,10,,,,,,,,,,,,,,,,,2,,,,,,,,
GB,GB-RAD-CON-1,RAD,CON,AJH,AJH,unknown,2018-06-23,ARTR,1,1,20,I,GB-RAD-CON-1-1-20-I,,,,,,,,,8,3,,,,,,,,,,,,,,,,,,,,,,,,,
GB,GB-RAD-CON-1,RAD,CON,AJH,AJH,unknown,2018-06-23,ARTR,1,1,20,S,GB-RAD-CON-1-1-20-S,,,,,0.1,,,,60,85,,,,,,,,,3,,,,,,,,,,,,,,,,
GB,GB-RAD-CON-1,RAD,CON,AJH,AJH,unknown,2018-06-23,ARTR,1,2,10,I,GB-RAD-CON-1-2-10-I,,,,,,,,,5,3,,,,,,,,,,,,,,,,,,,,,,,,,
GB,GB-RAD-CON-1,RAD,CON,AJH,AJH,unknown,2018-06-23,ARTR,1,2,10,S,GB-RAD-CON-1-2-10-S,,,,,,,,,58,20,,,,,,,,,,,,,,0.1,,,,,,,,,,,
GB,GB-RAD-CON-1,RAD,CON,AJH,AJH,unknown,2018-06-23,ARTR,1,2,20,I,GB-RAD-CON-1-2-20-I,,,,,0.1,,,,,9,,,,,,,,,4,,,,,,,,,,,,,,,,
GB,GB-RAD-CON-1,RAD,CON,AJH,AJH,unknown,2018-06-23,ARTR,1,2,20,S,GB-RAD-CON-1-2-20-S,,,,,,,,,78,25,,,,,,,,,,,,,,,,,,,,,,,,,
GB,GB-RAD-CON-1,RAD,CON,AJH,AJH,unknown,2018-06-23,ARTR,1,3,10,I,GB-RAD-CON-1-3-10-I,,,,,,,,,,0.1,,,,,,,,,,,,,,,,,,,,,,,,,
GB,GB-RAD-CON-1,RAD,CON,AJH,AJH,unknown,2018-06-23,ARTR,1,3,10,S,GB-RAD-CON-1-3-10-S,,,,,,,,,74,11,,,,,,,,,,,,,,,,,,,,,,,,,
GB,GB-RAD-CON-1,RAD,CON,AJH,AJH,unknown,2018-06-23,ARTR,1,3,20,I,GB-RAD-CON-1-3-20-I,,,,,1,,,,1,35,,,,,,,,,,,,,,,,,,,,,,,,,
GB,GB-RAD-CON-1,RAD,CON,AJH,AJH,unknown,2018-06-23,ARTR,1,3,20,S,GB-RAD-CON-1-3-20-S,,,,,,,,,88,11,,,,,,2,,,,,,,,,,,,,,,,,,,
GB,GB-RAD-CON-2,RAD,CON,AJH,AJH,unknown,2018-06-23,ARTR,2,1,10,I,GB-RAD-CON-2-1-10-I,,,,,,,,,3,2,,,,,,1,,,,,,,,,,,0.1,,,3,,,,,
GB,GB-RAD-CON-2,RAD,CON,AJH,AJH,unknown,2018-06-23,ARTR,2,1,10,S,GB-RAD-CON-2-1-10-S,2,,,,,,,,53,0.1,,,,,,,5,,,,,,,,,,2,,,,,,,,
GB,GB-RAD-CON-2,RAD,CON,AJH,AJH,unknown,2018-06-23,ARTR,2,1,20,I,GB-RAD-CON-2-1-20-I,,,,,,,,,3,,,,,,,,,,,,,,,,,,1,,,1,,,,,
GB,GB-RAD-CON-2,RAD,CON,AJH,AJH,unknown,2018-06-23,ARTI,2,1,20,S,GB-RAD-CON-2-1-20-S,,,,,,,,65,,,,,,,,,,,,,,,,,,,3,,,,,,,,
GB,GB-RAD-CON-2,RAD,CON,AJH,AJH,unknown,2018-06-23,ARTR,2,2,10,I,GB-RAD-CON-2-2-10-I,,,,,,,,,,0.1,,,,,,,,,,,,,,0.1,,,,,,1,,,,,
GB,GB-RAD-CON-2,RAD,CON,AJH,AJH,unknown,2018-06-23,ARTR,2,2,10,S,GB-RAD-CON-2-2-10-S,,,,,,,,,87,0.1,,,,,,,,,,,,,,,,,,,,,,,,,
GB,GB-RAD-CON-2,RAD,CON,AJH,AJH,unknown,2018-06-23,ARTR,2,2,20,I,GB-RAD-CON-2-2-20-I,2,,,,,,,,3,0.1,,,,,,,,,,,,,,,0.1,,1,,,,,,,,
GB,GB-RAD-CON-2,RAD,CON,AJH,AJH,unknown,2018-06-23,ARTR,2,2,20,S,GB-RAD-CON-2-2-20-S,0.1,,,,,,,,50,0.1,,,,,,,,,,,,,,1,1,,2,,,,,,,,
GB,GB-RAD-CON-2,RAD,CON,AJH,AJH,unknown,2018-06-23,ARTR,2,3,10,I,GB-RAD-CON-2-3-10-I,,,,,,,,,23,1,,,,,,,,,,,,,,0.1,,,,,,,,,,,*high shrub cover in the interspace
GB,GB-RAD-CON-2,RAD,CON,AJH,AJH,unknown,2018-06-23,ARTR,2,3,10,S,GB-RAD-CON-2-3-10-S,2,,,,,,,,60,6,,,,2,,,,,,,,,,,,,,,,,,,,,
GB,GB-RAD-CON-2,RAD,CON,AJH,AJH,unknown,2018-06-23,ARTR,2,3,20,I,GB-RAD-CON-2-3-20-I,,,,,,,,,4,1,,,,,,,,,,,,,,0.1,,,2,,2,,,,,,
GB,GB-RAD-CON-2,RAD,CON,AJH,AJH,unknown,2018-06-23,ARTR,2,3,20,S,GB-RAD-CON-2-3-20-S,,,,,,,,,38,0.1,,,,,,,,,,,,,,,,,3,,2,,,,,,
GB,GB-RAD-CON-3,RAD,CON,AJH,AJH,unknown,N/A,ARTR,3,1,10,I,GB-RAD-CON-3-1-10-I,,,,,,,,,9,0.1,,,,,,,,,,,,,,,,,,,,,,,,,
GB,GB-RAD-CON-3,RAD,CON,AJH,AJH,unknown,N/A,ARTR,3,1,10,S,GB-RAD-CON-3-1-10-S,1,,,0.1,,,,,30,0.1,,,1,,,,,,,,,,,0.1,,,,,,,,,,,
GB,GB-RAD-CON-3,RAD,CON,AJH,AJH,unknown,N/A,ARTR,3,1,20,I,GB-RAD-CON-3-1-20-I,,,,,,,,,2,2,,,,,,,,,,,,,,,,,0.1,,,,,,,,slightly out of plot @ 28.5 m
GB,GB-RAD-CON-3,RAD,CON,AJH,AJH,unknown,N/A,ARTR,3,1,20,S,GB-RAD-CON-3-1-20-S,2,,,,,,,,89,18,,,,,,,,,,,,,,,,,,,,,,,,,
GB,GB-RAD-CON-3,RAD,CON,AJH,AJH,unknown,N/A,ARTR,3,2,10,I,GB-RAD-CON-3-2-10-I,,,,,,,,,2,1,,,,,,,,,,,,,,,,,,,,0.1,,,,,
GB,GB-RAD-CON-3,RAD,CON,AJH,AJH,unknown,N/A,ARTR,3,2,10,S,GB-RAD-CON-3-2-10-S,0.1,,,,,,,,57,3,0.5,,,,,,,,,,,,,,,,,,,2,,,,,
GB,GB-RAD-CON-3,RAD,CON,AJH,AJH,unknown,N/A,ARTR,3,2,20,I,GB-RAD-CON-3-2-20-I,0.1,,,,,,,,0.1,0.1,,,,,,,,,,,,,,,,,,,,,,,,,
GB,GB-RAD-CON-3,RAD,CON,AJH,AJH,unknown,N/A,ARTR,3,2,20,S,GB-RAD-CON-3-2-20-S,2,,,,,,,,26,0.1,,,,1,,,,,,,,,,,,,,,,,,,,,
GB,GB-RAD-CON-3,RAD,CON,AJH,AJH,unknown,N/A,ARTR,3,3,10,I,GB-RAD-CON-3-3-10-I,,,,,,,,,4,0.1,,,,,,,,,,,,,,,,,,,,,,,,,
GB,GB-RAD-CON-3,RAD,CON,AJH,AJH,unknown,N/A,ARTR,3,3,10,S,GB-RAD-CON-3-3-10-S,,,,,,,,,40,0.1,2,,,,,,,,,,,,,1,,0.1,,,,2,,,,,
GB,GB-RAD-CON-3,RAD,CON,AJH,AJH,unknown,N/A,ARTR,3,3,20,I,GB-RAD-CON-3-3-20-I,,,,,,,0.1,,,2,,,,,,,,,,,,,,,,,,,,,,,,,
GB,GB-RAD-CON-3,RAD,CON,AJH,AJH,unknown,N/A,ARTR,3,3,20,S,GB-RAD-CON-3-3-20-S,,,,,,,,,68,22,,,,,,,,,,,,,,,,,,,,,,,,,
GB,GB-RAD-84-1,RAD,1984,AJH,AJH,unknown,N/A,ARTR,1,1,10,I,GB-RAD-84-1-1-10-I,,,,,1,,,,,58,,,,,,,,3,,,,,0.1,,,,,,,,,,,,
GB,GB-RAD-84-1,RAD,1984,AJH,AJH,unknown,N/A,ARTR,1,1,10,S,GB-RAD-84-1-1-10-S,,,,,,,,,53,78,,,,,,,,1,,,,,,,,,,,,,,,0.1,,
GB,GB-RAD-84-1,RAD,1984,AJH,AJH,unknown,N/A,ARTR,1,1,20,I,GB-RAD-84-1-1-20-I,,,,,0.1,,,,,45,,,,,,,,30,,,,,,,,,,,,,,,1,,
GB,GB-RAD-84-1,RAD,1984,AJH,AJH,unknown,N/A,ARTR,1,1,20,S,GB-RAD-84-1-1-20-S,,,,,,,,,90,20,,,,,,,,,,,,,,,,,,,,,,,,,
GB,GB-RAD-84-1,RAD,1984,AJH,AJH,unknown,N/A,ARTR,1,2,10,I,GB-RAD-84-1-2-10-I,,,,,,,,,,65,,,,,,,,30,,,,,,,,,,,,,,1,,,
GB,GB-RAD-84-1,RAD,1984,AJH,AJH,unknown,N/A,ARTR,1,2,10,S,GB-RAD-84-1-2-10-S,,,,,,,,,98,11,,,,,,,,2,,,,,,,,,,,,,,,,,
GB,GB-RAD-84-1,RAD,1984,AJH,AJH,unknown,N/A,ARTR,1,2,20,I,GB-RAD-84-1-2-20-I,,,,,,,,,,74,,,,,,,,24,,,,,,,,,,,,,,,,,
GB,GB-RAD-84-1,RAD,1984,AJH,AJH,unknown,N/A,ARTR,1,2,20,S,GB-RAD-84-1-2-20-S,,,,,0.1,,,,48,40,,,,,,,,10,,,,,,,,,,,,,,,,,
GB,GB-RAD-84-1,RAD,1984,AJH,AJH,unknown,N/A,ARTR,1,3,10,I,GB-RAD-84-1-3-10-I,,,,,2,,,,,12,,,,,,,,,,,,,1,,,,,,,,,,,,
GB,GB-RAD-84-1,RAD,1984,AJH,AJH,unknown,N/A,ARTR,1,3,10,S,GB-RAD-84-1-3-10-S,,,,,,,,,89,43,,,,,,,,,,,,,,,,,,,,,,,,,
GB,GB-RAD-84-1,RAD,1984,AJH,AJH,unknown,N/A,ARTR,1,3,20,I,GB-RAD-84-1-3-20-I,,,,,1,,,,0.1,17,,,,,,,,,,,,,0.1,,,,,,,,,,,,
GB,GB-RAD-84-1,RAD,1984,AJH,AJH,unknown,N/A,ARTR,1,3,20,S,GB-RAD-84-1-3-20-S,,,,,0.1,,,,63,81,,,,,,,,,,,,,,,,,,,,,,,0.1,,
GB,GB-RAD-84-2,RAD,1984,AJH,AJH,unknown,N/A,ARTR,2,1,10,I,GB-RAD-84-2-1-10-I,,0.1,,,,,,,,55,,,,,,,,,,,3,,,,,,,,,,,0.1,,,
GB,GB-RAD-84-2,RAD,1984,AJH,AJH,unknown,N/A,ARTR,2,1,10,S,GB-RAD-84-2-1-10-S,,,,,,,,,77,16,,,,,,,,,,,0.1,,,,,,,,,,,,,,
GB,GB-RAD-84-2,RAD,1984,AJH,AJH,unknown,N/A,ARTR,2,1,20,I,GB-RAD-84-2-1-20-I,,,,,,,,,,60,,,,,,,,,,,3,,,,,,,,,,,,0.1,,
GB,GB-RAD-84-2,RAD,1984,AJH,AJH,unknown,N/A,ARTR,2,1,20,S,GB-RAD-84-2-1-20-S,,,,,,,,,46,63,,,,,,,,,,,6,,,,,,,,,,,,,,
GB,GB-RAD-84-2,RAD,1984,AJH,AJH,unknown,N/A,ARTR,2,2,10,I,GB-RAD-84-2-2-10-I,,,,,,,,,,32,,,,,,,,29,,,4,,,,,,,,,,,,,,
GB,GB-RAD-84-2,RAD,1984,AJH,AJH,unknown,N/A,ARTR,2,2,10,S,GB-RAD-84-2-2-10-S,,,,,,,,,83,72,,,,,,,,,,,7,,,,,,,,,,,,,,
GB,GB-RAD-84-2,RAD,1984,AJH,AJH,unknown,N/A,ARTR,2,2,20,I,GB-RAD-84-2-2-20-I,,,,,0.1,,,,,73,,,,,,,,,,,3,,,,,,,,,,,,,,
GB,GB-RAD-84-2,RAD,1984,AJH,AJH,unknown,N/A,ARTR,2,2,20,S,GB-RAD-84-2-2-20-S,,,,,,,,,92,17,,,,,,,,,,,2,,,,,,,,,,,,,,
GB,GB-RAD-84-2,RAD,1984,AJH,AJH,unknown,N/A,ARTR,2,3,10,I,GB-RAD-84-2-3-10-I,,,,,,,,,,36,,,,,,,,31,,,2,,,,,,,,,,,,,,
GB,GB-RAD-84-2,RAD,1984,AJH,AJH,unknown,N/A,ARTR,2,3,10,S,GB-RAD-84-2-3-10-S,,,,,,,,,62,47,,,,,,,,,,,2,,,,,,,,,,,,,,
GB,GB-RAD-84-2,RAD,1984,AJH,AJH,unknown,N/A,ARTR,2,3,20,I,GB-RAD-84-2-3-20-I,,,,,,,,,,87,,,,,,,,,,,6,,,,,,1,,,,,,,,
GB,GB-RAD-84-2,RAD,1984,AJH,AJH,unknown,N/A,ARTR,2,3,20,S,GB-RAD-84-2-3-20-S,,,,,,,,,99,5,,,,,,,,,,,4,,,,,,,,,,,,,,
GB,GB-RAD-84-3,RAD,1984,AJH,AJH,unknown,2018-06-27,ARTR,3,1,10,I,GB-RAD-84-3-1-10-I,,,,,,,,,,92,,,,,,,,72,,,,,,,,,,,,,,,,,
GB,GB-RAD-84-3,RAD,1984,AJH,AJH,unknown,2018-06-27,ARTR,3,1,10,S,GB-RAD-84-3-1-10-S,,,,,,,,,49,97,,,,,,,,,,,,,,,,,,,,,,,,,BRTE much taller than interspace
GB,GB-RAD-84-3,RAD,1984,AJH,AJH,unknown,2018-06-27,ARTR,3,1,20,I,GB-RAD-84-3-1-20-I,,,,,1,,,,,86,,,,,,,,64,,,,,,,,,,,,,,0.1,,,
GB,GB-RAD-84-3,RAD,1984,AJH,AJH,unknown,2018-06-27,ARTR,3,1,20,S,GB-RAD-84-3-1-20-S,,,,,,,,,19,98,,,,,,,,5,,,,,,,,,,,,,,,,,BRTE much taller than interspace
GB,GB-RAD-84-3,RAD,1984,AJH,AJH,unknown,2018-06-27,ARTR,3,2,10,I,GB-RAD-84-3-2-10-I,,,,,,,,,,82,,,,,,,,23,,,6,,,,,,,,,,,,,,
GB,GB-RAD-84-3,RAD,1984,AJH,AJH,unknown,2018-06-27,ARTR,3,2,10,S,GB-RAD-84-3-2-10-S,,,,,,,,,91,72,,,,,,,,15,,,3,,,,,,,,,,,,,0.1,
GB,GB-RAD-84-3,RAD,1984,AJH,AJH,unknown,2018-06-27,ARTR,3,2,20,I,GB-RAD-84-3-2-20-I,,,,,0.1,,,,,92,,,,,,,,0.1,,,4,,,,,,,,,,,1,,,
GB,GB-RAD-84-3,RAD,1984,AJH,AJH,unknown,2018-06-27,ARTR,3,2,20,S,GB-RAD-84-3-2-20-S,,,,,,,,,68,98,,,,,,,,1,,,,,,,,,,,,,,,,,BRTE taller than interspace
GB,GB-RAD-84-3,RAD,1984,AJH,AJH,unknown,2018-06-27,ARTR,3,3,10,I,GB-RAD-84-3-3-10-I,,,,,,,,,,38,,,,,,,,22,,,,,,,,,,,,,,,,,
GB,GB-RAD-84-3,RAD,1984,AJH,AJH,unknown,2018-06-27,ARTR,3,3,10,S,GB-RAD-84-3-3-10-S,,,,,,,,,98,91,,,,,,,,5,,,4,,,,,,,,,,,,,,
GB,GB-RAD-84-3,RAD,1984,AJH,AJH,unknown,2018-06-27,ARTR,3,3,20,I,GB-RAD-84-3-3-20-I,,,,,,,,,,34,,,,,,,,36,,,,,,,,,,,,,,,,,
GB,GB-RAD-84-3,RAD,1984,AJH,AJH,unknown,2018-06-27,ARTR,3,3,20,S,GB-RAD-84-3-3-20-S,,,,,,,,,91,98,,,,,,,,21,,,,,,,,,,,,,,,,0.1,
