sp_id,USDA,family,species,duration,lifeform,fctngrp
CH-UKD-1,DEPI,Brassicaceae,Descurainia pinnata,annual,forb,AF
CH-UKD-11,MOVE,Molluginaceae,Mollugo verticillata,annual,forb,AF
CH-UKD-12,AMPA,Amaranthaceae,Amaranthus palmeri,annual,forb,AF
CH-UKD-14,DEPI,Brassicaceae,Descurainia pinnata,annual,forb,AF
CH-UKD-15,CRYPT,Boraginaceae,Cryptantha sp.?,annual,forb,AF
CH-UKD-16,OEPR,Onagraceae,Oenothera primiveris,annual,forb,AF
CH-UKD-17,PLPA2,Plantaginaceae,Plantago patagonica,annual,forb,AF
CH-UKD-18,LIBI2,Polemoniaceae,Linanthus bigelovii,annual,forb,AF
CH-UKD-19,LETH2,Brassicaceae,Lepidium thurberi,annual,forb,AF
CH-UKD-2,NUTE,Scrophulariaceae,Nuttallanthus texanus,annual,forb,AF
CH-UKD-20,LELA,Brassicaceae,Lepidium lasiocarpum,annual,forb,AF
CH-UKD-22,ERDI2,Polemoniaceae,Erastrium diffusum,annual,forb,AF
CH-UKD-23,ERDI2,Polemoniaceae,Erastrium diffusum,annual,forb,AF
CH-UKD-24,GILIA,Polemoniaceae,Gilia sp.,annual,forb,AF
CH-UKD-25,MAFE,Asteraceae,Malacothrix fendleri,annual,forb,AF
CH-UKD-26,OEPR,Onagraceae,Oenothera primiveris,annual,forb,AF
CH-UKD-29,NAHI,Hydrophyllaceae,Nama hispida,annual,forb,AF
CH-UKD-3,LUCO,Fabaceae,Lupinus concinnus,annual,forb,AF
CH-UKD-30,NUTE,Scrophulariaceae,Nuttallanthus texanus,annual,forb,AF
CH-UKD-31,LUCO,Fabaceae,Lupinus concinnus,annual,forb,AF
CH-UKD-32,GAPU3,Asteraceae,"Gamochaeta stagnalis - see notes in ""resource used""",annual,forb,AF
CH-UKD-33,CHSE6,Euphorbiaceae,Chamaesyce serpyllifolia,annual,forb,AF
CH-UKD-4,LOCA19,Asteraceae,Logfia filaginoides,annual,forb,AF
CH-UKD-5,APRA,Asteraceae,Aphanostephus ramosissimus,annual,forb,AF
CH-UKD-6,DEPI,Brassicaceae,Descurainia pinnata,annual,forb,AF
CH-UKD-7,PEPL,Boraginaceae,Pectocarya platycarpa,annual,forb,AF
CH-UKD-8,CRYPT,Boraginaceae,Cryptantha sp.?,annual,forb,AF
CH-UKD-9,NUTE,Scrophulariaceae,Nuttallanthus texanus,annual,forb,AF
CP-UKD-1,ALSI8,Brassicaceae,Alyssum simplex ,annual,forb,AF
CP-UKD-10,GILIA,Polemoniaceae,Gilia sp.,annual,forb,AF
CP-UKD-12,SIAL2,Brassicaceae,Sisymbrium altissimum,annual,forb,AF
CP-UKD-19,SIAL2,Brassicaceae,Sisymbrium altissimum,annual,forb,AF
CP-UKD-20,DRRE2,Brassicaceae,Draba reptans,annual,forb,AF
CP-UKD-21,MIGR,Polemoniaceae,Microseris gracilis,annual,forb,AF
CP-UKD-3,CHENO,Chenopodiaceae,Chenopodium sp. ,annual,forb,AF
CP-UKD-4,LAPPU,Boraginaceae,Lappula sp.,annual,forb,AF
CP-UKD-5,DRRE2,Brassicaceae,Draba reptans,annual,forb,AF
CP-UKD-6,SIAL2,Brassicaceae,Sisymbrium altissimum,annual,forb,AF
CP-UKD-7,DESCU,Brassicaceae,Descurainia sp.,annual,forb,AF
CP-UKD-8,DESCU,Brassicaceae,Descurainia sp.,annual,forb,AF
CP-UKD-9,DESCU,Brassicaceae,Descurainia sp.,annual,forb,AF
ERCI,ERCI6,Geraniaceae,Erodium circutarium,annual,forb,AF
GB-UKD-1,LAPPU,Boraginaceae,Lappula sp.,annual,forb,AF
GB-UKD-11,LELA,Brassicaceae,Lepidium lasiocarpum,annual,forb,AF
GB-UKD-12,GILIA,Polemoniaceae,Gilia sp.,annual,forb,AF
GB-UKD-14,BORAG,Boraginaceae,???,annual,forb,AF
GB-UKD-16,SIAL2,Brassicaceae,Sisymbrium altissimum,annual,forb,AF
GB-UKD-17,CETE5,Ranunculaceae,Ceratocephala (Ranunculus) testiculatus,annual,forb,AF
GB-UKD-18,DESCU,Brassicaceae,Descurainia sp.,annual,forb,AF
GB-UKD-2,BORAG,Boraginaceae,???,annual,forb,AF
GB-UKD-22,LELA,Brassicaceae,Lepidium lasiocarpum,annual,forb,AF
GB-UKD-24,LELA,Brassicaceae,Lepidium lasiocarpum,annual,forb,AF
GB-UKD-3,DESCU,Brassicaceae,Descurainia sp.,annual,forb,AF
GB-UKD-4,DESCU,Brassicaceae,Descurainia sp.,annual,forb,AF
GB-UKD-5,DESCU,Brassicaceae,Descurainia sp.,annual,forb,AF
GB-UKD-6,DESCU,Brassicaceae,Descurainia sp.,annual,forb,AF
GB-UKD-8,HAGL,Chenopodiaceae,Halogeton glomeratus,annual,forb,AF
PLAR,PLAR,Boraginaceae,Plagiobothrys arizonicus,annual,forb,AF
SO-UKD-1,BORAG,Boraginaceae,Pectocarya recurvata/Harpagonella palmeri,annual,forb,AF
SO-UKD-10,PLAR,Boraginaceae,Plagiobothrys arizonicus,annual,forb,AF
SO-UKD-11,LOST4,Fabaceae,Lotus strigosus,annual,forb,AF
SO-UKD-14,LOHU2,Fabaceae,Lotus humistratus,annual,forb,AF
SO-UKD-15,CACA32,Onagraceae,Camissonia californica ,annual,forb,AF
SO-UKD-17,SACO6,Lamiaceae,Salvia columbariae,annual,forb,AF
SO-UKD-18,DAPU3,Apiaceae,Daucus pusillus,annual,forb,AF
SO-UKD-19,SIAN2,Caryophyllaceae,Silene antirrhina,annual,forb,AF
SO-UKD-2,CRYPT,Boraginaceae,Cryptantha sp.,annual,forb,AF
SO-UKD-20,LOCA19,Asteraceae,Logfia filaginoides,annual,forb,AF
SO-UKD-21,LOAR12,Asteraceae,Logfia arizonica,annual,forb,AF
SO-UKD-22,ASNU4,Fabaceae,Astragalus nuttalianus,annual,forb,AF
SO-UKD-23,DEPI,Brassicaceae,Descurainia pinnata,annual,forb,AF
SO-UKD-25,CIMO4,Portulacaceae,Cistanthe monandra,annual,forb,AF
SO-UKD-26,LOAR12,Asteraceae,Logfia arizonica,annual,forb,AF
SO-UKD-27,CRCO34,Crassulaceae,Crassula connata ,annual,forb,AF
SO-UKD-28,GILIA,Polemoniaceae,Gilia sp. ,annual,forb,AF
SO-UKD-29,LINAN2,Polemoniaceae,Linanthus sp. ,annual,forb,AF
SO-UKD-3,HYDRO,Hydrophyllaceae,Hydrophyllaceae,annual,forb,AF
SO-UKD-30,ERIAS,Polemoniaceae,Eriastrum sp.,annual,forb,AF
SO-UKD-31,PLPA2,Plantaginaceae,Plantago patagonica,annual,forb,AF
SO-UKD-32,PTDR,Polygonaceae,Pterostegia drymarioides,annual,forb,AF
SO-UKD-34,MONU,Chenopodiaceae,Monolepis nuttalliana,annual,forb,AF
SO-UKD-36,DRCU,Brassicaceae,Draba cuneifolia,annual,forb,AF
SO-UKD-37,LEVI3,Brassicaceae,Lepidium virginicum,annual,forb,AF
SO-UKD-38,LEVI3,Brassicaceae,Lepidium virginicum,annual,forb,AF
SO-UKD-39,LELA,Brassicaceae,Lepidium lasiocarpum,annual,forb,AF
SO-UKD-40,LELA,Brassicaceae,Lepidium lasiocarpum,annual,forb,AF
SO-UKD-41,MACL2,Asteraceae,Malacothrix clevelandii,annual,forb,AF
SO-UKD-42,NUTE,Scrophulariaceae,Nuttallanthus texanus,annual,forb,AF
SO-UKD-43,LOHU2,Fabaceae,Lotus humistratus,annual,forb,AF
SO-UKD-44,PERE,Boraginaceae,Pectocarya recurvata,annual,forb,AF
SO-UKD-45,LOST4,Fabaceae,Lotus strigosus,annual,forb,AF
SO-UKD-47,LOAR12,Asteraceae,Logfia arizonica,annual,forb,AF
SO-UKD-48,ERIAS,Polemoniaceae,Eriastrum sp.,annual,forb,AF
SO-UKD-5,GULA4,Brassicaceae,Guillenia lasiophylla,annual,forb,AF
SO-UKD-6,CACI2,Portulacaceae,Calandrinia ciliata,annual,forb,AF
SO-UKD-7,AMMEI2,Boraginaceae,Amsinckia menziesii var. intermedia,annual,forb,AF
SO-UKD-8,LOSAB,Fabaceae,Lotus salsuginosus var. brevivexillus,annual,forb,AF
CH-UKM-3,VULPI,Poaceae,Vulpia sp.,annual,grass,AG
CH-UKM-6,URAR,Poaceae,Urochloa arizonica,annual,grass,AG
CH-UKM-7,BOAR,Poaceae,Bouteloua aristidoides,annual,grass,AG
CP-UKM-1,BROMU,Poaceae,Bromus tectorum?,annual,grass,AG
GB-UKM-1,BRTE,Poaceae,Bromus tectorum,annual,grass,AG
GB-UKM-5,VULPI,Poaceae,vulpia?,annual,grass,AG
GB-UKM-6,SETAR,Poaceae,Setaria sp.,annual,grass,AG
SO-UKM-1,SCHISVULP,Poaceae,Schismus sp./ Vulpia sp.,annual,grass,AG
SO-UKM-3,SCHISVULP,Poaceae,Vulpia microstachys,annual,grass,AG
SO-UKM-4,BRMA3,Poaceae,Bromus madritensis,annual,grass,AG
SO-UKM-5,BRMA3,Poaceae,Bromus madritensis,annual,grass,AG
SO-UKM-6,SCHISVULP,Poaceae,Vulpia sp.,annual,grass,AG
CH-UKD-13,LOPL2,Fabaceae,Lotus plebeius,perennial,forb,PF
CH-UKD-21,GUSA2,Asteraceae,Gutierrezia sarothrae,perennial,forb,PF
CH-UKD-27,POSU3,Portulacaceae,Portulaca suffrutescens,perennial,forb,PF
CP-UKD-11,PAMU11,Asteraceae,Packera multilobata,perennial,forb,PF
CP-UKD-13,SPCO,Malvaceae,Sphaeralcea coccinea,perennial,forb,PF
CP-UKD-14,HEMU3,Asteraceae,Heliomeris multiflora,perennial,forb,PF
CP-UKD-15,GUSA2,Asteraceae,Guiterrezia sarothrae,perennial,forb,PF
CP-UKD-16,ARLU,Asteraceae,Artemisia ludiviciana,perennial,forb,PF
CP-UKD-18,MACA2,Asteraceae,Machaeranthera canescens,perennial,forb,PF
CP-UKD-2,ERIGE2,Asteraceae,Erigeron divergens????,perennial,forb,PF
CP-UKD-25,ERIGE2,Asteraceae,another Erigeron or something similar???,perennial,forb,PF
GB-UKD-10,SPHAE,Malvaceae,Sphaeralcea sp.,perennial,forb,PF
GB-UKD-13,ARABI2,Brassicaceae,Arabis or Boechera (boechera not recognized by USDA,perennial,forb,PF
GB-UKD-19,CIRSI,Asteraceae,Cirsium sp.,perennial,forb,PF
GB-UKD-20,ARABI2,Brassicaceae,Arabis or Boechera (boechera not recognized by USDA,perennial,forb,PF
GB-UKD-9,ERCO27,Asteraceae,Erigeron concinnus,perennial,forb,PF
SO-UKM-2,DICA14,Liliaceae,Dichelostemma capitatum,perennial,forb,PF
CH-UKM-1,BOBA3,Poaceae,Bothriochloa barbinodis,perennial,grass,PG
CH-UKM-4,SELE6,Poaceae,Setaria leucopila,perennial,grass,PG
CH-UKM-5,SELE6,Poaceae,Setaria leucopila,perennial,grass,PG
CH-UKM-8,ERLE,Poaceae,Eragrostis lehmanniana,perennial,grass,PG
CH-UKM-9,ERLE,Poaceae,Eragrostis lehmanniana,perennial,grass,PG
CP-UKM-10,BRIN2,Poaceae,Bromus inermis,perennial,grass,PG
CP-UKM-11,HECO26,Poaceae,Hesperostipa comata,perennial,grass,PG
CP-UKM-12,POA,Poaceae,Poa fendleriana?,perennial,grass,PG
CP-UKM-2,SPORO,Poaceae,Sporobolus sp.,perennial,grass,PG
CP-UKM-3,BRIN2,Poaceae,Bromus inermis,perennial,grass,PG
CP-UKM-4,POA,Poaceae,Poa fendleriana?,perennial,grass,PG
CP-UKM-6,TRITICEAE,Poaceae,wheatgrass,perennial,grass,PG
CP-UKM-7,BRIN2,Poaceae,Bromus inermis,perennial,grass,PG
GB-UKM-10,SPORO,Poaceae,Sporobolus sp.,perennial,grass,PG
GB-UKM-2,TRITICEAE,Poaceae,Elymus elymoides?,perennial,grass,PG
GB-UKM-3,SPORO,Poaceae,Sporobolus sp.,perennial,grass,PG
GB-UKM-7,POA,Poaceae,Poa fendleriana?,perennial,grass,PG
GB-UKM-8,HECO26,Poaceae,Hesperostipa comata,perennial,grass,PG
GB-UKM-9,JUNCU,Juncaceae,Juncus sp.,perennial,grass,PG
GB-UKD-7,ARTEM,Asteraceae,Artemisia sp.,perennial,shrub,SH
SO-UKD-12,AMDE4,Asteraceae,Ambrosia deltoidae,perennial,shrub,SH
SO-UKD-13,AMDE4,Asteraceae,Ambrosia deltoidae,perennial,shrub,SH
SO-UKD-24,LYEX,Solanaceae,Lycium exsertum,perennial,shrub,SH
SO-UKD-4,ENFA,Asteraceae,Encelia farinosa,perennial,shrub,SH
