plant_survey_date,initial_soil_date,final_soil_date,F.legacy,F.seed,F.shrub,F.burn,Quadrat,Plot,aboveground_biomass,soil_moisture,ph,ec,nh4i,no3i,nh4f,no3f,po4,species_tallest_vegetation,height_tallest_vegetation,bareground,litter,rock,fungi,AGCR,ALDE,ARTRT,BASC5,BRTE,CANU3,CETE5,CHENO,CHVI8,CRAC2,DEPI,ELEL5,GUSA2,HEAN3,HECO26,LAOC3,LASE,LYGR,PHHO,POBU,POSE,PSSP6,SATR12,SAVE4,SIAL2,SOTR,SPMU2,TAOF,TRDU,TRIFO,ZIPA2
2021-07-07,2021-07-28,2021-09-14,control,base,shrub,burned,1,1A,0.00,0.0105,7.66,140.0,8.212,13.120,6.655,9.853,2.576,CHVI8,21.2,85,13,1,0,0,0,0,0,0,0,0,0,3,0,0,0,0,0,0,0,0,0,0,0,0,0,0,0,0,0,0,0,0,0,0
2021-07-07,2021-07-28,2021-09-14,control,base,shrub,burned,2,1A,0.05,0.0099,6.97,188.6,5.562,7.689,7.305,8.761,1.712,PSSP6,38,82,16,1,0,0,0,0,0,0,0,0,0,0,0,0,0,0,0,0,0,0,0,0,0,0,3,0,0,0,0,0,0,0,0,0
2021-07-07,2021-07-28,2021-09-14,control,base,intershrub,burned,3,1A,2.80,0.0123,7.18,176.6,5.002,8.104,4.544,9.473,3.082,PSSP6,35,89,10,1,0,0,0,0,0,0,1,0,0,0,0,0,0,0,0,0,0,0,0,0,0,0,2,0,0,0,0,0,0,0,0,0
2021-07-07,2021-07-28,2021-09-14,control,base,intershrub,burned,4,1A,0.00,0.0142,7.23,184.4,8.512,11.341,4.159,6.831,1.453,SATR12,54.5,79,2,1,0,0,0,0,0,0,1,0,0,0,0,0,0,0,0,0,0,0,0,0,0,0,12,9,0,0,0,0,0,0,0,0
2021-07-07,2021-07-28,2021-09-14,control,G,shrub,burned,5,1B,0.00,0.0116,7.65,173.4,7.942,12.478,4.574,8.047,1.052,PSSP6,63,88,9,1,0,0,0,0,0,0,0,0,0,0,0,0,0,0,0,0,0,0,0,0,0,0,4,0,0,0,0,0,0,0,0,1
2021-07-07,2021-07-28,2021-09-14,control,G,shrub,burned,6,1B,4.74,0.0100,7.89,184.9,5.787,10.044,20.036,5.548,1.059,CHENO,30,82,12,1,0,0,0,0,0,0,0,0,5,0,0,0,0,0,0,0,0,0,0,0,0,0,3,0,0,0,0,0,0,0,0,0
2021-07-07,2021-07-28,2021-09-14,control,G,intershrub,burned,7,1B,0.11,0.0092,8.12,185.0,3.611,6.584,8.495,11.228,1.155,ZIPA2,38.5,72,6,1,0,0,0,0,0,0,0,0,0,0,0,0,0,0,0,9,0,0,0,0,0,0,14,0,0,0,0,0,0,0,0,2
2021-07-07,2021-07-28,2021-09-14,control,G,intershrub,burned,8,1B,0.00,0.0101,7.84,289.0,4.062,12.530,2.903,5.063,2.493,CANU3,7,96,3,1,0,0,0,0,0,0,2,0,0,0,0,0,0,0,0,1,0,0,0,0,0,0,0,0,0,0,0,0,0,0,0,0
2021-07-07,2021-07-28,2021-09-14,control,F,shrub,burned,9,1C,0.00,0.0186,8.30,148.0,13.529,13.612,2.043,6.777,2.282,BASC5,49.2,66,27,1,0,0,0,0,5,0,0,0,0,0,0,0,0,0,0,0,0,0,0,0,0,0,4,0,0,0,0,0,0,0,0,0
2021-07-07,2021-07-28,2021-09-14,control,F,shrub,burned,10,1C,0.00,0.0091,7.96,182.7,5.057,14.871,8.280,7.645,1.308,BASC5,42,80,14,1,0,0,0,0,2,0,0,0,0,0,0,0,0,0,0,0,0,0,0,0,0,0,6,0,0,0,0,0,0,0,0,0
2021-07-07,2021-07-28,2021-09-14,control,F,intershrub,burned,11,1C,0.00,0.0150,8.17,215.0,3.497,8.803,8.440,12.751,0.870,PSSP6,27,77,21,1,0,0,0,0,0,0,0,0,0,0,0,0,0,0,0,0,0,0,0,0,0,0,3,0,0,0,0,0,0,0,0,0
2021-07-07,2021-07-28,2021-09-14,control,F,intershrub,burned,12,1C,0.00,0.0118,8.11,399.0,8.372,15.377,3.639,3.488,1.555,NA,NA,85,15,1,0,0,0,0,0,0,0,0,0,0,0,0,0,0,0,0,0,0,0,0,0,0,0,0,0,0,0,0,0,0,0,0
2021-07-07,2021-07-28,2021-09-14,control,GF,shrub,burned,13,1D,0.00,0.0140,7.97,298.0,21.395,21.671,9.477,7.101,1.785,SATR12,43,72,25,1,0,0,0,0,0,2,0,0,0,0,0,0,0,0,0,0,0,0,0,0,0,0,2,2,0,0,0,0,0,0,0,0
2021-07-07,2021-07-28,2021-09-14,control,GF,shrub,burned,14,1D,0.00,0.0139,7.51,171.5,8.087,10.387,3.769,5.817,1.923,CANU3,30,40,57,1,0,0,0,0,0,0,2,0,0,0,0,0,0,0,0,0,0,0,0,0,0,0,3,0,0,0,0,0,0,0,0,0
2021-07-07,2021-07-28,2021-09-14,control,GF,intershrub,burned,15,1D,2.19,0.0123,7.32,215.0,14.463,14.267,2.468,3.717,2.685,PSSP6,34.3,40,50,1,0,0,0,0,0,0,2,0,0,0,0,0,0,0,0,0,0,0,0,0,0,0,10,0,0,0,0,0,0,0,0,0
2021-07-07,2021-07-28,2021-09-14,control,GF,intershrub,burned,16,1D,11.78,0.0126,7.55,223.0,6.137,8.684,20.509,11.356,1.798,BASC5,56,23,59,1,0,0,0,0,5,0,0,0,0,0,0,3,0,0,0,0,0,0,0,0,0,0,4,0,0,0,0,0,0,10,0,0
2021-07-07,2021-07-28,2021-09-14,low nitrogen,base,shrub,burned,17,2A,0.00,0.0116,7.39,111.9,8.487,9.159,6.420,7.021,1.712,NA,NA,89,11,1,0,0,0,0,0,0,0,0,0,0,0,0,0,0,0,0,0,0,0,0,0,0,0,0,0,0,0,0,0,0,0,0
2021-07-07,2021-07-28,2021-09-14,low nitrogen,base,shrub,burned,18,2A,0.00,0.0186,7.94,244.0,4.532,7.631,NA,NA,0.566,PSSP6,23,89,9,1,0,0,0,0,0,0,0,0,0,0,0,0,0,0,0,0,0,0,0,0,0,0,3,0,0,0,0,0,0,0,0,0
2021-07-07,2021-07-28,2021-09-14,low nitrogen,base,intershrub,burned,19,2A,1.28,0.0133,8.19,252.0,5.592,7.256,NA,NA,1.206,PSSP6,22,78,6,1,0,0,0,0,1,0,2,0,0,0,0,0,0,0,0,0,0,0,0,0,0,0,16,0,0,0,0,0,0,0,0,0
2021-07-07,2021-07-28,2021-09-14,low nitrogen,base,intershrub,burned,20,2A,0.19,0.0173,8.07,259.0,21.335,14.184,8.595,9.020,1.536,PSSP6,19,89,7,1,0,0,0,0,0,0,0,0,0,0,0,0,0,0,0,0,0,0,0,0,0,0,5,0,0,0,0,0,0,0,0,0
2021-07-07,2021-07-28,2021-09-14,low nitrogen,G,shrub,burned,21,2B,0.00,0.0096,8.24,269.0,3.436,14.472,27.548,28.748,1.465,PSSP6,30.4,85,8,1,0,0,0,0,0,3,0,0,0,0,0,0,0,0,0,0,0,0,0,0,0,0,6,0,0,0,0,0,0,0,0,0
2021-07-07,2021-07-28,2021-09-14,low nitrogen,G,shrub,burned,22,2B,5.00,0.0153,8.17,437.0,11.553,17.714,NA,NA,2.602,PSSP6,31.5,76,7,1,0,0,0,0,0,0,0,0,0,0,0,0,0,0,0,0,0,0,0,0,0,0,18,0,0,0,0,0,0,0,0,0
2021-07-07,2021-07-28,2021-09-14,low nitrogen,G,intershrub,burned,23,2B,0.28,0.0119,8.20,291.0,3.332,6.962,3.754,7.347,1.193,ZIPA2,34,83,12,1,0,0,0,0,0,2,1,0,0,0,0,0,0,0,0,4,0,0,0,0,0,0,2,0,0,0,0,0,0,0,0,1
2021-07-07,2021-07-28,2021-09-14,low nitrogen,G,intershrub,burned,24,2B,0.37,0.0113,8.26,254.0,5.157,8.765,3.403,4.870,0.736,PSSP6,22,87,13,1,0,0,0,0,0,0,0,0,0,0,0,0,0,0,0,0,0,0,0,0,0,0,1,0,0,0,0,0,0,0,0,0
2021-07-07,2021-07-28,2021-09-14,low nitrogen,F,shrub,burned,25,2C,0.00,0.0167,8.40,195.5,7.523,13.870,3.714,8.601,1.990,PSSP6,22.3,87,12,1,0,0,0,0,1,0,0,0,0,0,0,0,0,0,0,0,0,0,0,0,0,0,2,0,0,0,0,0,0,0,0,0
2021-07-07,2021-07-28,2021-09-14,low nitrogen,F,shrub,burned,26,2C,0.07,0.0148,7.72,257.0,7.882,16.497,1.563,6.665,1.971,BRTE,20,77,22,1,0,0,0,0,0,2,1,0,0,0,0,0,0,0,1,0,0,0,0,0,0,0,0,0,0,0,0,0,0,0,0,0
2021-07-07,2021-07-28,2021-09-14,low nitrogen,F,intershrub,burned,27,2C,0.00,0.0142,8.19,264.0,7.697,10.620,18.806,14.855,1.270,NA,NA,49,51,1,0,0,0,0,0,0,0,0,0,0,0,0,0,0,0,0,0,0,0,0,0,0,0,0,0,0,0,0,0,0,0,0
2021-07-07,2021-07-28,2021-09-14,low nitrogen,F,intershrub,burned,28,2C,0.47,0.0253,8.51,422.0,37.597,33.771,53.353,18.427,1.328,PSSP6,27,65,32,1,0,0,0,0,0,0,0,0,0,0,0,0,0,0,0,0,0,0,0,0,0,0,4,0,0,0,0,0,0,0,0,0
2021-07-07,2021-07-28,2021-09-14,low nitrogen,GF,shrub,burned,29,2D,2.58,0.0158,7.92,400.0,17.129,21.616,18.475,24.576,2.013,SATR12,42.5,58,34,1,0,0,0,0,0,1,0,0,0,0,0,0,0,0,0,0,0,0,0,0,0,0,0,9,0,0,0,0,0,0,0,0
2021-07-07,2021-07-28,2021-09-14,low nitrogen,GF,shrub,burned,30,2D,0.00,0.0177,7.52,348.0,5.332,16.615,2.408,10.116,2.759,NA,NA,75,25,1,0,0,0,0,0,0,0,0,0,0,0,0,0,0,0,0,0,0,0,0,0,0,0,0,0,0,0,0,0,0,0,0
2021-07-07,2021-07-28,2021-09-14,low nitrogen,GF,intershrub,burned,31,2D,0.00,0.0104,7.79,290.0,5.102,12.157,4.749,11.001,1.843,PSSP6,26,68,30,1,0,0,0,0,0,0,0,0,0,0,0,0,0,0,0,0,0,0,0,0,0,0,3,0,0,0,0,0,1,0,0,0
2021-07-07,2021-07-28,2021-09-14,low nitrogen,GF,intershrub,burned,32,2D,0.51,0.0090,7.54,265.0,9.557,15.630,2.068,2.945,2.061,PSSP6,53,40,44,1,0,0,0,0,0,0,1,0,0,0,0,0,0,0,0,0,0,0,0,0,0,0,17,0,0,0,0,0,0,0,0,0
2021-07-07,2021-07-28,2021-09-14,high nitrogen,base,shrub,burned,33,3A,0.00,0.0199,7.39,248.0,9.703,9.320,7.035,6.731,2.003,NA,NA,95,5,1,0,0,0,0,0,0,0,0,0,0,0,0,0,0,0,0,0,0,0,0,0,0,0,0,0,0,0,0,0,0,0,0
2021-07-07,2021-07-28,2021-09-14,high nitrogen,base,shrub,burned,34,3A,0.00,0.0123,7.76,341.0,26.510,17.172,11.072,14.350,3.280,NA,NA,94,6,1,0,0,0,0,0,0,0,0,0,0,0,0,0,0,0,0,0,0,0,0,0,0,0,0,0,0,0,0,0,0,0,0
2021-07-07,2021-07-28,2021-09-14,high nitrogen,base,intershrub,burned,35,3A,0.00,0.0222,7.68,496.0,14.385,19.448,11.157,8.827,1.939,BRTE,25,90,7,1,0,0,0,0,0,4,0,0,0,0,0,0,0,0,0,0,0,0,0,0,0,0,0,0,0,0,0,0,0,0,0,0
2021-07-07,2021-07-28,2021-09-14,high nitrogen,base,intershrub,burned,36,3A,0.74,0.0187,7.16,206.0,9.933,11.286,15.978,14.323,3.213,NA,NA,89,11,1,0,0,0,0,0,0,0,0,0,0,0,0,0,0,0,0,0,0,0,0,0,0,0,0,0,0,0,0,0,0,0,0
2021-07-07,2021-07-28,2021-09-14,high nitrogen,G,shrub,burned,37,3B,0.00,0.0174,8.02,208.0,22.526,11.529,11.327,10.720,1.936,NA,NA,84,16,1,0,0,0,0,0,0,0,0,0,0,0,0,0,0,0,0,0,0,0,0,0,0,0,0,0,0,0,0,0,0,0,0
2021-07-07,2021-07-28,2021-09-14,high nitrogen,G,shrub,burned,38,3B,0.00,0.0114,7.79,151.0,10.843,10.043,5.370,8.745,2.201,NA,NA,94,6,1,0,0,0,0,0,0,0,0,0,0,0,0,0,0,0,0,0,0,0,0,0,0,0,0,0,0,0,0,0,0,0,0
2021-07-07,2021-07-28,2021-09-14,high nitrogen,G,intershrub,burned,39,3B,0.00,0.0210,8.56,292.0,15.110,13.376,2.763,9.788,1.478,NA,NA,97,3,1,0,0,0,0,0,0,0,0,0,0,0,0,0,0,0,0,0,0,0,0,0,0,0,0,0,0,0,0,0,0,0,0
2021-07-07,2021-07-28,2021-09-14,high nitrogen,G,intershrub,burned,40,3B,0.00,0.0164,7.78,219.0,9.228,8.368,4.469,6.166,1.561,NA,NA,96,4,1,0,0,0,0,0,0,0,0,0,0,0,0,0,0,0,0,0,0,0,0,0,0,0,0,0,0,0,0,0,0,0,0
2021-07-07,2021-07-28,2021-09-14,high nitrogen,F,shrub,burned,41,3C,2.62,0.0115,7.73,104.1,15.348,11.092,2.918,7.702,1.126,PSSP6,31.5,82,14,1,0,0,0,0,0,0,0,0,0,0,0,0,0,0,0,0,0,0,0,0,0,1,5,0,0,0,0,0,0,0,0,0
2021-07-07,2021-07-28,2021-09-14,high nitrogen,F,shrub,burned,42,3C,0.00,0.0116,7.93,299.0,27.210,10.479,7.395,8.425,2.249,POSE,2.5,82,18,1,0,0,0,0,0,0,0,0,0,0,0,0,0,0,0,0,0,0,0,0,0,1,0,0,0,0,0,0,0,0,0,0
2021-07-07,2021-07-28,2021-09-14,high nitrogen,F,intershrub,burned,43,3C,0.00,0.0120,7.57,270.0,11.398,18.723,2.463,9.570,2.678,SATR12,54,33,15,1,0,0,0,0,0,3,0,0,0,0,0,0,0,0,0,0,0,0,0,0,0,2,3,48,0,0,0,0,0,0,0,0
2021-07-07,2021-07-28,2021-09-14,high nitrogen,F,intershrub,burned,44,3C,0.00,0.0175,7.94,228.0,18.325,9.350,5.749,11.042,2.711,POSE,3,89,9,1,0,0,0,0,0,0,0,0,0,0,0,0,0,0,0,0,0,0,0,0,0,3,0,0,0,0,0,0,0,0,0,0
2021-07-07,2021-07-28,2021-09-14,high nitrogen,GF,shrub,burned,45,3D,0.00,0.0127,8.30,218.0,13.003,15.122,2.513,8.065,1.104,POSE,3.5,75,25,1,0,0,0,0,0,0,0,0,0,0,0,0,0,0,0,0,0,0,0,0,0,1,0,0,0,0,0,0,0,0,0,0
2021-07-07,2021-07-28,2021-09-14,high nitrogen,GF,shrub,burned,46,3D,0.00,0.0147,8.46,262.0,2.446,8.347,3.929,7.587,1.065,CANU3,25.6,84,11,1,0,0,0,0,0,0,2,0,0,0,0,0,0,0,0,0,0,0,0,0,0,1,5,0,0,0,0,0,0,1,0,0
2021-07-07,2021-07-28,2021-09-14,high nitrogen,GF,intershrub,burned,47,3D,1.56,0.0144,8.07,317.0,9.923,6.926,10.996,18.467,1.657,PSSP6,47,44,26,1,0,0,0,0,0,14,1,0,0,0,0,0,0,0,0,4,0,0,0,0,0,3,13,0,0,0,0,0,0,0,0,0
2021-07-07,2021-07-28,2021-09-14,high nitrogen,GF,intershrub,burned,48,3D,2.29,0.0129,7.76,356.0,4.532,11.180,6.580,14.815,1.856,BASC5,71.4,52,16,1,0,0,0,0,22,3,0,0,0,0,0,0,0,0,0,0,0,0,0,0,2,1,9,0,0,0,0,0,0,0,0,0
2021-07-07,2021-07-28,2021-09-14,shrub removal,base,shrub,burned,49,4A,0.56,0.0151,7.62,266.0,7.302,6.409,9.016,6.736,4.045,PSSP6,76,4,51,1,0,0,0,0,0,25,0,0,0,0,0,0,0,0,0,0,0,0,0,0,0,0,22,0,0,0,0,0,0,0,0,0
2021-07-07,2021-07-28,2021-09-14,shrub removal,base,shrub,burned,50,4A,1.93,0.0079,7.65,219.0,6.617,4.599,4.724,2.548,4.474,BRTE,35,6,51,1,0,0,0,0,1,44,0,0,0,0,0,0,0,0,0,0,0,0,0,0,0,0,0,0,0,0,0,0,0,0,0,0
2021-07-07,2021-07-28,2021-09-14,shrub removal,base,intershrub,burned,51,4A,2.31,0.0147,7.56,182.6,4.972,1.354,5.905,1.456,8.779,PSSP6,43,0,55,1,0,0,0,0,0,44,0,0,0,0,0,0,0,0,0,0,0,1,0,0,0,0,3,0,0,0,0,0,0,0,0,0
2021-07-07,2021-07-28,2021-09-14,shrub removal,base,intershrub,burned,52,4A,2.63,0.0126,7.51,171.4,4.567,1.433,NA,NA,3.424,BRTE,27,0,46,1,0,0,0,0,0,54,0,0,0,0,0,0,0,0,0,0,0,0,0,0,0,0,2,0,0,0,0,0,0,0,0,0
2021-07-07,2021-07-28,2021-09-14,shrub removal,G,shrub,burned,53,4B,8.46,0.0114,7.68,240.0,4.192,3.708,2.108,1.957,3.005,PSSP6,84,5,46,1,0,0,0,0,0,42,0,0,0,0,0,0,0,0,0,0,0,0,0,0,0,0,9,0,0,0,0,0,0,0,0,0
2021-07-07,2021-07-28,2021-09-14,shrub removal,G,shrub,burned,54,4B,2.39,0.0111,7.34,172.1,4.857,2.904,7.195,4.300,3.440,PSSP6,53,2,54,1,0,0,0,0,0,42,0,0,0,0,0,0,0,0,0,0,0,0,0,0,0,0,4,0,0,0,0,0,0,0,0,0
2021-07-07,2021-07-28,2021-09-14,shrub removal,G,intershrub,burned,55,4B,3.11,0.0147,7.71,329.0,5.662,5.380,3.479,0.675,2.784,PSSP6,55,0,37,1,0,0,1,0,0,56,0,0,0,0,0,1,0,0,0,0,0,1,0,0,4,0,6,0,0,0,0,0,0,0,0,0
2021-07-07,2021-07-28,2021-09-14,shrub removal,G,intershrub,burned,56,4B,4.01,0.0101,7.76,281.0,5.097,4.026,5.159,1.060,3.299,PSSP6,72,15,44,1,0,0,0,0,0,38,0,0,0,0,0,0,0,0,0,0,0,0,0,0,0,0,5,0,0,0,0,0,0,0,0,0
2021-07-07,2021-07-28,2021-09-14,shrub removal,F,shrub,burned,57,4C,2.01,0.0136,7.41,205.0,7.502,4.885,5.689,1.635,3.936,BRTE,37.4,5,41,1,0,0,0,0,0,55,0,0,0,0,0,0,0,0,0,0,0,0,0,0,0,0,0,0,0,0,0,0,0,0,0,0
2021-07-07,2021-07-28,2021-09-14,shrub removal,F,shrub,burned,58,4C,1.65,0.0065,7.63,197.4,6.697,3.559,2.903,3.451,3.478,BRTE,33.2,4,34,1,0,0,0,0,0,62,1,0,0,0,0,0,0,0,0,0,0,0,0,0,0,0,2,0,0,0,0,0,0,0,0,0
2021-07-07,2021-07-28,2021-09-14,shrub removal,F,intershrub,burned,59,4C,2.19,0.0098,7.51,248.0,7.377,7.756,3.899,1.314,3.363,BRTE,30.3,9,42,1,0,0,0,0,0,50,0,0,0,0,0,0,0,0,0,0,0,0,0,0,0,0,1,0,0,0,0,0,0,0,0,0
2021-07-07,2021-07-28,2021-09-14,shrub removal,F,intershrub,burned,60,4C,3.98,0.0083,7.41,189.4,5.627,4.362,4.604,1.534,4.432,LASE,47.1,3,39,1,0,0,0,0,0,55,0,0,0,0,0,0,0,0,0,0,0,5,0,0,0,1,1,0,0,0,0,0,0,0,0,0
2021-07-07,2021-07-28,2021-09-14,shrub removal,GF,shrub,burned,61,4D,3.30,0.0107,7.44,204.0,9.967,7.594,5.905,2.406,5.213,PSSP6,75,1,25,1,0,0,0,0,0,67,0,0,0,0,0,0,0,0,0,0,0,0,0,0,0,0,9,0,0,0,0,0,0,0,0,0
2021-07-07,2021-07-28,2021-09-14,shrub removal,GF,shrub,burned,62,4D,2.19,0.0098,7.68,200.0,6.152,3.306,5.874,1.154,4.096,PSSP6,66.2,1,37,1,0,0,0,0,0,51,0,0,0,0,0,0,0,0,0,0,0,0,0,0,0,0,13,0,0,0,0,0,0,0,0,0
2021-07-07,2021-07-28,2021-09-14,shrub removal,GF,intershrub,burned,63,4D,2.37,0.0147,7.57,259.0,4.857,2.953,3.648,1.834,3.335,PSSP6,74,2,30,1,0,0,0,0,0,45,0,0,0,0,0,0,0,0,0,0,0,0,0,0,4,0,22,0,0,0,0,0,0,0,0,0
2021-07-07,2021-07-28,2021-09-14,shrub removal,GF,intershrub,burned,64,4D,2.93,0.0124,7.82,240.0,5.317,1.685,4.494,1.722,3.293,PSSP6,54,4,20,1,0,0,0,0,0,65,0,0,0,0,0,0,0,0,0,0,0,0,0,0,0,0,13,0,0,0,0,0,0,0,0,0
2021-07-07,2021-07-28,2021-09-14,control,base,shrub,burned,65,5A,0.00,0.0107,7.75,124.9,11.127,9.339,23.130,17.399,1.654,PSSP6,20.5,96,4,1,0,0,0,0,0,0,0,0,0,0,0,0,0,0,0,0,0,0,0,0,0,0,1,0,0,0,0,0,0,0,0,0
2021-07-07,2021-07-28,2021-09-14,control,base,shrub,burned,66,5A,0.00,0.0129,7.61,241.0,13.048,14.230,7.755,11.499,2.400,PSSP6,38,93,2,1,0,0,0,0,0,0,0,0,0,0,0,0,0,0,0,0,0,0,0,0,0,0,6,0,0,0,0,0,0,0,0,0
2021-07-07,2021-07-28,2021-09-14,control,base,intershrub,burned,67,5A,0.71,0.0156,7.32,138.9,5.572,8.657,NA,NA,2.051,PSSP6,42.5,89,2,1,0,0,0,0,0,0,1,0,0,0,0,0,0,0,0,0,0,0,0,0,0,0,10,0,0,0,0,0,0,0,0,0
2021-07-07,2021-07-28,2021-09-14,control,base,intershrub,burned,68,5A,1.40,0.0111,7.25,138.7,8.737,6.944,4.519,3.435,2.489,PSSP6,38.9,70,3,1,0,0,0,0,0,0,3,0,0,0,0,0,0,0,0,0,0,0,0,0,0,0,10,17,0,0,0,0,0,0,0,0
2021-07-07,2021-07-28,2021-09-14,control,G,shrub,burned,69,5B,0.00,0.0081,7.63,212.0,13.702,15.363,9.716,8.937,2.240,BASC5,71.5,85,9,1,0,0,0,0,7,0,0,0,0,0,0,0,0,0,0,0,0,0,0,0,0,0,0,0,0,0,0,0,0,0,0,0
2021-07-07,2021-07-28,2021-09-14,control,G,shrub,burned,70,5B,0.00,0.0153,7.42,178.4,7.797,12.785,22.750,11.350,2.237,PSSP6,43.1,84,3,1,0,0,0,0,0,0,2,0,0,0,0,0,0,0,0,0,0,0,0,0,0,0,13,0,0,0,0,0,0,0,0,0
2021-07-07,2021-07-28,2021-09-14,control,G,intershrub,burned,71,5B,0.00,0.0074,7.57,259.0,14.162,14.883,1.418,10.504,2.381,SATR12,72,88,3,1,0,0,0,0,0,0,1,0,0,0,0,0,0,0,0,0,0,0,0,0,0,0,2,9,0,0,0,0,0,0,0,0
2021-07-07,2021-07-28,2021-09-14,control,G,intershrub,burned,72,5B,0.00,0.0080,7.42,148.6,6.197,6.825,7.825,4.634,1.766,PSSP6,59,89,2,1,0,0,0,0,0,0,0,0,0,0,0,0,0,0,0,0,0,0,0,0,0,0,8,0,0,0,0,0,0,0,0,3
2021-07-07,2021-07-28,2021-09-14,control,F,shrub,burned,73,5C,0.00,0.0163,7.67,198.5,7.578,12.021,2.968,3.289,2.291,SATR12,66,18,22,1,0,0,0,0,15,0,0,0,0,0,0,0,0,0,0,0,0,0,0,0,0,0,0,47,0,0,0,0,0,0,0,0
2021-07-07,2021-07-28,2021-09-14,control,F,shrub,burned,74,5C,0.00,0.0129,7.62,157.9,7.852,6.040,1.723,3.093,2.198,BASC5,34,58,39,1,0,0,0,0,4,0,0,0,0,0,0,0,0,0,0,0,0,0,0,0,0,0,0,0,0,0,0,0,0,0,0,0
2021-07-07,2021-07-28,2021-09-14,control,F,intershrub,burned,75,5C,0.00,0.0148,7.72,235.0,5.882,7.458,2.138,6.111,1.437,BASC5,45,53,42,1,0,0,0,0,5,0,0,0,0,0,0,0,0,0,0,0,0,0,0,0,0,0,0,0,0,0,0,0,0,0,0,2
2021-07-07,2021-07-28,2021-09-14,control,F,intershrub,burned,76,5C,0.00,0.0072,7.72,76.5,10.067,13.089,7.995,9.643,1.782,PSSP6,25,55,33,1,0,0,0,0,0,2,0,0,0,0,0,0,0,0,0,2,0,0,0,0,0,0,3,9,0,0,0,0,0,0,0,0
2021-07-07,2021-07-28,2021-09-14,control,GF,shrub,burned,77,5D,0.00,0.0155,8.14,328.0,20.195,5.732,4.043,5.711,3.815,BASC5,27,55,35,1,0,0,0,0,11,0,0,0,0,0,0,0,0,0,0,0,0,0,0,0,0,0,0,0,0,0,0,0,0,0,0,0
2021-07-07,2021-07-28,2021-09-14,control,GF,shrub,burned,78,5D,0.00,0.0080,7.98,242.0,6.772,7.343,16.978,12.196,1.414,PSSP6,19,70,25,1,0,0,0,0,0,0,0,0,0,0,0,0,0,0,0,0,0,0,0,0,0,0,6,0,0,0,0,0,0,0,0,0
2021-07-07,2021-07-28,2021-09-14,control,GF,intershrub,burned,79,5D,0.00,0.0141,8.14,260.0,17.659,13.688,4.544,10.190,2.771,BASC5,64,59,19,1,0,0,0,0,20,0,0,0,0,0,0,0,0,0,0,0,0,0,0,0,0,0,3,0,0,2,0,0,0,0,0,0
2021-07-07,2021-07-28,2021-09-14,control,GF,intershrub,burned,80,5D,0.00,0.0221,8.23,209.0,5.052,8.334,4.394,6.657,1.005,ZIPA2 ,54,53,19,1,0,0,0,0,0,0,2,0,0,0,0,1,0,0,0,0,0,0,0,0,0,0,26,0,0,0,0,0,0,0,0,3
2021-07-07,2021-07-28,2021-09-14,high nitrogen,base,shrub,burned,81,6A,1.91,0.0160,8.12,138.0,4.712,7.663,2.168,5.693,1.088,PSSP6,29,74,22,1,0,0,0,0,0,0,1,0,0,0,0,0,0,0,0,2,0,0,0,0,0,0,4,0,0,0,0,0,0,0,0,0
2021-07-07,2021-07-28,2021-09-14,high nitrogen,base,shrub,burned,82,6A,0.00,0.0146,8.30,269.0,6.422,15.539,4.464,8.896,0.630,PSSP6,14,68,32,1,0,0,0,0,0,0,1,0,0,0,0,0,0,0,0,0,0,0,0,0,0,0,1,0,0,0,0,0,0,0,0,0
2021-07-07,2021-07-28,2021-09-14,high nitrogen,base,intershrub,burned,83,6A,0.29,0.0114,8.04,285.0,7.107,7.758,2.693,3.648,0.924,PSSP6,69,51,42,1,0,0,0,0,0,0,1,0,0,0,0,0,0,0,0,0,0,0,0,0,0,0,8,0,0,0,0,0,0,0,0,0
2021-07-07,2021-07-28,2021-09-14,high nitrogen,base,intershrub,burned,84,6A,0.00,0.0128,8.29,230.0,3.572,8.455,2.263,3.883,1.344,PSSP6,38,57,33,1,0,0,0,0,0,2,0,0,0,0,0,0,0,0,0,0,0,0,0,0,0,0,9,0,0,0,0,0,0,2,0,0
2021-07-07,2021-07-28,2021-09-14,high nitrogen,G,shrub,burned,85,6B,0.00,0.0137,8.37,297.0,4.672,11.542,3.038,20.970,2.310,NA,NA,58,42,1,0,0,0,0,0,0,0,0,0,0,0,0,0,0,0,0,0,0,0,0,0,0,0,0,0,0,0,0,0,0,0,0
2021-07-07,2021-07-28,2021-09-14,high nitrogen,G,shrub,burned,86,6B,0.00,0.0126,8.25,355.0,15.833,29.141,5.183,13.032,2.105,BASC5,43,55,37,1,0,0,0,0,9,0,0,0,0,0,0,0,0,0,0,0,0,0,0,0,0,0,0,0,0,0,0,0,0,0,0,0
2021-07-07,2021-07-28,2021-09-14,high nitrogen,G,intershrub,burned,87,6B,1.47,0.0119,8.05,287.0,10.923,10.457,5.809,10.784,NA,PSSP6,70,66,28,1,1,0,0,0,0,0,0,0,0,0,0,1,0,0,0,0,0,0,0,0,0,0,7,0,0,0,0,0,0,0,0,0
2021-07-07,2021-07-28,2021-09-14,high nitrogen,G,intershrub,burned,88,6B,0.00,0.0150,8.04,237.0,6.217,10.373,3.088,6.471,2.333,PSSP6,28,54,45,1,0,0,0,0,0,0,0,0,0,0,0,0,0,0,0,0,0,0,0,0,0,0,2,0,0,0,0,0,0,0,0,0
2021-07-07,2021-07-28,2021-09-14,high nitrogen,F,shrub,burned,89,6C,0.00,0.0169,8.47,131.3,4.687,8.172,2.168,5.389,0.880,PSSP6,39.5,82,10,1,0,0,0,0,0,6,0,0,0,0,0,0,0,0,0,0,0,0,0,0,0,0,4,0,0,0,0,0,0,0,0,0
2021-07-07,2021-07-28,2021-09-14,high nitrogen,F,shrub,burned,90,6C,0.00,0.0146,8.25,257.0,34.492,8.428,2.403,8.392,2.394,NA,NA,84,16,1,0,0,0,0,0,0,0,0,0,0,0,0,0,0,0,0,0,0,0,0,0,0,0,0,0,0,0,0,0,0,0,0
2021-07-07,2021-07-28,2021-09-14,high nitrogen,F,intershrub,burned,91,6C,0.00,0.0103,7.76,307.0,9.257,12.879,3.844,7.059,3.462,PSSP6,36.5,79,7,1,0,0,0,0,0,2,0,0,0,0,0,0,0,0,0,0,0,0,0,0,0,0,14,0,0,0,0,0,0,1,0,0
2021-07-07,2021-07-28,2021-09-14,high nitrogen,F,intershrub,burned,92,6C,0.00,0.0132,7.40,171.4,8.272,5.949,13.655,7.854,2.243,CANU3,17,82,14,1,0,0,0,0,0,0,1,0,0,0,0,0,0,0,0,4,0,0,0,0,0,0,2,0,0,0,0,0,0,0,0,0
2021-07-07,2021-07-28,2021-09-14,high nitrogen,GF,shrub,burned,93,6D,0.00,0.0130,8.24,299.0,10.998,21.064,24.113,14.772,0.755,SATR12,53,58,32,1,0,0,0,0,0,0,0,0,0,0,0,0,0,0,0,0,0,0,0,0,0,0,0,11,0,0,0,0,0,0,0,0
2021-07-07,2021-07-28,2021-09-14,high nitrogen,GF,shrub,burned,94,6D,0.00,0.0119,8.33,210.0,3.637,9.064,4.828,6.496,0.515,PSSP6,61,59,34,1,0,0,0,0,0,0,1,0,0,0,0,0,0,0,0,0,0,0,0,0,0,0,5,4,0,0,0,0,0,0,0,0
2021-07-07,2021-07-28,2021-09-14,high nitrogen,GF,intershrub,burned,95,6D,0.00,0.0154,8.22,273.0,10.208,24.276,9.166,15.398,1.312,DEPI,29.9,65,33,1,0,0,0,0,0,0,0,0,0,0,0,2,0,0,0,2,0,0,0,0,0,0,0,0,0,0,0,0,0,0,0,0
2021-07-07,2021-07-28,2021-09-14,high nitrogen,GF,intershrub,burned,96,6D,6.78,0.0128,8.30,183.2,2.941,6.894,3.443,7.192,1.180,CANU3,27,73,12,1,0,0,0,0,1,0,3,0,0,0,0,0,0,0,0,0,0,0,0,0,2,0,13,0,0,0,0,0,0,0,0,0
2021-07-07,2021-07-28,2021-09-14,control,base,shrub,burned,97,7A,0.00,0.0136,7.96,202.0,12.218,16.655,37.309,2.929,2.710,BASC5,39,72,18,1,0,0,0,0,11,0,0,0,0,0,0,0,0,0,0,0,0,0,0,0,0,0,0,0,0,0,0,0,0,0,0,0
2021-07-07,2021-07-28,2021-09-14,control,base,shrub,burned,98,7A,0.00,0.0116,7.68,195.4,2.976,6.668,3.348,6.683,1.696,HECO26 ,7,78,22,1,0,0,0,0,0,0,0,0,0,0,0,0,0,0,0,1,0,0,0,0,0,0,0,0,0,0,0,0,0,0,0,0
2021-07-07,2021-07-28,2021-09-14,control,base,intershrub,burned,99,7A,1.63,0.0143,7.70,144.4,3.507,4.154,4.643,3.679,1.619,PSSP6,26.7,79,6,1,0,0,0,0,0,1,0,0,0,0,0,1,0,0,0,15,0,0,0,0,0,2,1,0,0,0,0,0,0,0,0,0
2021-07-07,2021-07-28,2021-09-14,control,base,intershrub,burned,100,7A,1.05,0.0087,7.62,133.3,3.526,7.727,4.944,1.524,1.843,PSSP6,27.8,84,10,2,0,0,0,0,0,0,3,0,0,0,0,0,0,0,0,4,0,0,0,0,0,0,1,0,0,0,0,0,0,0,0,0
2021-07-07,2021-07-28,2021-09-14,control,G,shrub,burned,101,7B,0.00,0.0106,7.17,179.2,3.411,7.683,5.134,10.541,1.862,PSSP6,56.5,82,14,1,0,0,0,0,0,0,2,0,0,0,0,0,0,0,0,0,0,0,0,0,0,1,4,0,0,0,0,0,0,0,0,0
2021-07-07,2021-07-28,2021-09-14,control,G,shrub,burned,102,7B,0.00,0.0095,7.40,183.7,5.782,7.017,6.474,17.015,2.643,PSSP6,23.6,70,23,1,0,0,0,0,0,0,1,0,0,0,0,0,0,0,0,0,0,0,0,0,0,2,7,0,0,0,0,0,0,0,0,0
2021-07-07,2021-07-28,2021-09-14,control,G,intershrub,burned,103,7B,0.00,0.0177,7.66,159.9,4.492,9.621,4.994,5.889,2.019,PSSP6,28.5,74,21,1,0,0,0,0,0,0,1,0,0,0,0,0,0,0,0,0,0,0,0,0,0,1,6,0,0,0,0,0,0,0,0,0
2021-07-07,2021-07-28,2021-09-14,control,G,intershrub,burned,104,7B,0.00,0.0104,7.92,306.0,32.170,15.039,17.986,9.344,2.982,PSSP6,37.9,72,24,1,0,0,0,0,0,0,1,0,0,0,0,0,0,0,0,0,0,0,0,0,0,2,4,0,0,0,0,0,0,0,0,0
2021-07-07,2021-07-28,2021-09-14,control,F,shrub,burned,105,7C,0.00,0.0138,7.65,102.3,11.663,8.662,3.148,9.155,2.224,SATR12,47.1,74,12,1,0,0,0,0,0,0,1,0,0,0,0,0,0,0,0,2,0,0,0,0,0,1,2,13,0,0,0,0,0,0,0,0
2021-07-07,2021-07-28,2021-09-14,control,F,shrub,burned,106,7C,0.32,0.0128,7.64,234.0,4.402,5.682,4.714,3.188,2.448,PSSP6,25,77,22,1,0,0,0,0,0,0,1,0,0,0,0,0,0,0,0,0,0,0,0,0,0,0,2,0,0,0,0,0,0,0,0,0
2021-07-07,2021-07-28,2021-09-14,control,F,intershrub,burned,107,7C,2.96,0.0148,8.18,251.0,17.774,8.105,3.378,9.657,2.522,PSSP6,31.9,86,10,1,0,0,0,0,0,0,2,0,0,0,0,0,0,0,0,0,0,0,0,0,0,2,3,0,0,0,0,0,0,0,0,0
2021-07-07,2021-07-28,2021-09-14,control,F,intershrub,burned,108,7C,0.00,0.0172,7.44,150.0,7.513,6.248,5.829,6.795,2.074,PSSP6,25.1,83,9,1,0,0,0,0,0,0,2,0,0,0,0,0,0,0,0,1,0,0,0,0,0,3,6,0,0,0,0,0,0,0,0,0
2021-07-07,2021-07-28,2021-09-14,control,GF,shrub,burned,109,7D,0.00,0.0092,7.92,182.9,7.272,7.864,22.944,8.988,3.017,PSSP6,13.2,77,21,1,0,0,0,0,0,0,0,0,0,0,0,0,0,0,0,0,0,0,0,0,0,1,1,3,0,0,0,0,0,0,0,0
2021-07-07,2021-07-28,2021-09-14,control,GF,shrub,burned,110,7D,0.00,0.0185,7.77,286.0,15.289,6.792,18.913,10.534,3.956,SATR12,41.5,62,26,1,0,0,0,0,0,0,0,0,0,0,0,0,0,0,0,0,0,0,0,0,0,0,0,13,0,0,0,0,0,0,0,0
2021-07-07,2021-07-28,2021-09-14,control,GF,intershrub,burned,111,7D,0.00,0.0173,7.62,123.3,2.512,4.530,1.082,4.820,1.190,CANU3,2.9,86,13,1,0,0,0,0,0,0,2,0,0,0,0,0,0,0,0,0,0,0,0,0,0,0,0,0,0,0,0,0,0,0,0,0
2021-07-07,2021-07-28,2021-09-14,control,GF,intershrub,burned,112,7D,0.09,0.0110,7.81,160.6,7.537,9.675,12.897,13.768,2.163,BASC5,22.9,70,24,1,0,0,0,0,3,0,2,1,0,0,0,0,0,0,0,0,0,0,0,0,0,3,2,0,0,0,0,0,0,0,0,0
2021-07-08,2021-07-28,2021-09-14,low nitrogen,base,shrub,burned,113,8A,0.00,0.0111,7.67,104.7,2.356,6.490,8.976,8.092,1.046,BASC5,68,67,25,1,0,0,0,0,9,0,0,0,0,0,0,0,0,0,0,0,0,0,0,0,0,0,0,0,0,0,0,0,0,0,0,0
2021-07-08,2021-07-28,2021-09-14,low nitrogen,base,shrub,burned,114,8A,0.00,0.0175,8.30,288.0,21.911,15.025,6.960,8.413,1.267,NA,NA,73,27,1,0,0,0,0,0,0,0,0,0,0,0,0,0,0,0,0,0,0,0,0,0,0,0,0,0,0,0,0,0,0,0,0
2021-07-08,2021-07-28,2021-09-14,low nitrogen,base,intershrub,burned,115,8A,0.00,0.0138,8.06,280.0,4.577,13.934,3.978,7.978,1.011,PSSP6,39,72,25,1,0,0,0,0,0,0,0,0,0,0,0,0,0,0,0,0,0,0,0,0,0,0,4,0,0,0,0,0,0,0,0,0
2021-07-08,2021-07-28,2021-09-14,low nitrogen,base,intershrub,burned,116,8A,4.68,0.0061,8.02,191.4,4.091,6.503,12.136,15.374,1.417,CHENO,49,64,27,1,0,0,0,0,0,0,2,0,6,0,0,1,0,0,0,0,0,0,0,0,0,0,4,0,0,0,0,0,0,0,0,0
2021-07-08,2021-07-28,2021-09-14,low nitrogen,G,shrub,burned,117,8B,0.00,0.0113,8.29,193.5,4.527,8.836,9.415,19.470,1.004,NA,NA,55,45,1,0,0,0,0,0,0,0,0,0,0,0,0,0,0,0,0,0,0,0,0,0,0,0,0,0,0,0,0,0,0,0,0
2021-07-08,2021-07-28,2021-09-14,low nitrogen,G,shrub,burned,118,8B,0.00,0.0141,8.14,309.0,19.674,10.461,9.450,9.358,2.666,CHENO,69,59,39,1,0,0,0,0,0,0,0,0,3,0,0,1,0,0,0,0,0,0,0,0,0,0,0,0,0,0,0,0,0,0,0,0
2021-07-08,2021-07-28,2021-09-14,low nitrogen,G,intershrub,burned,119,8B,0.00,0.0081,7.89,211.0,9.347,9.079,3.693,5.038,1.788,SATR12,44,55,39,1,0,0,0,0,0,0,0,0,0,0,0,0,0,0,0,0,0,0,0,0,0,0,0,7,0,0,0,0,0,0,0,0
2021-07-08,2021-07-28,2021-09-14,low nitrogen,G,intershrub,burned,120,8B,0.00,0.0155,7.91,214.0,3.472,9.683,5.829,4.994,1.526,NA,NA,51,49,1,0,0,0,0,0,0,0,0,0,0,0,0,0,0,0,0,0,0,0,0,0,0,0,0,0,0,0,0,0,0,0,0
2021-07-08,2021-07-28,2021-09-14,low nitrogen,F,shrub,burned,121,8C,0.00,0.0206,8.32,215.0,3.957,10.598,3.318,9.232,1.664,NA,NA,38,62,1,0,0,0,0,0,0,0,0,0,0,0,0,0,0,0,0,0,0,0,0,0,0,0,0,0,0,0,0,0,0,0,0
2021-07-08,2021-07-28,2021-09-14,low nitrogen,F,shrub,burned,122,8C,0.00,0.0098,8.26,264.0,9.222,12.139,6.829,10.578,1.152,PSSP6,21,49,50,1,0,0,0,0,0,0,1,0,0,0,0,0,0,0,0,0,0,0,0,0,0,0,2,0,0,0,0,0,0,0,0,0
2021-07-08,2021-07-28,2021-09-14,low nitrogen,F,intershrub,burned,123,8C,0.00,0.0159,8.40,258.0,2.932,9.682,2.198,5.312,1.635,BRTE,20,60,39,1,0,0,0,0,0,2,0,0,0,0,0,0,0,0,0,0,0,0,0,0,0,0,0,0,0,0,0,0,0,0,0,0
2021-07-08,2021-07-28,2021-09-14,low nitrogen,F,intershrub,burned,124,8C,0.44,0.0163,8.54,206.0,2.832,4.436,6.579,6.511,1.693,BRTE,26,36,57,1,0,0,0,0,0,8,0,0,0,0,0,0,0,0,0,0,0,0,0,0,0,0,0,0,0,0,0,0,0,0,0,0
2021-07-08,2021-07-28,2021-09-14,low nitrogen,GF,shrub,burned,125,8D,0.00,0.0120,8.17,385.0,15.808,20.615,13.262,19.844,1.629,NA,NA,32,68,1,0,0,0,0,0,0,0,0,0,0,0,0,0,0,0,0,0,0,0,0,0,0,0,0,0,0,0,0,0,0,0,0
2021-07-08,2021-07-28,2021-09-14,low nitrogen,GF,shrub,burned,126,8D,0.00,0.0200,8.61,306.0,2.957,10.322,3.614,13.640,2.439,SAVE4,65,51,30,1,0,0,0,0,0,0,0,0,0,0,0,0,0,0,0,0,0,0,0,0,0,0,0,0,20,0,0,0,0,0,0,0
2021-07-08,2021-07-28,2021-09-14,low nitrogen,GF,intershrub,burned,127,8D,3.74,0.0164,8.60,243.0,3.382,9.051,5.674,8.738,2.669,HECO26,31,32,56,1,0,0,0,0,0,5,0,0,0,0,0,0,0,0,0,9,0,0,0,0,0,0,0,0,0,0,0,0,0,0,0,0
2021-07-08,2021-07-28,2021-09-14,low nitrogen,GF,intershrub,burned,128,8D,6.82,0.0183,8.67,213.0,2.792,3.380,NA,NA,1.190,PSSP6,29,40,51,1,0,0,0,0,0,1,0,0,0,0,0,0,1,0,0,0,0,0,0,0,0,0,10,0,0,0,0,0,0,0,0,0
2021-07-08,2021-07-28,2021-09-14,shrub removal,base,shrub,burned,129,9A,5.13,0.0174,7.71,334.0,7.188,8.238,3.314,23.939,3.399,PSSP6,64.1,58,17,1,0,0,0,0,0,5,0,0,0,0,0,0,0,0,0,0,0,0,0,0,0,0,22,0,0,0,0,0,0,0,0,0
2021-07-08,2021-07-28,2021-09-14,shrub removal,base,shrub,burned,130,9A,5.12,0.0075,7.58,305.0,9.902,13.267,1.348,10.309,3.779,PSSP6,59.8,33,23,1,0,0,0,0,0,5,0,0,0,0,0,0,0,0,0,0,0,0,0,0,0,0,41,0,0,0,0,0,0,0,0,0
2021-07-08,2021-07-28,2021-09-14,shrub removal,base,intershrub,burned,131,9A,0.00,0.0086,7.76,303.0,3.436,13.792,7.821,30.961,2.477,PSSP6,79.4,34,7,1,0,0,0,0,0,19,0,0,0,0,0,4,0,0,0,0,0,0,0,0,0,0,34,6,0,0,0,0,0,0,0,0
2021-07-08,2021-07-28,2021-09-14,shrub removal,base,intershrub,burned,132,9A,2.41,0.0159,7.68,230.0,7.808,4.217,18.081,5.368,3.594,PSSP6,65,39,20,1,0,0,0,0,0,19,1,0,0,0,0,0,0,0,0,0,0,0,0,0,0,0,23,0,0,0,0,0,0,2,0,0
2021-07-08,2021-07-28,2021-09-14,shrub removal,G,shrub,burned,133,9B,2.37,0.0106,8.15,278.0,9.022,5.006,19.840,10.663,3.786,PSSP6,77,27,9,1,0,0,0,0,1,37,0,0,0,0,0,0,0,0,0,5,0,0,4,0,0,0,22,0,0,0,0,0,0,1,0,0
2021-07-08,2021-07-28,2021-09-14,shrub removal,G,shrub,burned,134,9B,4.81,0.0134,8.42,256.0,7.507,5.076,2.723,3.229,2.726,PSSP6,68.4,25,5,1,0,0,0,0,0,45,0,0,0,0,0,0,0,0,0,0,0,0,0,0,0,0,27,0,0,0,0,0,0,0,0,0
2021-07-08,2021-07-28,2021-09-14,shrub removal,G,intershrub,burned,135,9B,1.07,0.0178,8.36,251.0,4.587,4.465,2.768,7.673,2.317,PSSP6,76.5,34,15,1,0,0,0,0,0,17,1,0,0,0,0,0,0,0,0,0,0,0,0,0,4,0,32,0,0,0,0,0,0,2,0,0
2021-07-08,2021-07-28,2021-09-14,shrub removal,G,intershrub,burned,136,9B,3.34,0.0087,8.37,219.0,4.121,6.390,12.371,10.800,2.624,PSSP6,61.5,63,16,1,0,0,0,0,6,6,0,0,0,0,0,0,0,0,0,0,0,0,0,0,0,0,8,0,0,0,0,0,0,5,0,0
2021-07-08,2021-07-28,2021-09-14,shrub removal,F,shrub,burned,137,9C,7.35,0.0130,8.34,112.6,7.472,6.778,2.658,3.258,2.925,PSSP6,84,36,14,1,0,0,0,0,0,7,0,0,0,0,0,0,0,0,0,0,0,0,0,0,0,0,45,0,0,0,0,0,0,0,0,0
2021-07-08,2021-07-28,2021-09-14,shrub removal,F,shrub,burned,138,9C,3.86,0.0108,8.66,208.0,3.471,3.034,7.814,3.840,1.629,PSSP6,44,25,30,1,0,0,0,0,0,3,0,0,0,0,0,0,0,0,0,2,0,0,0,1,0,0,41,0,0,0,0,0,0,3,0,0
2021-07-08,2021-07-28,2021-09-14,shrub removal,F,intershrub,burned,139,9C,4.90,0.0091,8.54,293.0,4.387,8.915,8.575,6.718,1.792,PSSP6,89,70,13,1,0,0,0,0,0,0,1,0,0,0,0,0,0,0,0,0,0,0,0,0,0,0,18,0,0,0,0,0,0,0,0,0
2021-07-08,2021-07-28,2021-09-14,shrub removal,F,intershrub,burned,140,9C,2.81,0.0124,8.55,228.0,4.592,1.467,7.765,0.713,2.656,PSSP6,67.5,18,16,1,0,0,1,0,0,17,2,0,0,0,0,0,0,0,0,2,0,0,0,0,0,0,46,0,0,0,0,0,0,4,0,0
2021-07-08,2021-07-28,2021-09-14,shrub removal,GF,shrub,burned,141,9D,6.12,0.0118,8.56,214.0,4.922,3.642,4.428,2.948,2.778,PSSP6,74,11,6,1,0,0,1,0,0,15,0,0,0,0,0,0,0,0,0,0,0,0,0,0,0,0,70,0,0,0,0,0,0,0,0,0
2021-07-08,2021-07-28,2021-09-14,shrub removal,GF,shrub,burned,142,9D,0.00,0.0137,8.73,413.0,2.731,12.568,5.589,5.692,2.774,BRTE,23,68,29,1,0,0,0,0,0,4,0,0,0,0,0,0,0,0,0,0,0,0,0,0,0,0,0,0,0,0,0,0,0,0,0,0
2021-07-08,2021-07-28,2021-09-14,shrub removal,GF,intershrub,burned,143,9D,3.54,0.0147,8.34,251.0,3.847,2.475,6.724,1.695,2.810,PSSP6,50.5,20,22,1,0,0,0,0,0,29,1,0,0,0,0,0,0,0,0,7,0,0,0,0,0,0,25,0,0,0,0,0,0,0,0,0
2021-07-08,2021-07-28,2021-09-14,shrub removal,GF,intershrub,burned,144,9D,4.76,0.0150,8.39,191.8,3.907,3.910,5.724,1.679,2.906,PSSP6,60.5,40,12,1,0,0,1,0,0,21,0,0,0,0,0,0,0,0,0,3,0,0,0,0,0,0,23,0,0,0,0,0,0,5,0,0
2021-07-08,2021-07-22,2021-09-09,high nitrogen,base,shrub,burned,145,10A,5.94,0.0362,6.64,195.9,23.331,7.178,45.570,15.303,1.943,PSSP6,35,18,73,1,0,0,0,0,0,0,0,0,0,0,0,0,0,0,0,0,0,0,0,0,0,0,10,0,0,0,0,0,0,0,0,0
2021-07-08,2021-07-22,2021-09-09,high nitrogen,base,shrub,burned,146,10A,0.00,0.0349,7.07,213.0,4.928,8.667,NA,NA,2.154,NA,NA,50,50,1,0,0,0,0,0,0,0,0,0,0,0,0,0,0,0,0,0,0,0,0,0,0,0,0,0,0,0,0,0,0,0,0
2021-07-08,2021-07-22,2021-09-09,high nitrogen,base,intershrub,burned,147,10A,0.00,0.0192,6.69,166.2,6.072,8.420,6.244,5.956,0.979,PSSP6,32,35,64,1,0,0,0,0,0,0,0,0,0,0,0,0,0,0,0,0,0,0,0,0,0,0,2,0,0,0,0,0,0,0,0,0
2021-07-08,2021-07-22,2021-09-09,high nitrogen,base,intershrub,burned,148,10A,0.00,0.0312,7.86,216.0,28.772,16.820,NA,NA,1.690,NA,NA,56,44,1,0,0,0,0,0,0,0,0,0,0,0,0,0,0,0,0,0,0,0,0,0,0,0,0,0,0,0,0,0,0,0,0
2021-07-08,2021-07-22,2021-09-09,high nitrogen,G,shrub,burned,149,10B,0.00,0.0275,7.30,267.0,30.246,6.991,12.322,11.362,1.501,NA,NA,59,41,1,0,0,0,0,0,0,0,0,0,0,0,0,0,0,0,0,0,0,0,0,0,0,0,0,0,0,0,0,0,0,0,0
2021-07-08,2021-07-22,2021-09-09,high nitrogen,G,shrub,burned,150,10B,0.00,0.0322,7.21,227.0,11.235,13.642,0.803,20.876,1.261,NA,NA,58,42,1,0,0,0,0,0,0,0,0,0,0,0,0,0,0,0,0,0,0,0,0,0,0,0,0,0,0,0,0,0,0,0,0
2021-07-08,2021-07-22,2021-09-09,high nitrogen,G,intershrub,burned,151,10B,0.03,0.0293,7.05,280.0,25.855,12.845,15.919,20.859,3.220,PSSP6,42,47,52,1,0,0,0,0,0,0,1,0,0,0,0,0,0,0,0,0,0,0,0,0,0,0,2,0,0,0,0,0,0,0,0,0
2021-07-08,2021-07-22,2021-09-09,high nitrogen,G,intershrub,burned,152,10B,0.00,0.0241,6.45,123.7,8.859,10.748,38.360,16.136,2.115,PSSP6,36,37,60,1,0,0,0,0,2,0,0,0,0,0,0,0,0,0,0,0,0,0,0,0,0,0,3,0,0,0,0,0,0,0,0,0
2021-07-08,2021-07-22,2021-09-09,high nitrogen,F,shrub,burned,153,10C,0.00,0.0314,6.52,20.7,27.791,12.748,16.568,29.057,1.763,NA,NA,45,55,1,0,0,0,0,0,0,0,0,0,0,0,0,0,0,0,0,0,0,0,0,0,0,0,0,0,0,0,0,0,0,0,0
2021-07-08,2021-07-22,2021-09-09,high nitrogen,F,shrub,burned,154,10C,0.00,0.0386,7.49,244.0,17.169,21.069,38.150,18.668,1.700,NA,NA,50,50,1,0,0,0,0,0,0,0,0,0,0,0,0,0,0,0,0,0,0,0,0,0,0,0,0,0,0,0,0,0,0,0,0
2021-07-08,2021-07-22,2021-09-09,high nitrogen,F,intershrub,burned,155,10C,0.00,0.0373,7.63,283.2,31.135,6.485,25.409,10.896,1.030,NA,NA,27,73,1,0,0,0,0,0,0,0,0,0,0,0,0,0,0,0,0,0,0,0,0,0,0,0,0,0,0,0,0,0,0,0,0
2021-07-08,2021-07-22,2021-09-09,high nitrogen,F,intershrub,burned,156,10C,0.00,0.0257,6.70,114.2,7.243,5.756,11.741,16.710,0.790,ZIPA2,36,34,65,1,0,0,0,0,0,0,0,0,0,0,0,0,0,0,0,0,0,0,0,0,0,0,2,0,0,0,0,0,0,0,0,1
2021-07-08,2021-07-22,2021-09-09,high nitrogen,GF,shrub,burned,157,10D,0.00,0.0319,7.03,167.0,22.575,21.010,2.508,6.867,1.917,NA,NA,42,58,1,0,0,0,0,0,0,0,0,0,0,0,0,0,0,0,0,0,0,0,0,0,0,0,0,0,0,0,0,0,0,0,0
2021-07-08,2021-07-22,2021-09-09,high nitrogen,GF,shrub,burned,158,10D,0.00,0.0229,7.27,161.8,7.738,11.324,4.193,6.678,1.088,NA,NA,57,43,1,0,0,0,0,0,0,0,0,0,0,0,0,0,0,0,0,0,0,0,0,0,0,0,0,0,0,0,0,0,0,0,0
2021-07-08,2021-07-22,2021-09-09,high nitrogen,GF,intershrub,burned,159,10D,0.00,0.0243,7.06,154.2,22.203,12.037,15.793,5.935,1.427,PSSP6,35,52,47,1,0,0,0,0,0,0,0,0,0,0,0,0,0,0,0,0,0,0,0,0,0,0,2,0,0,0,0,0,0,0,0,0
2021-07-08,2021-07-22,2021-09-09,high nitrogen,GF,intershrub,burned,160,10D,1.94,0.0297,7.33,142.2,9.664,8.367,30.868,2.569,1.277,HEAN3,12,66,33,1,0,0,0,0,0,0,0,0,0,0,0,0,0,0,2,0,0,0,0,0,0,0,0,0,0,0,0,0,0,0,0,0
2021-07-08,2021-07-22,2021-09-09,control,base,shrub,burned,161,11A,0.33,0.0271,8.15,157.4,6.558,13.552,4.224,11.294,0.669,PSSP6,17.5,80,18,1,0,0,0,0,0,0,0,0,0,0,0,0,0,0,0,0,0,0,0,0,0,2,2,0,0,0,0,0,0,0,0,0
2021-07-08,2021-07-22,2021-09-09,control,base,shrub,burned,162,11A,0.16,0.0187,8.37,161.7,3.317,10.130,6.844,21.232,1.197,PSSP6,30.4,84,10,1,0,0,0,0,4,1,2,0,0,0,0,0,0,0,0,0,0,0,0,0,0,0,3,0,0,0,0,0,0,0,0,0
2021-07-08,2021-07-22,2021-09-09,control,base,intershrub,burned,163,11A,0.00,0.0344,8.12,203.0,3.703,8.004,5.247,12.411,0.857,SATR12,29.2,84,7,1,0,0,0,0,0,0,2,2,0,0,0,0,0,0,0,3,0,0,0,0,0,1,0,6,0,0,0,0,0,0,0,0
2021-07-08,2021-07-22,2021-09-09,control,base,intershrub,burned,164,11A,0.00,0.0239,8.05,189.3,3.877,8.447,NA,NA,0.761,HECO26 ,18.1,92,6,1,0,0,0,0,0,1,1,0,0,0,0,0,0,0,0,3,0,0,0,0,0,1,1,0,0,0,0,0,0,0,0,0
2021-07-08,2021-07-22,2021-09-09,control,G,shrub,burned,165,11B,0.00,0.0343,8.43,109.8,6.429,4.484,2.613,5.887,0.403,PSSP6,19.9,73,25,1,0,0,0,0,0,0,0,0,0,0,0,0,0,0,0,0,0,0,0,0,0,0,3,0,0,0,0,0,0,0,0,0
2021-07-08,2021-07-22,2021-09-09,control,G,shrub,burned,166,11B,0.00,0.0234,8.41,140.2,2.302,6.349,NA,NA,0.217,NA,NA,73,27,1,0,0,0,0,0,0,0,0,0,0,0,0,0,0,0,0,0,0,0,0,0,0,0,0,0,0,0,0,0,0,0,0
2021-07-08,2021-07-22,2021-09-09,control,G,intershrub,burned,167,11B,0.00,0.0256,7.89,133.2,2.242,7.232,3.504,6.776,0.713,HECO26,4.1,77,22,1,0,0,0,0,0,0,1,0,0,0,0,0,0,0,0,1,0,0,0,0,0,2,0,0,0,0,0,0,0,0,0,0
2021-07-08,2021-07-22,2021-09-09,control,G,intershrub,burned,168,11B,0.00,0.0335,8.34,141.9,3.247,4.291,6.310,12.681,0.931,BRTE,15.7,91,8,1,0,0,0,0,0,1,2,0,0,0,0,0,0,0,0,0,0,0,0,0,0,1,0,0,0,0,0,0,0,0,0,0
2021-07-08,2021-07-22,2021-09-09,control,F,shrub,burned,169,11C,0.00,0.0294,8.27,150.5,8.034,14.070,4.434,6.441,0.236,BASC5,21.4,85,12,1,0,0,0,0,1,0,0,0,0,0,0,0,0,0,0,0,0,0,0,0,0,0,4,0,0,0,0,0,0,0,0,0
2021-07-08,2021-07-22,2021-09-09,control,F,shrub,burned,170,11C,0.00,0.0311,8.37,166.2,2.287,5.323,1.608,6.322,0.451,CANU3,20,89,9,1,0,0,0,0,0,0,2,0,0,0,0,0,0,0,0,0,0,0,0,0,0,2,0,0,0,0,0,0,0,0,0,0
2021-07-08,2021-07-22,2021-09-09,control,F,intershrub,burned,171,11C,0.00,0.0203,7.96,142.9,2.847,6.468,4.699,6.722,0.649,DEPI,21.4,85,13,1,0,0,0,0,0,0,0,0,0,0,0,2,0,0,0,2,0,0,0,0,0,1,0,0,0,0,0,0,0,0,0,0
2021-07-08,2021-07-22,2021-09-09,control,F,intershrub,burned,172,11C,3.61,0.0363,8.33,189.8,3.368,10.184,3.739,8.426,0.592,PSSP6,23.5,86,9,1,0,0,0,0,1,0,2,1,0,0,0,0,0,0,0,1,0,0,0,0,0,0,5,0,0,0,0,0,0,0,0,0
2021-07-08,2021-07-22,2021-09-09,control,GF,shrub,burned,173,11D,0.00,0.0239,7.93,234.0,6.088,11.295,0.438,22.201,1.139,SOTR,4.9,72,26,1,0,0,0,0,0,0,2,0,0,0,0,0,0,0,0,0,0,0,0,0,0,0,0,0,0,0,2,0,0,0,0,0
2021-07-08,2021-07-22,2021-09-09,control,GF,shrub,burned,174,11D,0.00,0.0309,7.70,138.3,2.607,5.130,3.704,7.009,0.525,CANU3,17.1,73,24,1,0,0,0,0,0,0,1,0,0,0,0,0,0,0,0,0,0,0,0,0,0,3,2,0,0,0,0,0,0,0,0,0
2021-07-08,2021-07-22,2021-09-09,control,GF,intershrub,burned,175,11D,4.43,0.0328,7.28,122.8,4.998,9.403,1.398,16.383,0.733,ZIPA2,39.8,69,20,1,0,0,0,0,0,0,1,0,0,0,0,0,0,0,0,3,0,0,0,0,0,2,0,0,0,0,0,0,0,0,0,9
2021-07-08,2021-07-22,2021-09-09,control,GF,intershrub,burned,176,11D,0.00,0.0412,7.84,211.0,13.873,19.568,NA,NA,0.480,CANU3,24.4,88,12,1,0,0,0,0,0,0,1,0,0,0,0,0,0,0,0,0,0,0,0,0,0,1,0,0,0,0,0,0,0,0,0,0
2021-07-08,2021-07-22,2021-09-09,low nitrogen,base,shrub,burned,177,12A,0.00,0.0217,7.85,246.0,7.853,9.826,1.728,3.937,1.110,CANU3,18,67,32,1,0,0,0,0,0,0,2,0,0,0,0,0,0,0,0,0,0,0,0,0,0,0,0,0,0,0,0,0,0,0,0,0
2021-07-08,2021-07-22,2021-09-09,low nitrogen,base,shrub,burned,178,12A,0.00,0.0264,7.70,262.0,9.139,12.662,3.708,4.143,1.037,PSSP6,28,46,53,1,0,0,0,0,0,0,1,0,0,0,0,0,0,0,0,0,0,0,0,0,0,0,2,0,0,0,0,0,0,0,0,0
2021-07-08,2021-07-22,2021-09-09,low nitrogen,base,intershrub,burned,179,12A,0.00,0.0350,7.77,234.0,7.359,6.667,6.955,2.820,0.781,PSSP6,25,41,52,1,0,0,0,0,0,1,2,0,0,0,0,0,0,0,0,0,0,0,0,0,0,0,7,0,0,0,0,0,0,0,0,0
2021-07-08,2021-07-22,2021-09-09,low nitrogen,base,intershrub,burned,180,12A,0.00,0.0304,8.09,135.2,4.518,6.957,8.084,6.559,1.066,BASC5,27,66,31,1,0,0,0,0,4,0,1,0,0,0,0,0,0,0,0,0,0,0,0,0,0,0,1,0,0,0,0,0,0,0,0,0
2021-07-08,2021-07-22,2021-09-09,low nitrogen,G,shrub,burned,181,12B,1.69,0.0199,7.99,166.5,7.333,6.587,6.220,3.846,1.043,PSSP6,47,49,47,1,0,0,0,0,0,0,0,0,0,0,0,0,0,0,0,0,0,0,0,0,0,0,5,0,0,0,0,0,0,0,0,0
2021-07-08,2021-07-22,2021-09-09,low nitrogen,G,shrub,burned,182,12B,1.88,0.0370,8.06,160.7,6.899,5.831,11.564,9.558,0.688,PSSP6,20,61,37,1,0,0,0,0,0,0,2,0,0,0,0,0,0,0,0,2,0,0,0,0,0,0,1,0,0,0,0,0,0,0,0,0
2021-07-08,2021-07-22,2021-09-09,low nitrogen,G,intershrub,burned,183,12B,0.00,0.0229,7.74,169.2,7.398,9.373,6.870,9.871,1.216,CANU3,16,78,22,1,0,0,0,0,0,0,1,0,0,0,0,0,0,0,0,0,0,0,0,0,0,0,0,0,0,0,0,0,0,0,0,0
2021-07-08,2021-07-22,2021-09-09,low nitrogen,G,intershrub,burned,184,12B,5.09,0.0300,8.03,177.5,3.342,3.023,NA,NA,1.053,PSSP6,55,50,39,1,0,0,0,0,0,0,0,0,0,0,0,0,0,0,0,0,0,0,0,0,0,0,12,0,0,0,0,0,0,0,0,1
2021-07-08,2021-07-22,2021-09-09,low nitrogen,F,shrub,burned,185,12C,0.00,0.0342,7.89,236.0,18.844,11.425,6.649,12.089,0.889,NA,NA,52,48,1,0,0,0,0,0,0,0,0,0,0,0,0,0,0,0,0,0,0,0,0,0,0,0,0,0,0,0,0,0,0,0,0
2021-07-08,2021-07-22,2021-09-09,low nitrogen,F,shrub,burned,186,12C,0.00,0.0320,7.91,353.0,28.257,20.316,0.222,32.359,1.283,NA,NA,52,48,1,0,0,0,0,0,0,0,0,0,0,0,0,0,0,0,0,0,0,0,0,0,0,0,0,0,0,0,0,0,0,0,0
2021-07-08,2021-07-22,2021-09-09,low nitrogen,F,intershrub,burned,187,12C,3.24,0.0263,8.05,198.7,5.413,2.061,4.984,1.162,0.768,PSSP6,56,47,37,1,0,0,0,0,0,0,1,0,0,0,0,0,0,0,0,0,0,0,0,0,0,0,17,0,0,0,0,0,0,0,0,0
2021-07-08,2021-07-22,2021-09-09,low nitrogen,F,intershrub,burned,188,12C,4.97,0.0191,7.52,180.4,4.632,6.134,8.860,3.674,1.011,PSSP6,50,37,47,1,0,0,0,0,0,0,0,0,0,0,0,0,0,0,0,3,0,0,0,0,0,0,12,0,0,0,0,0,0,4,0,0
2021-07-08,2021-07-22,2021-09-09,low nitrogen,GF,shrub,burned,189,12D,0.00,0.0295,7.59,286.0,24.860,23.409,7.030,8.164,2.813,NA,NA,53,47,1,0,0,0,0,0,0,0,0,0,0,0,0,0,0,0,0,0,0,0,0,0,0,0,0,0,0,0,0,0,0,0,0
2021-07-08,2021-07-22,2021-09-09,low nitrogen,GF,shrub,burned,190,12D,0.00,0.0327,8.01,163.0,18.408,11.388,13.222,10.458,0.813,PSSP6,22,56,41,2,0,0,0,0,0,0,0,0,0,0,0,0,0,0,0,0,0,0,0,0,0,0,1,3,0,0,0,0,0,0,0,0
2021-07-08,2021-07-22,2021-09-09,low nitrogen,GF,intershrub,burned,191,12D,0.00,0.0219,7.93,143.0,16.210,9.611,17.498,13.499,1.046,CANU3,15,59,40,1,0,0,0,0,0,0,2,0,0,0,0,0,0,0,0,0,0,0,0,0,0,0,0,0,0,0,0,0,0,0,0,0
2021-07-08,2021-07-22,2021-09-09,low nitrogen,GF,intershrub,burned,192,12D,0.00,0.0241,8.01,179.4,5.148,4.165,4.119,7.793,0.323,PSSP6,49,56,34,1,0,0,0,0,0,2,2,0,0,0,0,0,0,0,0,0,0,0,0,0,0,0,9,0,0,0,0,0,0,0,0,0
2021-07-08,2021-07-22,2021-09-09,shrub removal,base,shrub,burned,193,13A,3.54,0.0334,7.25,284.0,12.076,11.751,4.819,8.847,1.994,PSSP6,85.1,40,11,1,0,0,0,0,0,10,0,0,0,0,0,0,0,0,0,0,0,0,0,0,0,0,41,0,0,0,0,0,0,0,0,0
2021-07-08,2021-07-22,2021-09-09,shrub removal,base,shrub,burned,194,13A,6.43,0.0324,7.75,193.2,3.552,5.528,4.208,5.318,0.765,PSSP6,77,37,12,1,0,0,0,0,0,19,0,0,0,0,0,0,0,0,0,3,0,3,0,0,0,0,30,0,0,0,0,0,0,0,0,0
2021-07-08,2021-07-22,2021-09-09,shrub removal,base,intershrub,burned,195,13A,4.49,0.0210,7.85,171.4,4.647,3.831,5.644,1.747,17.982,PSSP6,76.1,25,15,1,0,0,0,0,1,12,3,0,0,0,0,0,0,0,0,0,0,2,0,0,0,0,47,0,0,0,0,0,0,0,0,0
2021-07-08,2021-07-22,2021-09-09,shrub removal,base,intershrub,burned,196,13A,10.92,0.0323,7.77,202.0,5.168,6.086,3.228,7.832,1.395,PSSP6,81.5,31,13,1,0,0,0,0,2,1,0,0,0,0,0,0,0,0,0,0,0,0,0,0,0,0,56,0,0,0,0,0,0,0,0,0
2021-07-08,2021-07-22,2021-09-09,shrub removal,G,shrub,burned,197,13B,5.30,0.0304,7.55,356.0,36.995,20.739,5.494,13.304,3.598,SIAL2,71,38,8,1,0,0,0,0,0,18,0,0,0,0,0,0,0,0,0,0,0,0,0,0,0,0,1,3,0,36,0,0,0,0,0,0
2021-07-08,2021-07-22,2021-09-09,shrub removal,G,shrub,burned,198,13B,0.54,0.0177,7.76,217.0,5.722,10.286,13.832,14.241,1.107,BASC5,53.2,46,40,1,0,0,0,0,12,2,3,0,0,1,0,0,0,0,0,0,0,0,0,0,0,0,0,0,0,0,0,0,0,0,0,0
2021-07-08,2021-07-22,2021-09-09,shrub removal,G,intershrub,burned,199,13B,3.61,0.0305,7.82,212.0,4.748,9.353,4.083,3.833,1.053,BASC5,65.5,22,13,1,0,0,0,0,6,61,0,0,0,0,0,0,0,0,0,0,0,0,0,0,0,0,1,0,0,0,0,0,0,0,0,0
2021-07-08,2021-07-22,2021-09-09,shrub removal,G,intershrub,burned,200,13B,0.00,0.0305,7.53,133.4,5.828,6.917,7.774,10.572,2.532,PSSP6,66.2,47,17,1,0,0,0,0,12,15,0,0,0,0,0,0,0,0,0,0,0,0,0,0,0,0,7,0,0,6,0,0,0,0,0,0
2021-07-08,2021-07-22,2021-09-09,shrub removal,F,shrub,burned,201,13C,4.80,0.0303,7.33,148.7,5.053,6.384,6.494,9.235,2.032,BASC5,73.8,30,9,1,0,0,0,0,12,25,1,0,0,0,0,2,0,0,0,0,0,0,0,0,0,0,0,0,0,26,0,0,0,0,0,0
2021-07-08,2021-07-22,2021-09-09,shrub removal,F,shrub,burned,202,13C,7.49,0.0201,8.15,175.1,4.417,7.593,9.585,12.481,1.270,PSSP6,89,30,13,1,0,0,0,0,2,39,0,0,0,0,0,0,0,0,0,0,0,0,0,0,0,0,14,0,0,6,0,0,0,0,0,0
2021-07-08,2021-07-22,2021-09-09,shrub removal,F,intershrub,burned,203,13C,5.15,0.0317,8.21,179.3,3.122,6.047,6.509,11.723,1.997,PSSP6,71.5,16,7,1,0,0,0,0,1,65,0,0,0,0,0,1,0,0,0,0,0,0,0,0,0,0,14,0,0,0,0,0,0,0,0,0
2021-07-08,2021-07-22,2021-09-09,shrub removal,F,intershrub,burned,204,13C,4.13,0.0179,7.63,169.4,6.097,5.075,7.754,5.859,1.433,PSSP6,81.5,46,10,1,0,0,0,0,0,10,2,0,0,0,0,0,0,0,0,0,0,3,0,0,0,0,33,0,0,0,0,0,0,1,0,0
2021-07-08,2021-07-22,2021-09-09,shrub removal,GF,shrub,burned,205,13D,4.77,0.0253,7.43,246.0,5.268,20.535,5.759,14.958,1.766,SATR12,51,20,6,1,0,0,0,0,0,61,0,0,0,0,0,0,0,0,0,0,0,0,0,0,0,0,0,15,0,0,0,0,0,0,0,0
2021-07-08,2021-07-22,2021-09-09,shrub removal,GF,shrub,burned,206,13D,12.06,0.0339,7.38,197.5,4.038,5.310,NA,NA,4.136,PSSP6,94,51,31,1,0,0,0,0,1,12,0,0,0,0,0,0,0,0,0,0,0,0,0,0,0,0,8,0,0,0,0,0,0,0,0,0
2021-07-08,2021-07-22,2021-09-09,shrub removal,GF,intershrub,burned,207,13D,5.89,0.0236,7.22,184.3,7.073,8.005,5.319,7.160,1.382,PSSP6,73.5,21,4,1,0,0,0,0,0,35,0,0,0,0,0,0,0,0,0,0,0,0,0,0,0,0,39,0,0,2,0,0,0,3,0,0
2021-07-08,2021-07-22,2021-09-09,shrub removal,GF,intershrub,burned,208,13D,0.15,0.0312,7.07,127.1,6.553,9.984,5.183,9.721,1.123,SIAL2,65.8,59,20,1,0,0,0,0,0,4,0,0,0,0,0,0,0,0,0,0,0,0,0,0,0,0,1,0,0,19,0,0,0,0,0,0
2021-07-08,2021-07-22,2021-09-09,control,base,shrub,burned,209,14A,0.33,0.0204,8.02,264.0,14.044,11.133,9.580,11.274,1.005,PSSP6,44,78,8,1,0,0,0,0,0,1,0,0,0,0,0,0,0,0,0,0,0,0,0,0,0,1,15,0,0,0,0,0,0,0,0,0
2021-07-08,2021-07-22,2021-09-09,control,base,shrub,burned,210,14A,0.00,0.0255,8.10,246.0,8.624,7.949,8.040,5.519,1.354,PSSP6,62.4,77,13,1,0,0,0,0,0,1,1,0,0,0,0,0,0,0,0,0,0,0,0,0,0,1,10,0,0,0,0,0,0,0,2,0
2021-07-08,2021-07-22,2021-09-09,control,base,intershrub,burned,211,14A,0.25,0.0195,8.24,184.7,8.158,8.204,7.400,7.101,1.094,PSSP6,80.5,53,25,1,0,0,0,0,0,2,1,1,0,0,0,0,0,0,0,0,0,0,0,0,0,3,20,0,0,0,0,0,0,0,0,0
2021-07-08,2021-07-22,2021-09-09,control,base,intershrub,burned,212,14A,0.41,0.0158,8.06,196.1,8.578,3.630,7.274,6.463,1.273,PSSP6,53.5,62,13,1,0,0,0,0,0,0,1,0,0,0,0,0,0,0,0,0,0,0,0,0,0,0,25,0,0,0,0,0,0,2,0,0
2021-07-08,2021-07-22,2021-09-09,control,G,shrub,burned,213,14B,0.00,0.0334,8.30,181.9,3.943,7.442,19.249,7.253,0.537,BASC5,54.6,75,12,1,0,0,0,0,6,0,2,0,0,0,0,0,0,0,0,0,0,0,0,1,0,2,7,0,0,0,0,0,0,0,0,0
2021-07-08,2021-07-22,2021-09-09,control,G,shrub,burned,214,14B,0.90,0.0263,8.03,259.0,8.759,11.302,4.403,7.481,1.728,PSSP6,47.5,68,17,1,0,0,0,0,0,1,2,0,0,0,0,0,0,0,0,0,0,0,0,0,0,2,14,0,0,0,0,0,0,0,0,0
2021-07-08,2021-07-22,2021-09-09,control,G,intershrub,burned,215,14B,0.00,0.0194,8.19,208.0,2.557,8.535,3.648,6.106,0.755,PSSP6,18.5,85,13,1,0,0,0,0,0,0,1,0,0,0,0,0,0,0,0,0,0,0,0,0,0,0,3,0,0,0,0,0,0,0,0,0
2021-07-08,2021-07-22,2021-09-09,control,G,intershrub,burned,216,14B,0.11,0.0303,8.12,210.0,7.604,8.438,10.601,13.750,1.360,TRDU,17.7,71,24,1,0,0,0,0,2,2,1,0,0,0,0,0,0,0,0,0,0,0,0,0,0,1,1,0,0,0,0,0,0,4,0,0
2021-07-08,2021-07-22,2021-09-09,control,F,shrub,burned,217,14C,0.00,0.0184,8.29,214.0,23.341,8.130,34.201,7.590,1.366,SATR12,25.8,70,28,1,0,0,0,0,0,1,1,0,0,0,0,0,0,0,0,1,0,0,0,0,0,2,1,2,0,0,0,0,0,0,0,0
2021-07-08,2021-07-22,2021-09-09,control,F,shrub,burned,218,14C,0.00,0.0242,8.52,264.0,69.406,6.441,28.781,18.937,1.504,NA,NA,73,27,1,0,0,0,0,0,0,0,0,0,0,0,0,0,0,0,0,0,0,0,0,0,0,0,0,0,0,0,0,0,0,0,0
2021-07-08,2021-07-22,2021-09-09,control,F,intershrub,burned,219,14C,0.36,0.0305,8.27,181.0,6.278,12.446,5.144,12.242,1.322,PSSP6,23.5,75,24,1,0,0,0,0,0,0,1,0,0,0,0,0,0,0,0,0,0,0,0,0,0,1,2,0,0,0,0,0,0,0,0,0
2021-07-08,2021-07-22,2021-09-09,control,F,intershrub,burned,220,14C,0.22,0.0204,7.84,245.0,6.793,9.205,10.962,5.725,1.046,BASC5,64.9,74,11,1,0,0,0,0,14,2,1,0,0,0,0,0,0,0,0,0,0,0,0,0,0,2,0,0,0,0,0,0,0,0,0,0
2021-07-08,2021-07-22,2021-09-09,control,GF,shrub,burned,221,14D,1.14,0.0263,7.95,258.0,12.370,15.574,2.688,2.297,1.677,PSSP6,55.7,63,24,1,0,0,0,0,0,3,3,0,0,0,0,0,0,0,0,0,0,0,0,0,0,1,10,0,0,0,0,0,0,0,0,0
2021-07-08,2021-07-22,2021-09-09,control,GF,shrub,burned,222,14D,3.30,0.0284,7.77,188.4,10.024,8.526,10.285,4.994,0.925,PSSP6,43.6,60,24,1,0,0,0,0,0,0,0,0,0,0,0,0,0,0,0,0,0,0,0,0,0,1,17,0,0,0,0,0,0,0,0,0
2021-07-08,2021-07-22,2021-09-09,control,GF,intershrub,burned,223,14D,0.76,0.0303,8.01,259.0,5.298,10.522,2.708,2.820,0.771,PSSP6,25.1,83,14,1,0,0,0,0,0,0,0,0,0,0,0,0,0,0,0,0,0,0,0,0,0,0,4,0,0,0,0,0,0,0,0,0
2021-07-08,2021-07-22,2021-09-09,control,GF,intershrub,burned,224,14D,0.00,0.0314,8.37,254.0,16.557,18.302,4.809,4.785,2.103,PSSP6,24.7,77,15,1,0,0,0,0,0,0,2,0,0,0,0,0,0,0,0,0,0,0,0,0,0,1,8,0,0,0,0,0,0,0,1,0
2021-07-08,2021-07-22,2021-09-09,control,base,shrub,burned,225,15A,2.13,0.0211,7.75,171.1,11.304,5.578,2.588,2.478,1.757,PSSP6,24,52,47,1,1,0,0,0,0,0,1,0,0,0,0,0,0,0,0,0,0,0,0,0,0,0,2,0,0,0,0,0,0,0,0,0
2021-07-08,2021-07-22,2021-09-09,control,base,shrub,burned,226,15A,0.00,0.0227,7.92,255.0,6.813,10.105,8.140,6.164,1.690,CANU3,15,51,49,1,0,0,0,0,0,0,1,0,0,0,0,0,0,0,0,0,0,0,0,0,0,0,0,0,0,0,0,0,0,0,0,0
2021-07-08,2021-07-22,2021-09-09,control,base,intershrub,burned,227,15A,0.00,0.0327,7.54,147.4,7.384,6.531,6.395,6.056,1.056,PSSP6,17,55,45,1,0,0,0,0,0,0,0,0,0,0,0,0,0,0,0,0,0,0,0,0,0,0,1,0,0,0,0,0,0,0,0,0
2021-07-08,2021-07-22,2021-09-09,control,base,intershrub,burned,228,15A,1.20,0.0290,7.82,167.6,24.385,15.295,92.862,3.107,3.268,PSSP6,21,61,37,1,0,0,0,0,0,0,0,0,0,0,0,0,0,0,0,0,0,0,0,0,0,0,3,0,0,0,0,0,0,0,0,0
2021-07-08,2021-07-22,2021-09-09,control,G,shrub,burned,229,15B,0.00,0.0318,8.32,198.1,6.544,7.301,16.079,9.192,0.614,PSSP6,24,64,33,1,0,0,0,0,2,0,2,0,0,0,0,0,0,0,0,0,0,0,0,0,0,0,2,0,0,0,0,0,0,0,0,0
2021-07-08,2021-07-22,2021-09-09,control,G,shrub,burned,230,15B,0.00,0.0352,7.68,279.0,19.439,12.603,10.926,2.838,1.840,NA,NA,65,35,1,0,0,0,0,0,0,0,0,0,0,0,0,0,0,0,0,0,0,0,0,0,0,0,0,0,0,0,0,0,0,0,0
2021-07-08,2021-07-22,2021-09-09,control,G,intershrub,burned,231,15B,0.75,0.0267,7.84,170.0,6.518,4.366,25.256,3.238,0.809,PSSP6,21,56,36,1,0,0,0,0,0,0,1,0,0,0,0,0,0,0,0,0,0,0,0,0,0,0,9,0,0,0,0,0,0,1,0,0
2021-07-08,2021-07-22,2021-09-09,control,G,intershrub,burned,232,15B,1.20,0.0217,8.24,164.9,6.188,4.501,1.418,1.935,0.710,PSSP6,22,62,31,1,0,0,0,0,0,0,1,0,0,0,0,0,0,0,0,0,0,0,0,0,0,0,8,0,0,0,0,0,0,0,0,0
2021-07-08,2021-07-22,2021-09-09,control,F,shrub,burned,233,15C,0.00,0.0252,7.21,164.4,4.497,11.949,3.248,7.343,0.912,NA,NA,67,33,1,0,0,0,0,0,0,0,0,0,0,0,0,0,0,0,0,0,0,0,0,0,0,0,0,0,0,0,0,0,0,0,0
2021-07-08,2021-07-22,2021-09-09,control,F,shrub,burned,234,15C,0.00,0.0184,7.24,135.9,5.597,8.690,5.314,7.522,0.957,PSSP6,14,66,34,1,0,0,0,0,0,0,0,0,0,0,0,0,0,0,0,0,0,0,0,0,0,0,1,0,0,0,0,0,0,0,0,0
2021-07-08,2021-07-22,2021-09-09,control,F,intershrub,burned,235,15C,0.19,0.0211,7.08,116.7,10.189,8.089,2.838,4.178,0.675,PSSP6,19,91,8,1,0,0,0,0,0,0,1,0,0,0,0,0,0,0,0,0,0,0,0,0,0,0,2,0,0,0,0,0,0,0,0,0
2021-07-08,2021-07-22,2021-09-09,control,F,intershrub,burned,236,15C,0.00,0.0312,7.17,186.9,4.918,8.159,NA,NA,1.184,PSSP6,20,70,28,1,0,0,0,0,0,0,0,0,0,0,0,0,0,0,0,0,0,0,0,0,0,0,3,0,0,0,0,0,0,0,0,0
2021-07-08,2021-07-22,2021-09-09,control,GF,shrub,burned,237,15D,0.00,0.0276,8.10,242.0,19.222,13.104,14.266,12.936,1.286,PSSP6,19.5,56,43,1,0,0,0,0,0,0,0,0,0,0,0,0,0,0,0,0,0,0,0,0,0,0,2,0,0,0,0,0,0,0,0,0
2021-07-08,2021-07-22,2021-09-09,control,GF,shrub,burned,238,15D,0.00,0.0256,8.11,275.0,35.317,5.420,6.095,8.492,1.110,PSSP6,23,68,31,1,0,0,0,0,0,0,0,0,0,0,0,0,0,0,0,0,0,0,0,0,0,0,2,0,0,0,0,0,0,0,0,0
2021-07-08,2021-07-22,2021-09-09,control,GF,intershrub,burned,239,15D,0.49,0.0216,8.26,235.0,4.107,5.926,3.328,4.147,0.864,PSSP6,26,71,22,1,0,0,0,0,0,0,0,0,0,0,0,0,0,0,0,0,0,0,0,0,0,0,8,0,0,0,0,0,0,0,0,0
2021-07-08,2021-07-22,2021-09-09,control,GF,intershrub,burned,240,15D,2.63,0.0186,8.26,177.8,4.817,2.482,3.778,3.356,1.062,PSSP6,20.5,49,42,1,0,0,0,0,0,0,0,0,0,0,0,0,0,0,0,0,0,0,0,0,0,0,10,0,0,0,0,0,0,0,0,0
2021-07-09,2021-07-22,2021-09-09,control,non-seeded,shrub,burned,241,16,NA,0.0298,8.14,173.3,5.973,3.038,6.574,2.530,1.507,PSSP6,74,11,54,1,0,0,0,0,0,10,0,0,0,0,0,0,0,0,0,6,0,0,0,0,3,0,20,0,0,0,0,0,0,0,0,0
2021-07-09,2021-07-22,2021-09-09,control,non-seeded,shrub,burned,242,16,NA,0.0255,8.13,163.8,5.373,2.519,5.919,1.896,1.789,PSSP6,61,16,41,1,0,0,0,0,0,5,0,0,0,0,0,0,0,0,0,7,0,0,0,0,4,0,25,0,0,5,0,3,0,1,0,0
2021-07-09,2021-07-22,2021-09-09,control,non-seeded,intershrub,burned,243,16,NA,0.0280,8.13,178.0,6.163,3.291,NA,NA,1.834,PSSP6,46,26,42,1,0,0,0,0,0,4,0,0,0,0,0,0,0,0,0,7,0,0,0,0,3,0,21,0,0,1,0,0,0,2,0,0
2021-07-09,2021-07-22,2021-09-09,control,non-seeded,intershrub,burned,244,16,NA,0.0252,8.18,178.2,6.368,3.252,8.200,1.640,2.154,PSSP6,45,27,42,1,0,0,0,0,0,0,0,0,0,0,0,0,0,0,0,7,0,0,0,0,1,0,18,0,0,9,0,0,0,0,0,0
2021-07-09,2021-07-22,2021-09-09,control,non-seeded,shrub,burned,245,17,NA,0.0282,7.92,344.0,9.739,22.173,7.114,12.400,2.759,NA,NA,53,47,1,0,0,0,0,0,0,0,0,0,0,0,0,0,0,0,0,0,0,0,0,0,0,0,0,0,0,0,0,0,0,0,0
2021-07-09,2021-07-22,2021-09-09,control,non-seeded,shrub,burned,246,17,NA,0.0235,8.01,187.2,5.122,5.653,7.844,3.898,1.203,PSSP6,79,10,55,1,0,0,0,0,0,0,1,0,0,0,0,3,0,0,0,4,0,0,0,0,2,0,27,0,0,1,0,4,0,0,0,0
2021-07-09,2021-07-22,2021-09-09,control,non-seeded,intershrub,burned,247,17,NA,0.0204,7.76,182.1,4.422,2.737,4.178,2.735,1.037,BASC5,84,7,50,1,0,0,0,0,10,3,0,0,0,0,0,0,0,0,0,0,0,0,0,0,8,0,23,0,0,2,0,0,0,3,0,0
2021-07-09,2021-07-22,2021-09-09,control,non-seeded,intershrub,burned,248,17,NA,0.0320,7.83,53.9,6.373,7.657,4.323,6.660,1.139,HECO26,23,10,56,1,0,0,0,0,0,9,1,0,0,0,0,2,0,0,0,12,0,0,0,0,1,1,15,0,0,0,0,0,0,0,0,0
2021-07-09,2021-07-22,2021-09-09,control,non-seeded,shrub,burned,249,18,NA,0.0250,7.74,165.0,7.518,3.593,6.779,2.233,2.090,PSSP6,49,4,67,1,0,0,0,0,0,8,0,0,0,0,0,0,0,0,0,0,0,0,0,0,9,1,15,0,0,0,0,0,0,0,0,0
2021-07-09,2021-07-22,2021-09-09,control,non-seeded,shrub,burned,250,18,NA,0.0188,7.70,123.8,18.490,5.443,NA,NA,1.619,PSSP6,59,12,35,1,0,0,0,0,0,33,0,0,0,0,0,0,0,0,0,1,0,0,0,0,0,0,22,0,0,0,0,0,0,0,0,0
2021-07-09,2021-07-22,2021-09-09,control,non-seeded,intershrub,burned,251,18,NA,0.0190,6.90,154.9,4.857,3.765,NA,NA,1.593,SATR12,51,23,46,1,0,0,1,0,0,15,0,0,0,0,0,0,0,0,0,3,3,0,0,0,0,0,5,10,0,0,0,0,0,0,0,0
2021-07-09,2021-07-22,2021-09-09,control,non-seeded,intershrub,burned,252,18,NA,0.0231,7.09,144.2,5.338,7.356,4.783,9.221,3.377,TRDU,38,21,33,1,0,0,3,0,2,10,2,0,0,0,0,0,0,0,0,0,0,1,0,0,2,0,5,0,0,18,0,0,0,12,0,0
2021-07-09,2021-07-22,2021-09-09,control,non-seeded,shrub,burned,253,19,NA,0.0433,7.48,241.0,7.800,17.224,52.960,21.417,2.974,NA,NA,55,45,1,0,0,0,0,0,0,0,0,0,0,0,0,0,0,0,0,0,0,0,0,0,0,0,0,0,0,0,0,0,0,0,0
2021-07-09,2021-07-22,2021-09-09,control,non-seeded,shrub,burned,254,19,NA,0.0287,7.40,217.0,7.639,9.640,5.764,4.364,1.344,PSSP6,34,49,44,1,0,0,0,0,0,0,0,0,0,0,0,0,0,0,0,0,0,0,0,0,0,0,8,0,0,0,0,0,0,0,0,0
2021-07-09,2021-07-22,2021-09-09,control,non-seeded,intershrub,burned,255,19,NA,0.0335,7.79,204.0,4.963,8.591,3.233,2.096,1.027,PSSP6,37,44,26,1,0,0,0,0,0,2,0,0,0,0,0,0,0,0,0,0,0,0,0,0,0,0,30,0,0,0,0,0,0,0,0,0
2021-07-09,2021-07-22,2021-09-09,control,non-seeded,intershrub,burned,256,19,NA,0.0405,7.72,227.0,11.587,19.058,17.984,22.889,1.143,NA,NA,76,24,1,0,0,0,0,0,0,0,0,0,0,0,0,0,0,0,0,0,0,0,0,0,0,0,0,0,0,0,0,0,0,0,0
2021-07-09,2021-07-22,2021-09-09,control,non-seeded,shrub,burned,257,20,NA,0.0261,8.11,238.0,30.726,11.162,5.320,6.759,1.645,BRTE,23,62,36,1,0,0,0,0,0,3,0,0,0,0,0,0,0,0,0,0,0,0,0,0,0,0,0,0,0,0,0,0,0,0,0,0
2021-07-09,2021-07-22,2021-09-09,control,non-seeded,shrub,burned,258,20,NA,0.0388,7.90,304.0,6.014,15.996,46.459,36.275,0.982,NA,NA,66,34,1,0,0,0,0,0,0,0,0,0,0,0,0,0,0,0,0,0,0,0,0,0,0,0,0,0,0,0,0,0,0,0,0
2021-07-09,2021-07-22,2021-09-09,control,non-seeded,intershrub,burned,259,20,NA,0.0238,7.71,259.0,11.594,4.445,4.718,2.350,1.923,TRDU,22,30,45,1,0,0,0,0,0,1,1,0,0,0,0,0,0,0,0,4,0,0,0,0,0,0,22,0,0,0,0,0,0,2,0,0
2021-07-09,2021-07-22,2021-09-09,control,non-seeded,intershrub,burned,260,20,NA,0.0308,7.73,208.0,8.764,8.363,3.758,4.461,1.075,BRTE,24,49,43,1,0,0,0,0,0,1,0,0,0,0,0,0,0,0,0,8,0,0,0,0,0,0,2,0,0,0,0,0,0,0,0,0
2021-07-09,2021-07-22,2021-09-09,control,non-seeded,shrub,unburned,261,21,NA,0.0287,7.79,175.6,2.572,1.276,0.703,13.558,1.437,ARTRT,119,0,1,1,0,9,0,92,0,0,0,0,0,0,0,0,0,0,0,0,0,0,0,0,0,0,0,0,0,0,0,0,0,0,0,0
2021-07-09,2021-07-22,2021-09-09,control,non-seeded,shrub,unburned,262,21,NA,0.0196,7.86,173.8,2.247,0.841,1.108,7.832,0.720,ARTRT,93,0,6,1,0,14,0,82,0,0,0,0,0,0,0,0,0,0,0,0,0,0,0,0,0,0,0,0,0,0,0,0,0,1,0,0
2021-07-09,2021-07-22,2021-09-09,control,non-seeded,intershrub,unburned,263,21,NA,0.0214,7.39,125.0,3.027,1.039,0.252,8.024,0.870,AGCR,76,7,17,1,0,76,0,1,0,1,0,0,0,0,0,0,0,2,0,0,0,0,0,0,0,0,0,0,0,0,0,0,0,0,0,0
2021-07-09,2021-07-22,2021-09-09,control,non-seeded,intershrub,unburned,264,21,NA,0.0221,7.54,201.0,5.142,1.196,0.883,13.794,1.418,AGCR,58,17,33,1,0,28,0,0,0,5,0,0,0,0,0,0,0,0,0,20,0,0,0,0,0,0,0,0,0,0,0,1,0,0,0,0
2021-07-09,2021-07-22,2021-09-09,control,non-seeded,shrub,unburned,265,22,NA,0.0243,7.28,255.0,2.911,2.119,7.686,11.110,4.776,SIAL2,45,0,38,1,0,0,0,0,0,51,0,0,0,2,0,0,0,0,0,0,0,8,0,0,0,0,0,0,0,5,0,0,0,0,0,0
2021-07-09,2021-07-22,2021-09-09,control,non-seeded,shrub,unburned,266,22,NA,0.0336,7.61,161.9,2.177,2.729,3.103,2.692,3.335,AGCR,55,1,57,1,0,6,0,0,0,34,0,0,0,3,0,0,0,0,0,0,0,1,0,0,0,0,0,0,0,3,0,0,0,0,0,0
2021-07-09,2021-07-22,2021-09-09,control,non-seeded,intershrub,unburned,267,22,NA,0.0234,6.96,214.0,2.567,0.589,6.060,15.984,4.708,SIAL2,49.5,0,44,1,0,0,0,0,0,49,0,0,0,0,0,0,0,0,0,0,0,4,0,0,0,0,0,0,0,6,0,0,0,0,0,0
2021-07-09,2021-07-22,2021-09-09,control,non-seeded,intershrub,unburned,268,22,NA,0.0298,7.27,159.4,2.237,2.534,5.064,4.298,3.041,AGCR,32,5,36,1,0,4,0,0,0,56,0,0,0,0,0,0,0,0,0,0,0,0,0,0,2,0,0,0,0,0,0,0,0,0,0,0
2021-07-09,2021-07-22,2021-09-09,control,non-seeded,shrub,unburned,269,23,NA,0.0463,7.59,309.0,6.365,5.652,4.301,45.129,14.104,ARTRT,150,0,0,1,0,0,0,100,0,2,0,0,0,0,0,0,0,0,0,0,0,0,0,0,0,0,0,0,0,0,0,0,0,0,0,0
2021-07-09,2021-07-22,2021-09-09,control,non-seeded,shrub,unburned,270,23,NA,0.0370,7.64,327.0,26.073,14.582,100.980,18.569,13.795,ARTRT,139,0,0,1,0,0,0,97,0,5,0,0,0,0,0,0,0,0,0,0,0,0,0,0,0,0,0,0,0,0,0,0,0,0,0,0
2021-07-09,2021-07-22,2021-09-09,control,non-seeded,intershrub,unburned,271,23,NA,0.0279,7.44,232.0,31.757,3.096,59.297,3.043,7.157,PSSP6,52.5,0,3,1,0,0,0,0,0,98,0,0,0,0,0,1,0,0,0,0,0,0,0,0,0,0,1,0,0,0,0,0,0,0,0,0
2021-07-09,2021-07-22,2021-09-09,control,non-seeded,intershrub,unburned,272,23,NA,0.0302,6.99,330.0,247.721,4.430,390.951,30.302,20.545,BRTE,34,3,19,1,0,2,0,0,0,78,0,0,0,0,0,0,0,0,0,0,0,0,0,0,0,0,0,0,0,0,0,0,0,0,0,0
2021-07-09,2021-07-22,2021-09-09,control,non-seeded,shrub,unburned,273,24,NA,0.0260,7.19,290.0,74.224,15.105,104.423,6.925,15.954,SIAL2,37.5,4,33,1,0,0,0,0,0,63,0,0,0,0,0,0,0,0,0,0,0,0,0,0,0,0,0,0,0,2,0,0,0,1,0,0
2021-07-09,2021-07-22,2021-09-09,control,non-seeded,shrub,unburned,274,24,NA,0.0324,7.18,260.0,140.951,6.009,113.833,3.645,28.847,HECO26 ,45,2,37,1,0,0,0,0,0,54,0,0,0,0,0,0,0,0,0,9,0,0,0,0,0,0,0,0,0,0,0,0,0,0,0,0
2021-07-09,2021-07-22,2021-09-09,control,non-seeded,intershrub,unburned,275,24,NA,0.0190,7.79,199.3,46.447,1.975,45.104,1.733,10.981,PSSP6,47.8,23,21,1,0,10,1,3,0,9,0,0,0,0,0,0,0,0,0,0,0,0,0,0,0,0,38,0,0,0,0,0,0,0,0,0
2021-07-09,2021-07-22,2021-09-09,control,non-seeded,intershrub,unburned,276,24,NA,0.0173,7.68,212.0,66.320,5.384,38.484,8.347,10.261,BRTE,29.5,4,30,1,0,0,0,0,0,66,0,0,0,0,0,0,0,0,0,0,0,0,0,0,1,0,2,0,0,0,0,0,0,0,0,0
2021-07-09,2021-07-22,2021-09-09,control,non-seeded,shrub,unburned,277,25,NA,0.0321,7.76,395.0,200.848,40.266,326.712,12.095,23.526,ARTRT,145,0,10,1,0,0,0,63,0,15,0,0,0,0,0,0,0,0,0,0,0,0,0,0,0,0,15,0,0,0,0,0,0,0,0,0
2021-07-09,2021-07-22,2021-09-09,control,non-seeded,shrub,unburned,278,25,NA,0.0164,7.75,382.0,225.045,6.403,109.014,7.401,44.236,ARTRT,170,0,0,1,0,0,0,85,0,17,0,0,0,0,0,0,0,0,0,0,0,0,0,0,0,0,1,0,0,0,0,0,0,0,0,0
2021-07-09,2021-07-22,2021-09-09,control,non-seeded,intershrub,unburned,279,25,NA,0.0181,7.68,277.0,119.277,4.740,95.127,10.998,18.369,PSSP6,55.5,3,10,1,0,0,0,0,0,42,0,0,0,0,0,0,0,0,0,9,0,0,0,0,0,0,39,0,0,0,0,0,0,0,0,0
2021-07-09,2021-07-22,2021-09-09,control,non-seeded,intershrub,unburned,280,25,NA,0.0175,7.79,351.0,317.743,4.546,189.573,6.475,31.482,PSSP6,50,12,5,1,0,0,0,0,0,5,0,0,0,0,0,0,0,0,0,0,0,0,0,0,1,0,80,0,0,0,0,0,0,0,0,0
2021-07-09,NA,NA,control,0.5G,NA,burned,281,1B,NA,NA,NA,NA,NA,NA,NA,NA,NA,PSSP6,76,47,31,1,0,0,0,0,2,3,0,0,0,0,0,0,0,0,0,3,0,1,0,0,0,0,18,0,0,0,0,0,0,0,0,0
2021-07-09,NA,NA,control,2G,NA,burned,282,1B,NA,NA,NA,NA,NA,NA,NA,NA,NA,PSSP6,68,58,26,1,0,0,0,0,0,0,1,0,0,0,0,0,0,0,0,0,0,0,0,0,0,0,17,0,0,0,0,0,0,0,0,0
2021-07-09,NA,NA,control,4G,NA,burned,283,1B,NA,NA,NA,NA,NA,NA,NA,NA,NA,PSSP6,65,70,18,1,0,0,0,0,0,1,0,0,0,0,0,0,0,0,0,5,0,0,0,0,0,0,9,0,0,0,0,0,0,0,0,0
2021-07-09,NA,NA,control,springG,NA,burned,284,1B,NA,NA,NA,NA,NA,NA,NA,NA,NA,PSSP6,61,65,22,1,0,0,0,0,0,0,3,0,0,0,0,0,0,0,0,2,0,0,0,0,0,0,11,0,0,0,0,0,0,0,0,0
2021-07-09,NA,NA,control,0.5F,NA,burned,285,1C,NA,NA,NA,NA,NA,NA,NA,NA,NA,PSSP6,46,77,10,1,0,0,0,0,6,0,0,0,0,0,0,0,0,0,0,4,0,0,0,0,0,0,6,0,0,0,0,0,0,0,0,0
2021-07-09,NA,NA,control,2F,NA,burned,286,1C,NA,NA,NA,NA,NA,NA,NA,NA,NA,PSSP6,27,52,22,1,0,0,0,0,0,0,0,0,0,0,0,0,0,0,0,0,0,0,0,0,0,0,27,0,0,0,0,0,0,0,0,0
2021-07-09,NA,NA,control,4F,NA,burned,287,1C,NA,NA,NA,NA,NA,NA,NA,NA,NA,SATR12,42,59,13,1,0,0,0,0,0,0,0,0,0,0,0,0,0,0,0,0,0,0,0,0,0,0,8,22,0,0,0,0,0,0,0,0
2021-07-09,NA,NA,control,springF,NA,burned,288,1C,NA,NA,NA,NA,NA,NA,NA,NA,NA,PSSP6,29,52,26,1,0,0,0,0,0,1,0,0,0,0,0,0,0,0,0,0,0,0,0,0,0,0,23,0,0,0,0,0,0,0,0,0
2021-07-09,NA,NA,control,0.5GF,NA,burned,289,1D,NA,NA,NA,NA,NA,NA,NA,NA,NA,SATR12,48,61,24,1,0,0,0,0,0,0,0,0,0,0,0,0,0,0,0,0,0,0,0,0,0,0,4,13,0,0,0,0,0,0,0,0
2021-07-09,NA,NA,control,2GF,NA,burned,290,1D,NA,NA,NA,NA,NA,NA,NA,NA,NA,PSSP6,43,58,33,1,0,0,0,0,8,0,0,0,0,0,0,0,0,0,0,0,0,0,0,0,0,0,3,0,0,0,0,0,0,0,0,0
2021-07-09,NA,NA,control,4GF,NA,burned,291,1D,NA,NA,NA,NA,NA,NA,NA,NA,NA,PSSP6,44,57,31,1,0,0,0,0,2,0,0,0,0,0,3,3,0,0,0,0,0,0,0,0,0,0,8,0,0,0,0,0,0,0,0,0
2021-07-09,NA,NA,control,springGF,NA,burned,292,1D,NA,NA,NA,NA,NA,NA,NA,NA,NA,PSSP6,43,74,16,1,0,0,0,0,0,0,0,0,0,0,0,4,0,0,0,0,0,0,0,0,0,0,8,0,0,0,0,0,0,0,0,0
2021-07-09,NA,NA,control,0.5G,NA,burned,293,5B,NA,NA,NA,NA,NA,NA,NA,NA,NA,BASC5,48,88,9,1,0,0,0,0,4,0,1,0,0,0,0,0,0,0,0,0,0,0,0,0,0,0,0,0,0,0,0,0,0,0,0,0
2021-07-09,NA,NA,control,2G,NA,burned,294,5B,NA,NA,NA,NA,NA,NA,NA,NA,NA,NA,NA,85,15,1,0,0,0,0,0,0,0,0,0,0,0,0,0,0,0,0,0,0,0,0,0,0,0,0,0,0,0,0,0,0,0,0
2021-07-09,NA,NA,control,4G,NA,burned,295,5B,NA,NA,NA,NA,NA,NA,NA,NA,NA,NA,NA,96,4,1,0,0,0,0,0,0,0,0,0,0,0,0,0,0,0,0,0,0,0,0,0,0,0,0,0,0,0,0,0,0,0,0
2021-07-09,NA,NA,control,springG,NA,burned,296,5B,NA,NA,NA,NA,NA,NA,NA,NA,NA,PSSP6,22.1,85,14,1,0,0,0,0,0,0,0,0,0,0,0,0,0,0,0,0,0,0,0,0,0,0,2,0,0,0,0,0,0,0,0,0
2021-07-09,NA,NA,control,0.5F,NA,burned,297,5C,NA,NA,NA,NA,NA,NA,NA,NA,NA,BASC5,54.2,64,5,1,0,0,0,0,30,0,0,0,0,0,0,0,0,0,0,0,0,0,0,0,0,0,3,0,0,0,0,0,0,0,0,0
2021-07-09,NA,NA,control,2F,NA,burned,298,5C,NA,NA,NA,NA,NA,NA,NA,NA,NA,BASC5,72.5,65,7,1,0,0,0,0,29,0,0,0,0,0,0,0,0,0,0,0,0,0,0,0,0,0,0,0,0,0,0,0,0,0,0,0
2021-07-09,NA,NA,control,4F,NA,burned,299,5C,NA,NA,NA,NA,NA,NA,NA,NA,NA,BASC5,89.5,62,0,1,0,0,0,0,29,0,0,0,0,0,0,0,0,0,0,0,0,0,0,0,0,0,0,11,0,0,0,0,0,0,0,0
2021-07-09,NA,NA,control,springF,NA,burned,300,5C,NA,NA,NA,NA,NA,NA,NA,NA,NA,PSSP6,25.8,87,13,1,0,0,0,0,0,0,1,0,0,0,0,0,0,0,0,0,0,0,0,0,0,0,1,0,0,0,0,0,0,0,0,0
2021-07-09,NA,NA,control,0.5GF,NA,burned,301,5D,NA,NA,NA,NA,NA,NA,NA,NA,NA,NA,NA,83,17,1,0,0,0,0,0,0,0,0,0,0,0,0,0,0,0,0,0,0,0,0,0,0,0,0,0,0,0,0,0,0,0,0
2021-07-09,NA,NA,control,2GF,NA,burned,302,5D,NA,NA,NA,NA,NA,NA,NA,NA,NA,PSSP6,26.5,92,7,1,0,0,0,0,0,0,0,0,0,0,0,0,0,0,0,0,0,0,0,0,0,0,2,0,0,0,0,0,0,0,0,0
2021-07-09,NA,NA,control,4GF,NA,burned,303,5D,NA,NA,NA,NA,NA,NA,NA,NA,NA,BASC5,44.5,79,10,1,0,0,0,0,6,0,0,0,0,0,0,0,0,0,0,0,0,0,0,0,0,0,7,0,0,0,0,0,0,0,0,0
2021-07-09,NA,NA,control,springGF,NA,burned,304,5D,NA,NA,NA,NA,NA,NA,NA,NA,NA,HECO26 ,13.7,88,11,1,0,0,0,0,0,0,0,0,0,0,0,0,0,0,0,2,0,0,0,0,0,0,0,0,0,0,0,0,0,0,0,0
2021-07-09,NA,NA,control,0.5G,NA,burned,305,7B,NA,NA,NA,NA,NA,NA,NA,NA,NA,PSSP6,25,55,41,1,0,0,0,0,0,0,0,0,0,0,0,0,0,0,0,0,0,0,0,0,0,0,5,0,0,0,0,0,0,0,0,0
2021-07-09,NA,NA,control,2G,NA,burned,306,7B,NA,NA,NA,NA,NA,NA,NA,NA,NA,SATR12,44,89,9,1,0,0,0,0,0,0,0,0,0,0,0,0,0,0,0,0,0,0,0,0,0,0,0,3,0,0,0,0,0,0,0,0
2021-07-09,NA,NA,control,4G,NA,burned,307,7B,NA,NA,NA,NA,NA,NA,NA,NA,NA,BASC5,43,79,18,1,0,0,0,0,4,0,0,0,0,0,0,0,0,0,0,0,0,0,0,0,0,0,0,0,0,0,0,0,0,0,0,0
2021-07-09,NA,NA,control,springG,NA,burned,308,7B,NA,NA,NA,NA,NA,NA,NA,NA,NA,BASC5,69.5,41,46,1,0,0,0,0,13,0,0,0,0,0,0,0,0,0,0,0,0,0,0,0,0,0,2,0,0,0,0,0,0,0,0,0
2021-07-09,NA,NA,control,0.5F,NA,burned,309,7C,NA,NA,NA,NA,NA,NA,NA,NA,NA,BASC5,30.5,61,37,1,0,0,0,0,3,1,0,0,0,0,0,0,0,0,0,0,0,0,0,0,0,0,0,0,0,0,0,0,0,0,0,0
2021-07-09,NA,NA,control,2F,NA,burned,310,7C,NA,NA,NA,NA,NA,NA,NA,NA,NA,PSSP6,12.5,74,25,1,0,0,0,0,0,0,0,0,0,0,0,0,0,0,0,0,0,0,0,0,0,0,2,0,0,0,0,0,0,0,0,0
2021-07-09,NA,NA,control,4F,NA,burned,311,7C,NA,NA,NA,NA,NA,NA,NA,NA,NA,CANU3,19,81,19,1,0,0,0,0,0,0,1,0,0,0,0,0,0,0,0,0,0,0,0,0,0,0,1,0,0,0,0,0,0,0,0,0
2021-07-09,NA,NA,control,springF,NA,burned,312,7C,NA,NA,NA,NA,NA,NA,NA,NA,NA,BASC5,41,68,30,1,0,0,0,0,3,0,0,0,0,0,1,0,0,0,0,0,0,0,0,0,0,0,1,0,0,0,0,0,0,0,0,0
2021-07-09,NA,NA,control,0.5GF,NA,burned,313,7D,NA,NA,NA,NA,NA,NA,NA,NA,NA,CRAC2,36.3,72,28,1,0,0,0,0,0,0,1,0,0,0,1,0,0,0,0,0,0,0,0,0,0,0,0,0,0,0,0,0,0,0,0,0
2021-07-09,NA,NA,control,2GF,NA,burned,314,7D,NA,NA,NA,NA,NA,NA,NA,NA,NA,SATR12,32.5,71,19,1,0,0,0,0,0,0,1,0,0,0,0,0,0,0,0,2,0,0,0,0,0,0,0,10,0,0,0,0,0,0,0,0
2021-07-09,NA,NA,control,4GF,NA,burned,315,7D,NA,NA,NA,NA,NA,NA,NA,NA,NA,NA,NA,66,34,1,0,0,0,0,0,0,0,0,0,0,0,0,0,0,0,0,0,0,0,0,0,0,0,0,0,0,0,0,0,0,0,0
2021-07-09,NA,NA,control,springGF,NA,burned,316,7D,NA,NA,NA,NA,NA,NA,NA,NA,NA,CANU3,31.5,75,24,1,0,0,0,0,1,0,1,0,0,0,0,0,0,0,0,2,0,0,0,0,0,0,1,0,0,0,0,0,0,0,0,0
2021-07-09,NA,NA,control,0.5G,NA,burned,317,11B,NA,NA,NA,NA,NA,NA,NA,NA,NA,PSSP6,38,76,22,1,0,0,0,0,0,0,1,0,0,0,0,0,0,0,0,0,0,0,0,0,0,0,3,0,0,0,0,0,0,0,0,0
2021-07-09,NA,NA,control,2G,NA,burned,318,11B,NA,NA,NA,NA,NA,NA,NA,NA,NA,PSSP6,34.5,60,39,1,0,0,0,0,0,0,1,0,0,0,0,0,0,0,0,0,0,0,0,0,0,0,1,0,0,0,2,0,0,0,0,0
2021-07-09,NA,NA,control,4G,NA,burned,319,11B,NA,NA,NA,NA,NA,NA,NA,NA,NA,PSSP6,44,61,38,1,0,0,0,0,0,0,1,0,0,0,0,0,0,0,0,0,0,0,0,0,0,0,2,0,0,0,0,0,0,0,0,0
2021-07-09,NA,NA,control,springG,NA,burned,320,11B,NA,NA,NA,NA,NA,NA,NA,NA,NA,PSSP6,29.3,60,37,1,0,0,0,0,0,0,0,0,0,0,0,0,0,0,0,0,0,0,0,0,0,0,1,3,0,0,0,0,0,2,0,0
2021-07-09,NA,NA,control,0.5F,NA,burned,321,11C,NA,NA,NA,NA,NA,NA,NA,NA,NA,ZIPA2,49,88,10,1,0,0,0,0,0,0,0,0,0,0,0,0,0,0,0,0,0,0,0,0,0,0,2,0,0,0,0,0,0,0,0,2
2021-07-09,NA,NA,control,2F,NA,burned,322,11C,NA,NA,NA,NA,NA,NA,NA,NA,NA,SATR12,47.2,70,24,1,0,0,0,0,0,0,0,0,0,0,0,0,0,0,0,5,0,0,0,0,0,0,0,3,0,0,0,0,0,0,0,0
2021-07-09,NA,NA,control,4F,NA,burned,323,11C,NA,NA,NA,NA,NA,NA,NA,NA,NA,PSSP6,28,90,10,1,0,0,0,0,0,1,0,0,0,0,0,0,0,0,0,0,0,0,0,0,0,0,1,0,0,0,0,0,0,0,0,0
2021-07-09,NA,NA,control,springF,NA,burned,324,11C,NA,NA,NA,NA,NA,NA,NA,NA,NA,PSSP6,31,78,21,1,0,0,0,0,0,0,2,0,0,0,0,0,0,0,0,0,0,0,0,0,0,0,1,0,0,0,0,0,0,0,0,0
2021-07-09,NA,NA,control,0.5GF,NA,burned,325,11D,NA,NA,NA,NA,NA,NA,NA,NA,NA,PSSP6,28.4,50,43,1,0,0,0,0,0,0,0,0,0,0,0,0,0,0,0,0,0,0,0,0,0,0,8,0,0,0,0,0,0,0,0,0
2021-07-09,NA,NA,control,2GF,NA,burned,326,11D,NA,NA,NA,NA,NA,NA,NA,NA,NA,PSSP6,51,46,48,1,0,0,0,0,0,0,1,0,0,0,0,0,0,0,0,0,0,0,0,0,0,0,7,0,0,0,0,0,0,0,0,0
2021-07-09,NA,NA,control,4GF,NA,burned,327,11D,NA,NA,NA,NA,NA,NA,NA,NA,NA,SATR12,58.5,57,27,1,0,0,0,0,0,0,0,0,0,0,0,0,0,0,0,0,0,0,0,0,0,0,0,17,0,0,0,0,0,0,0,0
2021-07-09,NA,NA,control,springGF,NA,burned,328,11D,NA,NA,NA,NA,NA,NA,NA,NA,NA,PSSP6,33.4,72,25,1,0,0,0,0,2,0,0,0,0,0,0,0,0,0,0,0,0,0,0,0,0,0,3,0,0,0,0,0,0,0,0,0
2021-07-09,NA,NA,control,0.5G,NA,burned,329,14B,NA,NA,NA,NA,NA,NA,NA,NA,NA,PSSP6,62,47,16,1,0,0,0,0,0,12,0,0,0,0,0,0,0,0,0,0,0,0,0,0,0,0,27,0,0,0,0,0,0,0,0,0
2021-07-09,NA,NA,control,2G,NA,burned,330,14B,NA,NA,NA,NA,NA,NA,NA,NA,NA,NA,NA,85,15,1,0,0,0,0,0,0,0,0,0,0,0,0,0,0,0,0,0,0,0,0,0,0,0,0,0,0,0,0,0,0,0,0
2021-07-09,NA,NA,control,4G,NA,burned,331,14B,NA,NA,NA,NA,NA,NA,NA,NA,NA,BRTE,24,43,13,1,0,0,0,0,0,34,2,0,0,0,0,0,0,0,0,0,0,0,0,0,0,0,11,0,0,0,0,0,0,0,0,0
2021-07-09,NA,NA,control,springG,NA,burned,332,14B,NA,NA,NA,NA,NA,NA,NA,NA,NA,BRTE,19,86,0,1,0,0,0,0,1,9,2,0,0,0,0,0,0,0,0,6,0,0,0,0,0,0,0,0,0,0,0,0,0,0,0,0
2021-07-09,NA,NA,control,0.5F,NA,burned,333,14C,NA,NA,NA,NA,NA,NA,NA,NA,NA,PSSP6,71,23,27,1,0,0,0,0,0,23,0,0,0,0,0,0,0,0,0,0,0,0,0,0,1,0,26,4,0,0,0,0,0,0,0,0
2021-07-09,NA,NA,control,2F,NA,burned,334,14C,NA,NA,NA,NA,NA,NA,NA,NA,NA,PSSP6,60,21,29,1,0,0,0,0,0,25,0,0,0,0,0,1,0,0,0,13,0,0,0,0,0,0,14,0,0,0,0,2,0,0,0,0
2021-07-09,NA,NA,control,4F,NA,burned,335,14C,NA,NA,NA,NA,NA,NA,NA,NA,NA,PSSP6,42,67,14,1,0,0,0,0,20,0,0,0,0,0,0,0,0,0,0,0,0,0,0,0,0,0,0,0,0,0,0,0,0,0,0,0
2021-07-09,NA,NA,control,springF,NA,burned,336,14C,NA,NA,NA,NA,NA,NA,NA,NA,NA,NA,NA,79,21,1,0,0,0,0,0,0,0,0,0,0,0,0,0,0,0,0,0,0,0,0,0,0,0,0,0,0,0,0,0,0,0,0
2021-07-09,NA,NA,control,0.5GF,NA,burned,337,14D,NA,NA,NA,NA,NA,NA,NA,NA,NA,PSSP6,37.5,67,21,1,0,0,0,0,0,0,1,0,0,0,0,0,0,0,0,0,0,0,0,0,0,0,13,0,0,0,0,0,0,0,0,0
2021-07-09,NA,NA,control,2GF,NA,burned,338,14D,NA,NA,NA,NA,NA,NA,NA,NA,NA,PSSP6,62.4,68,6,1,0,0,0,0,0,0,0,0,0,0,0,0,0,0,0,0,0,0,0,0,0,0,27,0,0,0,0,0,0,0,0,0
2021-07-09,NA,NA,control,4GF,NA,burned,339,14D,NA,NA,NA,NA,NA,NA,NA,NA,NA,TRDU,45.3,45,16,1,0,0,0,0,7,0,0,0,0,0,0,0,0,0,0,0,0,0,0,0,0,0,20,0,0,0,0,0,0,15,0,0
2021-07-09,NA,NA,control,springGF,NA,burned,340,14D,NA,NA,NA,NA,NA,NA,NA,NA,NA,NA,NA,81,19,1,0,0,0,0,0,0,0,0,0,0,0,0,0,0,0,0,0,0,0,0,0,0,0,0,0,0,0,0,0,0,0,0
2021-07-09,NA,NA,control,0.5G,NA,burned,341,15B,NA,NA,NA,NA,NA,NA,NA,NA,NA,CANU3,5.5,83,17,1,0,0,0,0,0,0,1,0,0,0,0,0,0,0,0,0,0,0,0,0,0,0,0,0,0,0,0,0,0,0,0,0
2021-07-09,NA,NA,control,2G,NA,burned,342,15B,NA,NA,NA,NA,NA,NA,NA,NA,NA,PSSP6,16,73,25,1,0,0,0,0,0,0,1,0,0,0,0,0,0,0,0,0,0,0,0,0,0,0,3,0,0,0,0,0,0,0,0,0
2021-07-09,NA,NA,control,4G,NA,burned,343,15B,NA,NA,NA,NA,NA,NA,NA,NA,NA,PSSP6,19,82,17,1,0,0,0,0,0,0,0,0,0,0,0,0,0,0,0,0,0,0,0,0,0,0,2,0,0,0,0,0,0,0,0,0
2021-07-09,NA,NA,control,springG,NA,burned,344,15B,NA,NA,NA,NA,NA,NA,NA,NA,NA,PSSP6,18,74,20,1,0,0,0,0,0,0,0,0,0,0,0,0,0,0,0,0,0,0,0,0,0,0,7,0,0,0,0,0,0,0,0,0
2021-07-09,NA,NA,control,0.5F,NA,burned,345,15C,NA,NA,NA,NA,NA,NA,NA,NA,NA,CANU3,20.9,87,12,1,0,0,0,0,0,0,2,0,0,0,0,0,0,0,0,0,0,0,0,0,0,0,0,0,0,0,0,0,0,0,0,0
2021-07-09,NA,NA,control,2F,NA,burned,346,15C,NA,NA,NA,NA,NA,NA,NA,NA,NA,PSSP6,20.5,85,12,1,0,0,0,0,0,2,1,0,0,0,0,1,0,0,0,0,0,0,0,0,0,0,3,0,0,0,0,0,0,0,0,0
2021-07-09,NA,NA,control,4F,NA,burned,347,15C,NA,NA,NA,NA,NA,NA,NA,NA,NA,NA,NA,85,15,1,0,0,0,0,0,0,0,0,0,0,0,0,0,0,0,0,0,0,0,0,0,0,0,0,0,0,0,0,0,0,0,0
2021-07-09,NA,NA,control,springF,NA,burned,348,15C,NA,NA,NA,NA,NA,NA,NA,NA,NA,PSSP6,19.1,76,22,1,0,0,0,0,0,0,1,0,0,0,0,0,0,0,0,0,0,0,0,0,0,0,3,0,0,0,0,0,0,0,0,0
2021-07-09,NA,NA,control,0.5GF,NA,burned,349,15D,NA,NA,NA,NA,NA,NA,NA,NA,NA,TRDU,42,5,84,1,0,0,0,0,0,6,0,0,0,0,0,0,0,0,0,4,0,0,0,0,0,0,0,0,0,0,0,0,0,4,0,0
2021-07-09,NA,NA,control,2GF,NA,burned,350,15D,NA,NA,NA,NA,NA,NA,NA,NA,NA,PSSP6,25.5,70,9,1,0,0,0,0,0,0,0,0,0,0,0,0,0,0,0,0,0,0,0,0,0,0,22,0,0,0,0,0,0,0,0,0
2021-07-09,NA,NA,control,4GF,NA,burned,351,15D,NA,NA,NA,NA,NA,NA,NA,NA,NA,HECO26 ,38,12,82,1,0,0,0,0,0,3,0,0,0,0,0,0,0,0,0,5,0,0,0,0,0,0,1,0,0,0,0,0,0,0,0,0
2021-07-09,NA,NA,control,springGF,NA,burned,352,15D,NA,NA,NA,NA,NA,NA,NA,NA,NA,PSSP6,21.1,64,15,1,0,0,0,0,0,1,1,0,0,0,0,0,0,0,0,15,0,0,0,0,2,0,7,0,0,0,0,0,0,0,0,0
