label,conductor,discriminant,log_disc,tau,rank,analytic_rank,h_min,torsion
synthetic_0,314,1453036932337.7966,12.162276653050029,3.332371529019013,3,3,0.05165611237946825,1
synthetic_1,29154,4.954848100885112e+19,19.695030345005232,3.814398782416286,4,4,0.016846951360774673,1
synthetic_2,164,7900260.299719658,6.897641400767596,2.765211972439643,3,3,0.11785771525006875,1
synthetic_3,292,944536175590.4507,11.975218595988341,3.316871842740609,3,3,0.03599083969221328,1
synthetic_4,2692,1464.9474001540787,3.1658220313570644,1.98644519266851,2,2,0.2818395258264387,4
synthetic_5,576,686617957.2383198,8.836715157417041,3.0129476643138995,3,3,0.07953543744528078,3
synthetic_6,1537,9.732180775616739e+17,17.98821016736972,3.723748997842316,4,5,0.024664808616238473,3
synthetic_7,1211,5.161793273306264e+16,16.712800607325217,3.6502073744895847,4,4,0.036658928139251805,12
synthetic_8,2680,23373032.021707438,7.368715054064619,2.8312757880893122,3,3,0.10792569455188862,1
synthetic_9,62,1784299833.6540313,9.2514678349953,3.058814669047535,3,3,0.08646156179089451,9
synthetic_10,25127,20818.120546003243,4.318441518962055,2.2969270229150873,3,3,0.2070842113861307,3
synthetic_11,125,1255535.351202198,6.098828945337194,2.6421292218232066,3,3,0.16298582268394557,1
synthetic_12,6960,81024856998.97444,10.908618273217224,3.2235855893379903,3,3,0.06051371507785983,3
synthetic_13,6054,117698129744620.52,14.070769561840509,3.4781320101052837,3,2,0.035508522629404154,1
synthetic_14,44,1114037230.6020474,9.046899704998252,3.0364545702345596,3,3,0.09140491540833329,1
synthetic_15,37173,3.8883419699802265e+22,22.589764453050638,3.951529348628381,4,4,0.013285001444133764,1
synthetic_16,511,650598578212622.0,14.81331310986024,3.5295587561293873,4,4,0.026796658194189173,1
synthetic_17,30,146118067.730497,8.164703920455214,2.9338529089743473,3,3,0.08414741001561693,2
synthetic_18,77113,1294973058.428273,9.112260733129512,3.0436532852426215,3,3,0.0867540325723292,1
synthetic_19,2743,910.5247379388436,2.9592917495866082,1.9189824111650766,2,2,0.2807852521242088,1
synthetic_20,907,1112819.1007338562,6.04642457139819,2.633499562659049,3,3,0.16423098277240766,5
synthetic_21,295,19445257211.403313,10.288813692135284,3.1650897009973953,3,3,0.07020241840974759,2
synthetic_22,55,2790723.7481564134,6.445716848101245,2.697448300915805,2,2,0.14583893639126702,1
synthetic_23,5804,1.1692872070766228e+21,21.067921198183683,3.881784006506288,4,5,0.010365487035967076,4
synthetic_24,82,47346691515.310486,10.67528963683781,3.2019641362510405,3,4,0.0656605070300881,8
synthetic_25,39964,59266367895.08765,10.77280831256962,3.2110576556822634,3,3,0.05460409565050281,8
synthetic_26,13167,8615.927072729497,3.9353020143329616,2.2040200749556034,2,2,0.22783500891164613,1
synthetic_27,1566,27770052438409.48,13.443576699832734,3.4325338684378415,4,4,0.02835788429672554,2
synthetic_28,9682,7.337461714023808e+20,20.86554584816619,3.8721317198966174,4,4,0.028091703782870167,2
synthetic_29,115,385710822900.534,11.586261825176736,3.2838525160769163,3,3,0.05173532107498728,6
synthetic_30,1024,9693343751.79155,9.986473614249643,3.1352639840256273,3,3,0.06500911676065485,1
synthetic_31,3818,5.286458408747664e+19,19.72316481974114,3.815826269362141,4,3,0.018763267052186398,16
synthetic_32,20,1082.1180495806,3.0342746410708132,1.944004843195112,2,2,0.261836863432399,2
synthetic_33,23815,5873.991085437953,3.7689332830876934,2.1608244578872107,2,2,0.23179879246356389,1
synthetic_34,151,124985695469.15051,11.096860311133641,3.24069465870244,3,3,0.05217913032664935,1
synthetic_35,477,20254021496.94946,10.306511266589446,3.166808302558243,3,3,0.07414803988046301,2
synthetic_36,15,144.8771037867898,2.160999755486649,1.6046034096244564,1,1,0.3502868388519065,2
synthetic_37,41,1772998538.4487793,9.248708377595339,3.0585163521678775,3,3,0.09072685091665264,2
synthetic_38,1407,4960123082039144.0,15.695492453342457,3.587406011497075,4,4,0.023092013210545433,2
synthetic_39,6281,46080.88675767037,4.6635208278426195,2.3738031505624915,2,2,0.19947306546376925,5
synthetic_40,100,572.3634881551062,2.7576719217360317,1.8484192624077487,2,2,0.28777922347768203,9
synthetic_41,588,2104.8577600797585,3.323222752855929,2.0349674660348858,2,2,0.2867101009978591,2
synthetic_42,8320,46721912375527.98,13.669520610584257,3.449201026647916,3,3,0.0336606478833746,2
synthetic_43,82802,289.02034319049454,2.4609284123912807,1.7345711274045628,2,2,0.3178108311838421,2
synthetic_44,3972,5.491591174209773e+19,19.739698198376527,3.8166641903003735,4,4,0.016569967294715045,10
synthetic_45,1009,10309896531748.52,13.013254306804743,3.4000008453710073,3,4,0.042647198894090015,3
synthetic_46,57666,2347086787721.3335,12.37052914870878,3.3493494075126162,3,3,0.06768171137366755,12
synthetic_47,350,698262766780188.6,14.84401888492657,3.5316294606717555,4,4,0.022744334640142572,2
synthetic_48,23960,9.91349853447673e+20,20.99622694672389,3.8783751976253096,4,4,0.01070249284207954,8
synthetic_49,8715,188306304.82725918,8.274864861205451,2.9472550354055795,3,3,0.09508625765117659,16
synthetic_50,447,3934043068621.7324,12.59483911012383,3.3673195808640584,3,3,0.042584771743181205,2
synthetic_51,10080,21055.48196950423,4.323365187067157,2.2980665227454717,2,2,0.22742636913969627,2
synthetic_52,38202,187.87864662459302,2.273877423101651,1.6555189354742161,2,1,0.3219051682865983,2
synthetic_53,21,120927.19579464439,5.0825239820463475,2.4598404303103307,2,3,0.19124309076438176,6
synthetic_54,23,226.212371974057,2.354516353609457,1.6903677816078115,1,1,0.3359483765377507,2
synthetic_55,29,4121328.347922793,6.615037216322786,2.7233778688493566,3,3,0.1429500004847774,5
synthetic_56,19,2889326.512077384,6.460796622626786,2.699785071635746,3,2,0.1399600896989024,3
synthetic_57,251,148687932.98343018,8.172275724060892,2.9347798617297043,3,3,0.09542435174144023,2
synthetic_58,546,44124099.63696232,7.644675856601241,2.8680418843319644,3,3,0.12003882245047812,7
synthetic_59,9480,18970964.86250197,7.278089419650085,2.8189008306567716,3,3,0.09913451652561797,3
synthetic_60,556,5.514767183963719e+16,16.74152718262315,3.651924735695504,3,3,0.026120885249277026,10
synthetic_61,47474,5.997736347386131e+19,19.777987370827976,3.818602015549084,4,4,0.011525912038193264,2
synthetic_62,8879,3.896212309166404e+23,23.590642614065718,3.994882579248852,4,4,0.01,2
synthetic_63,47,170935.70331338362,5.232832783215374,2.4889852178403333,2,2,0.1744387237711451,1
synthetic_64,650,795232.5759821086,5.900494162233695,2.6090685489630614,3,3,0.14623580422310695,1
synthetic_65,20,61117.683361850126,4.786166884143668,2.399762303358077,3,3,0.2010934400754307,8
synthetic_66,1608,650761367.0619204,8.813421762811473,3.010308205114902,3,2,0.10742586137042277,3
synthetic_67,333,71186541946887.48,13.8523978965771,3.462490796222325,3,3,0.04742134340500285,1
synthetic_68,16,6920643.070505611,6.840146451248106,2.756841587654388,3,4,0.13769754326945927,2
synthetic_69,92,20486.34530474623,4.311464488633008,2.2953100801944992,2,2,0.2119054352827815,6
synthetic_70,15,126.44868592186955,2.1019143204352972,1.5768809558992227,1,1,0.3313666013899552,2
synthetic_71,18430,14742.600983667926,4.1685741112844745,2.2616064828440083,2,2,0.23811351543620649,2
synthetic_72,13761,4.0279452063237046e+20,20.605083554048136,3.8595702650680366,4,5,0.01761787187038666,3
synthetic_73,370,102562579122016.62,14.010988933434263,3.4738743907883523,4,4,0.016105618704198302,4
synthetic_74,28148,581369.9679195088,5.7644525934755,2.5857426410305204,3,3,0.17338822071258053,2
synthetic_75,83201,110317458162.12033,11.042644246651454,3.2357969725129845,3,3,0.06677945449412317,1
synthetic_76,32,757.5812551828847,2.8794292203888943,1.891624532389132,2,2,0.29262821492077157,8
synthetic_77,786,50902.645583673184,4.706740354685136,2.3830280446169625,2,2,0.19471895416636467,1
synthetic_78,30,2510.884663698504,3.3998267640591138,2.057756923824668,2,2,0.23757804751109318,1
synthetic_79,15763,8252.115649617626,3.916565305781824,2.199247517460284,2,2,0.23361515146140244,5
synthetic_80,54,78437.04322657124,4.894521214080562,2.4221489052271035,3,3,0.1923686641653417,2
synthetic_81,9769,20152223.84877686,7.304322978614145,2.82249880697893,3,3,0.12621770855793196,3
synthetic_82,26,251525.90740960694,5.400582724443867,2.52053930493016,2,2,0.16834144026746495,1
synthetic_83,194,448228.34968254657,5.651499321456797,2.5659533218323305,3,3,0.17786505560756108,2
synthetic_84,22,395004.473529374,5.596602014153347,2.5561920756347356,2,2,0.18665917826859957,1
synthetic_85,283,2639825455.5029073,9.42157521239334,3.0770347398558147,3,3,0.08763439094650799,1
synthetic_86,96,5238.576470874369,3.7192132879693354,2.1475446094389237,2,2,0.23947468799464539,1
synthetic_87,1253,1.316314344638719e+18,18.119359614080363,3.731013403851974,4,4,0.012565186479504482,7
synthetic_88,107,231312027.3488518,8.364198215024995,2.957992925125716,3,3,0.10796469125370073,1
synthetic_89,11966,1174170469.938085,9.069731153793128,3.038975067678042,3,3,0.060322662636570865,1
synthetic_90,2770,3955637305755.9316,12.597216464085415,3.3675083192511774,3,3,0.03247619259922859,1
synthetic_91,222,523.7360202598767,2.719112443792925,1.8343379648769367,2,2,0.3043433365657781,6
synthetic_92,2412,3242755156.705556,9.510914158631046,3.0864724432244595,3,3,0.07858045625250146,12
synthetic_93,31,897457206.2176846,8.953013749120426,3.0260226525986087,3,3,0.10552056838373239,1
synthetic_94,15172,479228.0529172806,5.680542232733885,2.5710791369341517,3,3,0.16389935654946233,3
synthetic_95,272,17529871.35973945,7.243778729102335,2.8141754393998326,3,3,0.13755422809375586,2
synthetic_96,160,77956464.22766432,7.891852133149054,2.8998632969364286,3,3,0.10778948715037018,3
synthetic_97,42256,109595.82414727226,5.039794006845917,2.451397654838408,2,2,0.19579157881201126,1
synthetic_98,15000,267842396733898.88,14.42787932252751,3.503194844137795,4,4,0.033861757032421655,2
synthetic_99,98,223.8305219092653,2.3499193073619424,1.6884134355216946,2,2,0.32254525019289026,2
synthetic_100,19276,2.5722101027473064e+21,21.41030643965541,3.897904860668903,4,4,0.010546498530190468,1
synthetic_101,7744,9125613952847560.0,15.960262092565692,3.604134458974737,4,4,0.04215353907916563,2
synthetic_102,53,22149309.309497423,7.345360187996973,2.828101292200647,3,4,0.0988924489354321,9
synthetic_103,36,4722.685735185166,3.6741890469919247,2.135364886076913,2,2,0.26269859628069986,9
synthetic_104,14465,2.1640177237559492e+16,16.335260813411374,3.6273584567123303,4,4,0.034780464819311345,1
synthetic_105,26,339058897.2854175,8.530275145236438,2.9776540624137904,3,3,0.09259738761045082,1
synthetic_106,22385,2518677261.5032783,9.401172521397285,3.0748668630638463,3,3,0.06873925377603146,5
synthetic_107,66,53831186.50432684,7.731033952295774,2.8792750572848087,3,3,0.10395179259751411,10
synthetic_108,729,8009465991074823.0,15.903603561669689,3.6005781678941036,4,5,0.024467769963143794,1
synthetic_109,985,2.8389905762948972e+16,16.4531639509373,3.634550241407859,4,4,0.01361512982568699,4
synthetic_110,51,2306.081904248441,3.362874727907276,2.0468286272103757,2,1,0.2606136692508876,1
synthetic_111,173,6163319.615302335,6.789814689808067,2.7494560948125684,3,3,0.14716781593725575,4
synthetic_112,324,11735389427.443745,10.06949750581222,3.143543250615422,3,3,0.06241157802716352,3
synthetic_113,840,78236012150874.47,13.893406705468088,3.465446835114762,3,3,0.027610413934435855,6
synthetic_114,122,90613440.72418992,7.957192621511335,2.908108697156223,3,3,0.08686696580542623,1
synthetic_115,1052,34486613.572416574,7.5376505507310085,2.853942980664777,3,3,0.11944076088066671,5
synthetic_116,16644,4.5784150032441784e+16,16.660715156064644,3.6470860075998277,3,3,0.0130901354033741,5
synthetic_117,24689,4.83708758167219e+22,22.68458395091804,3.9557180179231852,4,3,0.0160181229305362,2
synthetic_118,109,78247691.5345778,7.893471533840428,2.900068474952568,3,3,0.09581607961676473,3
synthetic_119,555,2139028921565707.5,15.330216656657306,3.5638582708861684,3,3,0.03038212432893505,2
synthetic_120,37862,12157992088388.123,13.084861856438577,3.4054884237756786,4,4,0.047326201723508245,1
synthetic_121,21863,1399482427161523.2,15.145967449544091,3.5517667668249104,3,3,0.01955742741173792,9
synthetic_122,29,7915.819343233191,3.8984958740724798,2.194623250677727,2,2,0.24381983436748322,1
synthetic_123,11,147904.1271925483,5.169980292941727,2.4769013219509177,3,3,0.19523911249473225,4
synthetic_124,50,600367.7143768354,5.77841732939903,2.5881622719940527,3,3,0.14128427793743953,1
synthetic_125,8956,391543246089532.2,14.592779737021793,3.5145593130775703,3,3,0.016335590051707247,2
synthetic_126,7519,64597939814237.03,13.810218667506293,3.4594412465413593,4,3,0.03228241456347779,2
synthetic_127,120,5128.846596296982,3.710019709520413,2.145069634392383,2,1,0.24768559537263043,2
synthetic_128,12124,4281.760247140683,3.6316223457564325,2.1237119208881277,2,2,0.2667856846155397,2
synthetic_129,96,26261151327.67803,10.419313762282652,3.1776936216580736,3,3,0.07701122441566452,2
synthetic_130,23,908.685737495756,2.958413711528361,1.918685661666319,2,2,0.28963000661721755,3
synthetic_131,31030,3.1540228497924675e+22,22.498864835315914,3.94749730142186,4,4,0.01729115815148119,1
synthetic_132,907,1.0017596608208008e+17,17.00076353939616,3.667290702377692,4,4,0.02123000479796149,3
synthetic_133,45914,2.9046816119304876e+19,19.46309853543214,3.802552735200821,4,5,0.011698567495518248,5
synthetic_134,16,48162.0921310474,4.682705344139189,2.3779084531493133,3,3,0.21655849049497206,3
synthetic_135,839,44666948881.311356,10.649986287612512,3.19959104985444,3,3,0.051943096493228834,7
synthetic_136,1424,529490365489150.94,14.723858062171615,3.5235016208222882,3,3,0.03694250133211788,2
synthetic_137,704,100.88255710950114,2.003816081936072,1.529085848777945,1,0,0.3285333409802957,16
synthetic_138,252,15925875.588028083,7.202103318721397,2.8084055562092,3,3,0.12191525768729887,16
synthetic_139,11832,242804299057.0276,11.385256372025195,3.2663516629137415,3,3,0.06419643849892445,2
synthetic_140,140,27908.04132585764,4.445729357405094,2.325976385658901,2,2,0.21539755310925682,4
synthetic_141,74,8997579654.839474,9.954125700115625,3.132019553705411,3,3,0.0657829785246972,12
synthetic_142,740,37964.15955339828,4.5793737899544436,2.355594706941867,2,2,0.21258579035117448,3
synthetic_143,83,9019.176521197795,3.955166886918246,2.2090552420168343,2,2,0.2278558522214087,1
synthetic_144,75233,1.0027806532815057e+28,28.001205946492664,4.16628002401329,4,4,0.01,1
synthetic_145,18337,14264694.340266984,7.1542624701566,2.8017407739994993,3,3,0.13607979803019843,1
synthetic_146,32347,153037.67286092608,5.184798353050717,2.4797633957297447,3,3,0.1882303330343615,3
synthetic_147,22,15424.787943910826,4.188219202175462,2.2663080774250814,2,2,0.21434039874381025,1
synthetic_148,75,539.6867166407162,2.732141728866339,1.8391182629412026,2,2,0.30788380723896724,3
synthetic_149,19894,8.418025453400595e+17,17.925210234580774,3.720240560232826,3,3,0.02066541612271633,6
synthetic_150,4303,6.064842063111717e+19,19.78281949571996,3.818846304040586,4,4,0.01630330808411526,4
synthetic_151,2981,117290.64379276006,5.069263370075998,2.4572279603969323,2,2,0.18069469558168358,1
synthetic_152,18701,213383422019549.34,14.32916067560813,3.4963291142357735,4,4,0.03244398419009173,1
synthetic_153,3435,1.1156581938026115e+17,17.047531159402013,3.670037838457872,4,4,0.014968221599418748,12
synthetic_154,233,41861229273983.29,13.621811977444354,3.445704775112062,3,3,0.038569389158067846,5
synthetic_155,18,9335.58578939284,3.9701415742528523,2.2128342003320856,2,2,0.23469093701313937,16
synthetic_156,75077,407566.26753690955,5.610198232182242,2.5586184996631323,3,3,0.16973617836670124,2
synthetic_157,124,8402931.218924746,6.924430808698093,2.7690883002534656,3,3,0.130636657324384,4
synthetic_158,76,56231103.085270636,7.749976603145668,2.8817222696597082,3,4,0.12174023201547618,1
synthetic_159,8415,1.5087189074536072e+21,21.178608333007332,3.8870240766055617,4,4,0.010417571236956103,5
synthetic_160,63,652923815.2818577,8.814862509708563,3.0104716636657205,3,3,0.11776995525271179,1
synthetic_161,65,1731.6274330252015,3.238454457435121,2.0091286419321404,2,2,0.24378259172396544,6
synthetic_162,150,31206588961631.67,13.4942463006711,3.4362958398930377,3,3,0.024123381970634475,3
synthetic_163,2686,1231284415841.1106,12.090358382714598,3.326440752339748,3,3,0.044496653507445846,2
synthetic_164,2296,5.6252819618265784e+19,19.750144295920535,3.817193242690956,4,4,0.011368788072503523,16
synthetic_165,7718,2.409920613902342e+18,18.38200273655329,3.74540451905522,4,4,0.02315401389615262,1
synthetic_166,1921,11847661017.8473,10.073632619771724,3.14395382374798,3,3,0.060895431346321416,12
synthetic_167,19,11658161.113393338,7.066630052885484,2.78941615704894,3,4,0.11777672882796492,4
synthetic_168,15934,613045.7409523532,5.787492879578927,2.589731634349215,3,3,0.15670898425762617,1
synthetic_169,55571,6959666306599562.0,15.842588417099549,3.5967342284546744,4,4,0.027854475340003362,7
synthetic_170,227,1053.7328910143285,3.022730536246427,1.9401930192113377,2,2,0.2894484386995734,2
synthetic_171,3752,1.8399761003308264e+16,16.264812181943313,3.623036457731457,4,4,0.017219286757399574,1
synthetic_172,80068,8598093.170512332,6.934402146901033,2.7705272872093674,3,3,0.1434541964981662,3
synthetic_173,7530,4.382547060318342e+22,22.64172658829734,3.9538269584090653,4,4,0.01,4
synthetic_174,19,1658.922565230916,3.219826114609181,2.0033598016719623,2,2,0.268450005313336,5
synthetic_175,503,14385102.28318708,7.157912954225359,2.8022508968899302,3,3,0.13708367952426356,5
synthetic_176,884,6.230638711730424e+16,16.794532569092844,3.655085836373424,3,3,0.014198567993032277,9
synthetic_177,69,72487777.40187691,7.860264783751428,2.8958527386218416,3,3,0.11460714889356871,9
synthetic_178,52,3538465250.53436,9.54881493497723,3.0904495014624214,3,3,0.07711189562947725,1
synthetic_179,30408,577523100724721.9,14.761569360541019,3.526059584008061,4,4,0.01483058294769821,12
synthetic_180,107,257733.53448006674,5.4111709295797485,2.5224979526869746,2,1,0.18049186921392082,1
synthetic_181,34264,20092422521.473938,10.303032302317256,3.166470695440103,3,3,0.0633445061015391,2
synthetic_182,2246,6301564.474165332,6.799448384080301,2.7508739341514215,3,3,0.1205020287717644,2
synthetic_183,1361,177926544037472.94,14.250240743300676,3.4908062460866227,4,4,0.03085549704035188,3
synthetic_184,13,496.19402424188723,2.6956515296774217,1.8256723753732351,2,2,0.3043721735229223,1
synthetic_185,25,3255114.069612365,6.512566212239134,2.7077660192222663,3,3,0.11875203714957572,1
synthetic_186,196,2329538021.2815404,9.367269803128526,3.071254122639565,3,3,0.06612069723744965,3
synthetic_187,31,779.6770391332354,2.891914744782988,1.8959512694360077,2,2,0.288268826452035,1
synthetic_188,8381,7782088.867611728,6.8910961859245505,2.764262615721019,3,3,0.13299579390001495,7
synthetic_189,28736,72489.56246877415,4.860275478453152,2.4151275643632393,3,3,0.19817500315419917,4
synthetic_190,2035,62410.99684226527,4.795261119283939,2.401660608677073,2,2,0.20854476292484103,16
synthetic_191,10226,135347599.66268057,8.131450558130195,2.929771773326861,3,3,0.09718511690752535,10
synthetic_192,565,2785736021381498.5,15.444939959938237,3.571313884264764,4,4,0.02190190663569622,1
synthetic_193,3947,132332106723968.77,14.121665226510853,3.481742604248268,4,4,0.053562135230238145,3
synthetic_194,2431,15136364230.04698,10.180021569718152,3.154459575200912,3,3,0.06857415413146804,4
synthetic_195,10898,113244459708387.77,14.054016964089444,3.4769407050820864,3,3,0.03542306085826777,2
synthetic_196,1576,445889472428395.56,14.649227218659925,3.518420029740197,4,4,0.030943275397583975,8
synthetic_197,19,2037446.4435317041,6.309086201665096,2.6760232938282913,2,2,0.14418864208282997,1
synthetic_198,46,1973239.0834449732,6.295179708835708,2.6738166602058397,3,3,0.15147569646606243,3
synthetic_199,22,39382.91635870483,4.595307873092003,2.3590682005721337,2,2,0.20765898480590753,6
synthetic_200,54,216417711.01268435,8.335292799319614,2.954531089726283,3,3,0.09950609233747007,2
synthetic_201,1276,109.89596151325469,2.040981733144741,1.5474633790820314,2,2,0.3604823621273617,6
synthetic_202,3858,641143074.7393353,8.806954955628353,3.009574190448042,3,3,0.0949233097107608,1
synthetic_203,161,918089995592.3375,11.962885254919604,3.315841406726391,3,3,0.056055291828383,1
synthetic_204,496,148151.81086763195,5.170706964253556,2.4770418679890973,2,2,0.19631906052263093,1
synthetic_205,177,18088.167439575496,4.257394569557732,2.2826898150333843,2,2,0.22842265111626836,1
synthetic_206,36,1293599.1835136234,6.111799732782977,2.6442537303421987,3,3,0.17372303342126025,5
synthetic_207,11,165180.08770425426,5.217957692370651,2.4861385239132656,2,1,0.1941704813860532,1
synthetic_208,22,2055.570318908012,3.312932338129923,2.031866145214969,2,2,0.25767136180835337,1
synthetic_209,1191,300687075992960.75,14.478114761836588,3.5066706277235298,4,4,0.015519571545833059,4
synthetic_210,1354,29785974.853475533,7.474011818521041,2.8454643575945897,3,3,0.13862685282962459,2
synthetic_211,17,18789595.617113423,7.273917433472211,2.8183274408371695,3,3,0.1146188005359078,3
synthetic_212,24,4727251.94036358,6.6746087487793115,2.7323430334012926,3,3,0.12677067354554383,10
synthetic_213,86,2713.7353396973067,3.4335674902972952,2.0676322505473146,2,2,0.2601427556551672,4
synthetic_214,22,689.3643883007242,2.838448844543417,1.8772901667108253,2,2,0.29584706647887227,1
synthetic_215,163,774888.8074911489,5.889239387980426,2.607159298406347,2,2,0.16659015061126148,2
synthetic_216,2525,9.080671569194509e+18,18.958117968345995,3.7762646738750165,4,4,0.013140585078100432,1
synthetic_217,52769,7.938557337391343e+22,22.899741585885927,3.96515807128535,4,4,0.01,7
synthetic_218,14458,6704.228895000516,3.8263488335068643,2.1759434865758642,2,2,0.23641257259279114,2
synthetic_219,79880,6.024105289390603e+24,24.779892553863583,4.044064985437275,4,4,0.012482720509335847,6
synthetic_220,50,185617.57742902363,5.268619100217819,2.495800743146085,2,2,0.1720127711812221,1
synthetic_221,34,2880641.3070443706,6.459489183976503,2.6995826862281294,3,3,0.14963523798110026,3
synthetic_222,572,65315775552.696724,10.815018087983157,3.214968177141931,3,3,0.04994015308525615,1
synthetic_223,17,54094.53075266601,4.733153357823589,2.3886240974691524,2,1,0.19825236564618043,1
synthetic_224,19,4523.387069065915,3.655463752186985,2.130255411984217,2,2,0.2387164884584534,4
synthetic_225,82,9457.588049752394,3.975780393247213,2.2142534994301633,2,2,0.22288146890480875,5
synthetic_226,14735,8.429696191331315e+16,16.92581192280909,3.6628722347012435,4,4,0.01313830768469744,2
synthetic_227,71662,365633.1118194203,5.563045518651782,2.5501781587005508,3,3,0.16810203601069157,4
synthetic_228,57,68883.63238535468,4.838116040352128,2.4105578423387524,2,2,0.2083648941369368,1
synthetic_229,14,1690.9159315094118,3.228122016001551,2.0059329941982704,2,2,0.2913128044024822,1
synthetic_230,32,7752.517571424685,3.8894427592581717,2.1922983430690866,2,2,0.24238549801151363,8
synthetic_231,371,8087.107240537067,3.907793202188727,2.197005261495284,2,3,0.22891530471763305,2
synthetic_232,104,259.6495441012366,2.4143875643873005,1.7154781036644575,2,2,0.3238224223837747,4
synthetic_233,38060,6.494814756671017e+17,17.812566768757335,3.7139366516912644,4,4,0.01228220968948445,3
synthetic_234,5259,4422.912000012685,3.645708298562664,2.1275831124241,2,2,0.25025217266934746,1
synthetic_235,66989,489838255554.911,11.69005269979158,3.2927707288305466,3,3,0.03978469242287498,4
synthetic_236,55,584.1722981992224,2.766540958620988,1.8516302337071064,2,2,0.30124206586128,1
synthetic_237,21,10700.911311579252,4.0294207646699824,2.227655080025158,2,2,0.2438845595217933,1
synthetic_238,30,31209472.711256657,7.494286431256615,2.8481733663003763,3,3,0.1403487706012564,12
synthetic_239,15662,1.9904794398810212e+24,24.298957696015904,4.02446590150645,4,4,0.022713964284396634,7
synthetic_240,4225,269683823.05854887,8.430854896148421,2.9659306232882137,3,3,0.07951064714907896,4
synthetic_241,59197,148946.65389030348,5.173030751167712,2.477491180803707,3,3,0.1836580766909944,1
synthetic_242,18356,3.7573064890399794e+22,22.574876622550697,3.950870079311295,4,4,0.01,2
synthetic_243,23334,1.4158310961892263e+21,21.151011446596506,3.8857201721308954,4,4,0.01366645744510413,16
synthetic_244,56176,1646512.1765181324,6.21656494681536,2.661249940093235,3,3,0.14516454699102024,1
synthetic_245,1055,212029728265547.62,14.326396756761493,3.49613620793048,4,4,0.04275091411753339,1
synthetic_246,1820,4.632764207430555e+17,17.66584019659475,3.705665287712862,4,4,0.023590225176415017,2
synthetic_247,10,34497.74020956616,4.537790647344028,2.346472697298603,3,3,0.2050967280054528,3
synthetic_248,8556,1269848.2132475458,6.103751812224757,2.642936078545148,3,3,0.1488994306310336,1
synthetic_249,11065,8.123281855710499e+17,17.90973152232903,3.719376670830164,4,4,0.012214799096563742,8
synthetic_250,96680,253205623671758.22,14.40347334708975,3.501501827403754,4,4,0.034914053452766054,2
synthetic_251,447,111.17289210801607,2.045998903764906,1.5499185769829684,1,1,0.3502784390563126,1
synthetic_252,2253,40953434153380.72,13.61229032542072,3.4450055302971823,3,3,0.02981609803918768,3
synthetic_253,2593,1.4540265466547754e+17,17.162572335656744,3.6767634310837383,4,4,0.01305573734060252,1
synthetic_254,17,921824.3883553776,5.96464819390355,2.619882520668525,3,3,0.16601041980297296,2
synthetic_255,38,124958.54942017578,5.096765975060196,2.462638661300287,2,2,0.1868178764766214,5
synthetic_256,98489,3.333801976122022e+20,20.522939799681666,3.8555757203807604,4,4,0.010996345904395802,2
synthetic_257,22866,4795015658383447.0,15.68079002972116,3.5864688434495022,3,3,0.0281603264898246,2
synthetic_258,12,85204.0851189314,4.930460417561047,2.4294648199279014,2,2,0.1764481311693934,12
synthetic_259,108,60192278731.93082,10.77954078495912,3.211682411023597,3,3,0.06721158086112676,2
synthetic_260,854,1575.4059658505723,3.1973924857512217,1.9963680746816395,2,2,0.2884426962191284,5
synthetic_261,11535,1720821608818416.5,15.235735850965922,3.5576761565498014,4,4,0.02113919093599805,12
synthetic_262,18,2046.2987670936618,3.310969042586059,2.031273353901055,2,3,0.2566153131986092,16
synthetic_263,305,6060821107534.259,12.78253146547226,3.38211195482244,3,3,0.03818517216478773,1
synthetic_264,3011,372555843.5653966,8.57119137972744,2.982439185666724,3,3,0.08925771236027086,1
synthetic_265,8507,59454.23374871745,4.7741827862589545,2.3972552602948407,2,2,0.2093093255384142,6
synthetic_266,3145,3.860733066411494e+20,20.58666977525987,3.858676213296673,4,4,0.010648787298323137,2
synthetic_267,61396,11557327.191985548,7.062857408480166,2.788882146950515,3,3,0.12730143844761807,3
synthetic_268,83573,7984317185772.954,12.902237781447491,3.3914332130011915,4,4,0.044149877906415766,4
synthetic_269,80,2160099.949504187,6.334473846759205,2.6800392006008806,3,3,0.13944483256744217,1
synthetic_270,28050,2.743563080246669e+20,20.438314949984296,3.8514437683390215,4,4,0.010683981060659703,16
synthetic_271,14995,6791027805.694801,9.831935508678363,3.1196682581612882,3,3,0.0864538696779065,6
synthetic_272,11,20383.205772443394,4.309272488786871,2.294801539010812,2,3,0.21182260961339358,16
synthetic_273,12247,2554.341434919291,3.407278948287825,2.059946455622998,2,2,0.2592556013049953,2
synthetic_274,26,39182928.09682028,7.593096887217054,2.8612719754683735,3,4,0.11078800143373606,1
synthetic_275,23,2862878.7561492207,6.456802955897836,2.699166742071973,3,3,0.13360584633561431,1
synthetic_276,38710,27797621772808.375,13.444007641417084,3.432565923499309,3,3,0.040027171244326455,2
synthetic_277,38792,407795859076971.2,14.610442811463818,3.5157689793441307,3,3,0.031195957966558795,5
synthetic_278,19120,4.1629658272767934e+20,20.61940284588893,3.860264963470232,4,3,0.010699532917366854,16
synthetic_279,4695,233746.0763192988,5.368744329503147,2.5146264957935234,2,2,0.18833117103451116,1
synthetic_280,1733,379980805795638.44,14.579761659386351,3.51366682460201,3,3,0.03644266209603435,7
synthetic_281,1456,29479511.740822416,7.469520286174036,2.8448632236122364,3,3,0.11808348208486212,2
synthetic_282,948,34415029.655130506,7.536748148117676,2.85382325414932,3,3,0.10933675234370463,1
synthetic_283,91,139560.14071070848,5.144761398651205,2.4720114380749636,3,3,0.18308839200903002,4
synthetic_284,256,154561354.63859388,8.189100915421626,2.9368365587500533,3,3,0.10523855238393648,4
synthetic_285,199,703.4583510313931,2.847238389684497,1.8803819836824007,2,2,0.2869453290930836,7
synthetic_286,130,4115588213.873427,9.614431914829716,3.0972977393221783,3,3,0.08028398651580586,1
synthetic_287,164,7585934006071.314,12.880009060232876,3.3897088693581456,3,3,0.04712331381139921,4
synthetic_288,109,2536178500.6378675,9.404179816683637,3.0751866970406763,3,3,0.08378023767856196,2
synthetic_289,28724,281969286146.2922,11.450201804831302,3.2720397999689843,3,3,0.05465777389590992,9
synthetic_290,131,217381.7641930477,5.337223109011964,2.5087379459253487,3,3,0.18272641018156932,1
synthetic_291,70997,25071394780.604538,10.399178495452839,3.175759257453501,3,3,0.07605911227524259,1
synthetic_292,6527,10575.400333928626,4.024296816664127,2.226382636921594,2,2,0.22803730236809577,1
synthetic_293,158,364.9453829886084,2.5622278736578137,1.7749095884275943,2,2,0.32291566342766964,1
synthetic_294,20,1583089.133740236,6.199505367927264,2.6585019547498883,3,4,0.1475044027305201,3
synthetic_295,4318,1794486.7807383745,6.253940263408448,2.6672441524964534,3,3,0.14975162980206091,1
synthetic_296,29799,8.231790434036435e+24,24.91549430557118,4.049522316462271,4,4,0.01,1
synthetic_297,48,999865.3051596589,5.999941498834108,2.625782164234162,3,3,0.17011224465685504,1
synthetic_298,86,763619473132.038,11.882876994847292,3.309130901147165,3,3,0.04182760033999217,16
synthetic_299,119,142241533992.23544,11.153026427264853,3.245743334778292,3,3,0.0608840322805925,2
synthetic_300,633,153067426590.2888,11.184882780788394,3.248595560098333,3,3,0.04396566352991237,3
synthetic_301,1406,742.9434146136103,2.8709557375063444,1.8886774291681927,2,2,0.2911070445736686,2
synthetic_302,567,34569726.30404146,7.538695941153195,2.8540816602081827,3,3,0.1262286967218364,3
synthetic_303,33071,561.8294954700991,2.749604535477255,1.8454895413044667,2,2,0.2961410404146285,10
synthetic_304,45,41611077.39397392,7.619208960690812,2.8647049986248185,3,3,0.12357629490078881,4
synthetic_305,153,10335206983922.086,13.014319178696743,3.400082671815043,4,4,0.04535362634950916,5
synthetic_306,20813,1.0939886183793667e+22,22.039012803715192,3.926846637409517,4,4,0.01,4
synthetic_307,23,314055.44909843075,5.497006333141618,2.538236086234533,3,3,0.18271386032736261,5
synthetic_308,447,149877628911.9381,11.175736813867939,3.2477775177009143,3,3,0.06770370643313849,1
synthetic_309,29,1110.093755040427,3.0453596594868664,1.9476514542088275,2,2,0.2863520926459643,7
synthetic_310,92268,5.698184604892679e+21,21.75573651503114,3.9139099158248314,4,4,0.023270850533345242,2
synthetic_311,43705,52065877.51091135,7.716553192326346,2.8774002319058702,3,3,0.11233445373336191,2
synthetic_312,25548,7626.152537753923,3.8823054877514833,2.190461620291575,2,2,0.23869481440460888,1
synthetic_313,344,3978701307.387374,9.59974133662752,3.0957685992574477,3,3,0.08156987797904451,1
synthetic_314,302,4898928.688372939,6.690101117661773,2.7346614340215156,3,3,0.16937531609148518,4
synthetic_315,15,19169812.476940453,7.282617864540644,2.819522839594686,3,3,0.10245978757515435,1
synthetic_316,349,17730453638.213974,10.248719847279022,3.1611852500842113,3,3,0.0710814224430434,3
synthetic_317,26,45879533.62477579,7.661618994555825,2.8702557636593355,3,3,0.11592484735044754,1
synthetic_318,50413,1988448673798.6296,12.298514385377963,3.343510918655045,3,3,0.042780318520923705,1
synthetic_319,21974,82683660658.1867,10.917419695924014,3.2243920960614103,3,2,0.04933720175801338,16
synthetic_320,142,4072940.9342940343,6.609908112001988,2.722602197653653,2,2,0.1293838124238688,1
synthetic_321,1640,1722338261736122.0,15.236118449544254,3.5577012681544042,4,4,0.03914880510398823,1
synthetic_322,60,46311.03318201462,4.66568447005117,2.374266993339717,2,2,0.21172952581580506,1
synthetic_323,597,1943760257.0042422,9.288642698100091,3.0628248838581085,3,3,0.09311797784673408,4
synthetic_324,63,218.1785888356627,2.338812128439405,1.6836756083070117,2,2,0.30417478820819377,12
synthetic_325,43432,1.0296217343397164e+16,16.01267770153831,3.6074132100853147,4,4,0.025952770471241064,1
synthetic_326,32237,723604.7094959256,5.859501384751399,2.6020969572903114,3,3,0.16214185179013552,8
synthetic_327,2264,12876168.130331736,7.109786638842917,2.7955046800112795,3,3,0.1205346368032936,3
synthetic_328,931,6633726681486978.0,15.821757574031928,3.595418499648619,4,4,0.02687096186476629,6
synthetic_329,1968,554767.6631548951,5.74411113855359,2.582207625440678,3,3,0.1640265554899707,1
synthetic_330,34186,648211236282466.8,14.811716554948548,3.5294509719393767,4,4,0.031098820665306053,2
synthetic_331,5634,3.226803865585952e+16,16.508772568539193,3.637924355688194,4,4,0.013578582172716548,7
synthetic_332,130,473237654871.75525,11.675079293547604,3.291489040518406,3,3,0.05834740589452117,1
synthetic_333,8942,3.711575286338774e+18,18.56955827429457,3.7555560332695874,4,4,0.012143299837980032,6
synthetic_334,24192,14907.547234990714,4.173406194094471,2.262764980748233,2,2,0.224244115570009,2
synthetic_335,18,380.57451710614595,2.5804397049948906,1.7819922579528236,1,1,0.3068756730031459,3
synthetic_336,15068,1511.5852550527197,3.1794326468858394,1.99073521319358,2,2,0.2645590148733647,1
synthetic_337,133,3522154558680.663,12.546808409697515,3.3634987684992192,3,3,0.043081442781201844,2
synthetic_338,80,313054175646.6534,11.495619500959997,3.2759984950913905,3,3,0.06711211330983148,1
synthetic_339,35862,24199985380449.48,13.383815103617124,3.4280785941043233,4,4,0.050729460924443776,4
synthetic_340,92,25038037242.66509,10.398600281084326,3.1757036539801806,3,3,0.08168316463972736,1
synthetic_341,12629,10053481278046.148,13.002316473502574,3.399159977104921,3,3,0.03715904477234752,1
synthetic_342,9875,100.67223065711488,2.0029096916504576,1.5286334143702545,1,1,0.3406096887089426,5
synthetic_343,17,105.4760765079227,2.023153966564606,1.538690108577339,2,2,0.3304646564224985,1
synthetic_344,276,1859903399444.2244,12.26949038820835,3.341148169954897,3,3,0.040842988831814524,2
synthetic_345,43628,4.719311674920427e+26,26.673878660163098,4.117717204444901,4,4,0.01,2
synthetic_346,3395,121.7554650686491,2.0854884638980877,1.5690355483114407,2,2,0.3269397187412024,12
synthetic_347,11070,1.8851944493668838e+18,18.275356152383544,3.7395859391964192,4,4,0.012346450805773889,1
synthetic_348,275,602883307.2511721,8.780233259202777,3.0065354196494596,3,3,0.06978177971407643,2
synthetic_349,301,155766332532.2717,11.19247359470046,3.2492739971823075,3,3,0.05517905072358896,1
synthetic_350,4260,2.278188684625043e+19,19.357589690462117,3.7971170198860844,4,4,0.011558558134350467,1
synthetic_351,4041,223460133.25726157,8.349200053415393,2.956198177535236,3,3,0.11716705119452374,1
synthetic_352,36379,148783402078.46805,11.17255448505534,3.2474927237726856,3,3,0.0597937168393033,1
synthetic_353,328,176.5275827058268,2.246812574205529,1.6435450234036868,2,2,0.31494596690843096,2
synthetic_354,1329,147.23949403386996,2.168024316390251,1.6078487448096197,2,2,0.3294216650434558,4
synthetic_355,176,195584553514.34735,11.291334552965003,3.258068023063619,3,3,0.05747912749280786,1
synthetic_356,12040,59779.87358101174,4.7765549922836055,2.397752019001537,3,3,0.19252878513841457,2
synthetic_357,306,373881.19571873546,5.572733622947869,2.551918154908664,3,3,0.17213189539886894,1
synthetic_358,39286,2.469740259076114e+22,22.39265128120237,3.9427652824794697,4,4,0.01,1
synthetic_359,81,2136201.098299683,6.329642134017061,2.6792761448954656,3,3,0.1650372303695779,12
synthetic_360,59006,9.118257691871717e+28,28.95991186167341,4.199944969310336,4,4,0.01,2
synthetic_361,79,1721.4239735527506,3.2358878469096304,2.008335785904673,2,2,0.2743047644788163,1
synthetic_362,17558,163897532298.26892,11.214572414721733,3.251246486298186,3,3,0.06661856244664986,9
synthetic_363,145,512653352768.68335,11.709823802018489,3.2944605759483476,3,3,0.05438052493572396,1
synthetic_364,3339,35991.20837913532,4.556196428024977,2.3505206040441924,2,2,0.21443259696269304,3
synthetic_365,5229,22210466.687265944,7.3465576840583795,2.8282643064612065,3,3,0.1358400685114583,2
synthetic_366,14,7498.225897167037,3.874958520163326,2.1885674035219926,2,2,0.2414260540422794,12
synthetic_367,61,367305116702.16614,11.565026978277334,3.282018073680677,3,3,0.058974005323296594,3
synthetic_368,19,63948958.758675635,7.80583347752393,2.8889037811531537,3,4,0.105999372080404,4
synthetic_369,380,8138879652874033.0,15.910564626748965,3.6010157757642283,4,4,0.02043184775242115,2
synthetic_370,84,2473067891.251418,9.393236038880968,3.0740223051771105,3,3,0.09299849981699568,6
synthetic_371,322,3831788462176.8867,12.58340152539473,3.366411051496863,3,3,0.031471992419423035,1
synthetic_372,96,47564203942.58814,10.6772802325821,3.202150586478084,3,3,0.07059640353517782,2
synthetic_373,3481,399.2116253643048,2.6012031798048474,1.7900065446977307,2,2,0.2968082312363223,4
synthetic_374,93275,6.807545527373297e+17,17.832990554488077,3.7150825890534174,4,5,0.013589327219218711,9
synthetic_375,25,2590.357601800355,3.4133597230650894,2.0617295075280464,2,2,0.25783660799955704,12
synthetic_376,2120,2206506894493.3545,12.343705288790119,3.347178685168826,4,4,0.047852401337629025,2
synthetic_377,37703,3.310946978469727e+25,25.519952226012595,4.073493031701343,4,4,0.01,2
synthetic_378,65,4856.719004975027,3.686342977238942,2.1386673487937835,2,2,0.24226844955857207,1
synthetic_379,18,178231.39928305525,5.250984216727298,2.4924479741340297,3,3,0.17886462529882652,2
synthetic_380,5949,7435909958839191.0,15.871334122275757,3.598547041928804,3,3,0.02698456742716178,1
synthetic_381,32,100.02026064322042,2.0000879819429516,1.5272236158118024,2,2,0.3150565999043699,16
synthetic_382,80,55420.44639088302,4.743670019539257,2.3908435470914466,2,2,0.18972882784013176,7
synthetic_383,490,2963771.1311467276,6.4718446634376,2.7014936233931186,3,3,0.15022383981610674,2
synthetic_384,40528,7.282843391651624e+27,27.862300971100392,4.161307000680967,4,4,0.016606630291615104,4
synthetic_385,20,1519041.466108709,6.181569629199457,2.655604669776103,3,3,0.14700622095927418,12
synthetic_386,14,44802.36016129405,4.651300892971975,2.371179387650606,3,3,0.19483431674766194,1
synthetic_387,1136,109083600.22039333,8.037759463061747,2.918182815853547,3,3,0.11689939656322391,10
synthetic_388,6003,1.6067702578900854e+20,20.205953784128987,3.840009748015851,4,4,0.010851605482565172,2
synthetic_389,82054,5.906884343326378e+21,21.77135846746403,3.914627719441633,4,3,0.024413066076137982,2
synthetic_390,851,109184457.34337401,8.038160819958193,2.918232748534161,3,3,0.10993434560198097,4
synthetic_391,23610,1255830839604457.5,15.098931143880465,3.5486564013899664,4,4,0.027687661169951687,3
synthetic_392,522,518681029.3357935,8.71490036404246,2.999066691457221,3,3,0.09088400539562082,4
synthetic_393,3163,1.6321089219662346e+17,17.212749138872738,3.679682783497047,4,4,0.018417301350241687,10
synthetic_394,25276,8.679818765428549e+17,17.9385106572046,3.7209822804393666,4,4,0.012218218273165602,2
synthetic_395,58,7204103784.817799,9.8575799607895,3.1222731436549527,3,3,0.07356891456549675,1
synthetic_396,265,801588.3480140853,5.9039513956115375,2.60965430006162,3,3,0.163172438786564,2
synthetic_397,84761,4.360238720010498e+22,22.63951026723766,3.953729067043221,4,4,0.01,4
synthetic_398,91505,6.440441524159627e+27,27.80891564141777,4.159389121055021,4,4,0.01,3
synthetic_399,82381,17379303.65627036,7.240032371405066,2.81365812282413,3,3,0.128378071769397,1
synthetic_400,2641,5501694760884107.0,15.740496491662352,3.5902692310473796,4,4,0.04550154369238766,1
synthetic_401,2406,2.0835450210845652e+18,18.31880288909728,3.741960457877307,4,4,0.012266181771739007,1
synthetic_402,1634,229375379708057.62,14.360546800527947,3.498517086174278,4,4,0.01546184210560999,3
synthetic_403,1267,107.7779313067689,2.032529843477142,1.5433136907175735,2,2,0.32875075891405064,10
synthetic_404,10,69391.5941855731,4.841306864980476,2.41121714295515,2,2,0.1960660149863058,2
synthetic_405,55599,8.950869149657322e+26,26.951865208340838,4.128084950165052,4,4,0.01,5
synthetic_406,72,5229097.272072459,6.718426720684387,2.73888645342712,3,3,0.14946727781637648,1
synthetic_407,16933,4.917329841559102e+21,21.691729340599405,3.9109634967655325,3,4,0.013610687299199509,4
synthetic_408,3554,2605382895019013.5,15.415871557568028,3.5694300445640263,4,4,0.03163997651797,1
synthetic_409,72,14132.110702460172,4.150207030778041,2.257190665180719,2,2,0.2183283149138915,4
synthetic_410,4914,2.3667412240322914e+20,20.374150775411717,3.8482994237718637,4,4,0.01455123139636056,10
synthetic_411,1503,1424583270253.6248,12.153687839854685,3.331665094893808,3,3,0.057419940437084926,1
synthetic_412,305,10829623226.440172,10.034613347343292,3.1400728963447038,3,3,0.0757528321652166,8
synthetic_413,4632,221618541621.64722,11.345606092640788,3.26286298582013,3,3,0.06361871278167011,2
synthetic_414,589,9304340025628714.0,15.96868557323328,3.6046620980908886,4,4,0.013613215746459746,3
synthetic_415,16,6720210.246396594,6.827382860467744,2.754973862449688,3,3,0.13114162180692507,4
synthetic_416,109,3399.2408833799245,3.5313819414632914,2.095721724416761,2,2,0.25731540674300946,4
synthetic_417,27,8136.5800894461945,3.9104419036148776,2.1976828316864183,2,2,0.21950454185750673,2
synthetic_418,260,2381193154602.4746,12.376794625382049,3.349855763421185,3,4,0.043963024444142115,4
synthetic_419,311,78921.05048621014,4.897192857336972,2.422694599944743,3,3,0.19250851187951049,7
synthetic_420,248,723592934655.8744,11.859494317647496,3.307161200273407,3,3,0.059395602057567186,2
synthetic_421,11,5799.595847125654,3.763397730204531,2.159354646252551,2,2,0.23647000691859815,2
synthetic_422,522,576780346713833.6,14.761010453758619,3.5260217210038127,4,4,0.031046989621764977,3
synthetic_423,240,74009879081.25964,10.869289694651439,3.2199737987677164,3,3,0.08045413692494753,1
synthetic_424,175,42692.40461478404,4.630350616774462,2.366665037644052,2,2,0.19338225447330495,3
synthetic_425,88102,5.380552238653069e+22,22.730826852226144,3.9577544595834704,4,4,0.014289430161062253,6
synthetic_426,65,4619958.96113486,6.664638117757027,2.7308481014941277,3,4,0.1397484196475417,4
synthetic_427,29,833.9872771359749,2.9211594253238458,1.906013046186379,2,2,0.2919679384325918,8
synthetic_428,65,535328.9491168428,5.728620729469277,2.5795072366099023,3,3,0.15891553860059002,4
synthetic_429,5682,158.4566034556834,2.1999103425140585,1.6224490513790828,2,2,0.34541276932111137,7
synthetic_430,23621,11943633169.535559,10.077136456229612,3.1443015858090693,3,3,0.08661326658145467,8
synthetic_431,33903,7963.914837069115,3.9011266072081217,2.1952978303107074,2,3,0.23195147654388784,1
synthetic_432,14,756.2833349910678,2.8786845306471194,1.8913658748571258,2,2,0.2924292683907805,16
synthetic_433,633,4.733717643384944e+16,16.67520234958441,3.6479551718836265,4,4,0.014674031681320825,5
synthetic_434,2714,1320437008.7894163,9.120717688096764,3.044580940108255,3,3,0.08557897867422358,10
synthetic_435,328,38787890691635.28,13.58869616305221,3.443270727899791,4,4,0.02297306431086856,1
synthetic_436,15,16729.56004315226,4.22348451996158,2.274692948210974,2,2,0.24983869636574257,4
synthetic_437,10814,2514270.2586474037,6.400411958127538,2.6903948019994495,3,3,0.16148487082374866,2
synthetic_438,365,189338.76941195232,5.277239550137779,2.4974355937781265,2,2,0.2015333016523839,8
synthetic_439,1467,23739300.86576789,7.375467924618147,2.8321917928669884,3,3,0.11488027260313263,3
synthetic_440,55,2785859255.855724,9.444959171689803,3.0795136234488143,3,3,0.08819360991970715,3
synthetic_441,2181,4768968751.913792,9.678424476781556,3.1039315726264247,3,3,0.07745377949923621,3
synthetic_442,1358,592958558323072.5,14.77302434172762,3.526835283303366,4,4,0.015305906447523086,1
synthetic_443,4157,1929.9672315562434,3.2855499352900965,2.0235664911764473,2,2,0.2714631654670192,16
synthetic_444,14022,3.315128762909e+19,19.52050040149941,3.805497661227039,4,4,0.011382133922057322,2
synthetic_445,35797,2.30795780680432e+18,18.363227864951824,3.744382624625496,4,4,0.019452057136130598,1
synthetic_446,1139,2172259843.0921764,9.336911773804207,3.068007997610554,3,3,0.08609999029043236,7
synthetic_447,6719,1.2656692638448728e+20,20.102320233601862,3.834867688158491,4,4,0.02098126293805698,2
synthetic_448,1925,32200717.922610223,7.507865554501803,2.8499836568462236,3,3,0.12938364327784133,1
synthetic_449,177,151.49703629867793,2.1804041369193805,1.613542688775453,2,2,0.3338974741038719,1
synthetic_450,1113,2.2285900486436024e+16,16.348030186925186,3.6281398574692743,3,3,0.013542185488480062,4
synthetic_451,8550,109102.58461053729,5.037835039028291,2.4510088792973788,3,3,0.2089128573898518,2
synthetic_452,306,21172918611.208637,10.325780728089134,3.168676196547655,3,3,0.055364789354251695,8
synthetic_453,699,10894573741.25406,10.037210242802312,3.140331656637394,3,3,0.06931845229516109,10
synthetic_454,3361,58751551428653.3,13.769019339335383,3.456453538265482,4,4,0.03915802238187112,2
synthetic_455,65,4129287.6967404047,6.61587514219999,2.72350453069332,3,3,0.13982171268337176,4
synthetic_456,12,5391.9342410119025,3.7317445869879804,2.150908287249002,2,3,0.23970647806052836,2
synthetic_457,405,2608994365.148944,9.416473141121163,3.07649306257575,3,3,0.08004030796105328,3
synthetic_458,262,233.7035514877566,2.3686653122202785,1.6963590823604537,2,2,0.3158911702718762,8
synthetic_459,34014,24440460.60800791,7.388109386416309,2.8339043134331536,3,3,0.11309869811949147,7
synthetic_460,97488,1.6721602443531067e+26,26.22327789385875,4.1006799307910935,4,4,0.01,7
synthetic_461,17,218.09787218713416,2.33865142852279,1.6836068958885304,2,2,0.3117485509881782,1
synthetic_462,82,33896.15010104365,4.530150374167073,2.34478757937232,2,2,0.20500379264838958,2
synthetic_463,157,2397.935424718401,3.379837483572639,2.051860071803674,2,2,0.24844563333929495,1
synthetic_464,69,2617.967927300032,3.4179643217097953,2.063077591533977,2,2,0.2556989479922312,1
synthetic_465,867,38227287095.5635,10.582373478211736,3.1932221828333898,3,3,0.06864154844442973,3
synthetic_466,37,12454.359838424425,4.095321409449014,2.2438776477388833,2,2,0.22762661097281828,2
synthetic_467,19477,367817549472.3563,11.565632446645338,3.2820704257003075,4,4,0.05113353679990002,4
synthetic_468,12829,2169644736.709786,9.336388627158343,3.0679519660965986,3,2,0.08472436277547454,12
synthetic_469,11,10515.894625914492,4.0218462256263035,2.2257735025572867,2,2,0.25067280673355535,4
synthetic_470,29,810.3922919079446,2.9086953015553756,1.9017370759114813,2,2,0.3030418793721301,9
synthetic_471,36268,1820591458834322.8,15.260212500940584,3.559281396363836,4,4,0.0440224772293893,2
synthetic_472,76022,7.521809361821614e+22,22.87632232215231,3.964134861171701,4,4,0.01,1
synthetic_473,26124,899584574007.1517,11.954041999585947,3.3151019090775042,3,3,0.058729970096900085,3
synthetic_474,305,255262.00686746882,5.406986179333467,2.5217242995752884,3,3,0.1683991102993717,2
synthetic_475,89967,581555185.7966328,8.764590932735612,3.004752291994185,3,3,0.11569417761605243,6
synthetic_476,3118,1060.5753097868123,3.0255415125165084,1.941122533112104,2,2,0.27371654354565866,3
synthetic_477,62,9502.098232557182,3.977819515836608,2.2147662540714275,2,2,0.23488537610431745,3
synthetic_478,10,155895.07457049127,5.192832394081414,2.4813117342342634,3,3,0.19067342146205715,5
synthetic_479,55041,3.546230211301298e+20,20.549766925357556,3.856882044294131,4,4,0.010969966273498461,4
synthetic_480,80,3717485.583264275,6.570249292965098,2.7165842211593327,3,3,0.14487039124781653,1
synthetic_481,25818,1.7261458264109748e+27,27.23707748253236,4.138611633054452,4,4,0.010260599874040927,2
synthetic_482,729,2.43290269893355e+16,16.386124740183902,3.630467369545945,4,4,0.03711061778979044,1
synthetic_483,1878,606060.9420822558,5.782516296574402,2.5888713786250124,3,3,0.16663768724456415,10
synthetic_484,290,199867326850.88513,11.300741803982378,3.258900815181744,3,3,0.055786733566474435,2
synthetic_485,147,136173.92348151244,5.134093950657952,2.469935827229107,2,2,0.18268170497180666,4
synthetic_486,58,11572446.184958719,7.063425169871369,2.788962530645002,3,3,0.15426434748853451,9
synthetic_487,228,15040809261.513004,10.177271203832376,3.154189365803906,3,3,0.0767256482823441,6
synthetic_488,129,130425.5857365802,5.115362795799576,2.4662807699563407,2,3,0.18966257002297718,2
synthetic_489,51822,22230.326995744665,4.346945850976231,2.303505940534797,2,2,0.20565542812367146,12
synthetic_490,612,428241.83830640296,5.631689094667859,2.5624418592184046,3,3,0.16596974851283613,6
synthetic_491,2049,1.851485489346026e+17,17.267520312701073,3.68285974358274,4,4,0.03567105866149331,8
synthetic_492,38216,18142788879.058746,10.258704046874557,3.162158965791842,3,3,0.07907548655717349,1
synthetic_493,233,1058310203553.5201,12.024612983337772,3.3209880763840385,3,3,0.0440609035423302,1
synthetic_494,936,157064396495.34735,11.196077749915906,3.2495959613139838,3,3,0.055956228765479656,3
synthetic_495,40705,3.788571872132928e+20,20.578475530565164,3.858278097621771,4,4,0.01163854849786685,3
synthetic_496,4247,16451680868.673481,10.216210276431694,3.1580081468156704,3,3,0.07547120610962248,3
synthetic_497,717,1.2339233661870528e+16,16.091288188323187,3.612310464472188,4,4,0.02882614357950818,4
synthetic_498,1346,57157.027882765644,4.757069637759355,2.3936643015985934,2,3,0.20652251965681348,2
synthetic_499,14937,1.95194599512029e+19,19.290467797784718,3.7936435226639125,4,4,0.011321832852470945,3
