n,p_n,p_{n+1},start,end,length,primes,eta,phi_exp,tension,error_percent
0,2,3,4,9,5,2,0.833333,1.21,1.45,-27.36
1,3,5,9,25,16,5,0.861558,3.67,4.26,-14.79
2,5,7,25,49,24,6,0.845243,4.82,5.71,-4.88
3,7,11,49,121,72,15,0.860429,12.64,14.69,-2.06
4,11,13,121,169,48,9,0.858966,7.71,8.98,-0.22
5,13,17,169,289,120,22,0.875839,18.06,20.62,-6.28
6,17,19,289,361,72,11,0.878389,10.30,11.73,6.60
7,19,23,361,529,168,27,0.885117,23.05,26.05,-3.53
8,23,29,529,841,312,47,0.892569,40.52,45.40,-3.41
9,29,31,841,961,120,16,0.897772,15.05,16.76,4.75
10,31,37,961,1369,408,57,0.897647,49.64,55.30,-2.98
11,37,41,1369,1681,312,44,0.901871,36.77,40.77,-7.34
12,41,43,1681,1849,168,20,0.901310,19.47,21.60,7.99
13,43,47,1849,2209,360,46,0.900201,41.07,45.63,-0.81
14,47,53,2209,2809,600,80,0.907817,66.88,73.67,-7.91
15,53,59,2809,3481,672,78,0.909196,73.10,80.40,3.08
16,59,61,3481,3721,240,32,0.911018,25.73,28.24,-11.74
17,61,67,3721,4489,768,90,0.910335,81.23,89.23,-0.86
18,67,71,4489,5041,552,66,0.915231,57.49,62.81,-4.83
19,71,73,5041,5329,288,30,0.910327,29.73,32.66,8.88
20,73,79,5329,6241,912,106,0.915646,93.13,101.71,-4.04
21,79,83,6241,6889,648,75,0.912996,65.34,71.57,-4.58
22,83,89,6889,7921,1032,114,0.918460,102.84,111.97,-1.78
23,89,97,7921,9409,1488,163,0.917500,146.03,159.16,-2.35
24,97,101,9409,10201,792,89,0.919427,76.80,83.53,-6.14
25,101,103,10201,10609,408,42,0.921819,39.34,42.68,1.61
26,103,107,10609,11449,840,87,0.918926,80.55,87.66,0.75
27,107,109,11449,11881,432,42,0.919788,41.21,44.80,6.67
28,109,113,11881,12769,888,100,0.921485,84.27,91.45,-8.55
29,113,127,12769,16129,3360,354,0.921857,314.24,340.88,-3.71
30,127,131,16129,17161,1032,99,0.924136,95.25,103.07,4.11
31,131,137,17161,18769,1608,165,0.923664,147.39,159.58,-3.29
32,137,139,18769,19321,552,49,0.925985,50.33,54.35,10.93
33,139,149,19321,22201,2880,299,0.924423,260.59,281.90,-5.72
34,149,151,22201,22801,600,58,0.925056,53.90,58.26,0.46
35,151,157,22801,24649,1848,182,0.925674,165.23,178.50,-1.92
36,157,163,24649,26569,1920,186,0.926594,170.52,184.03,-1.06
37,163,167,26569,27889,1320,128,0.926609,116.60,125.84,-1.69
38,167,173,27889,29929,2040,198,0.927539,179.27,193.27,-2.39
39,173,179,29929,32041,2112,195,0.927025,184.48,199.01,2.06
40,179,181,32041,32761,720,76,0.930355,62.65,67.34,-11.40
41,181,191,32761,36481,3720,356,0.928213,321.87,346.76,-2.59
42,191,193,36481,37249,768,77,0.928692,66.09,71.17,-7.58
43,193,197,37249,38809,1560,144,0.928065,133.90,144.28,0.19
44,197,199,38809,39601,792,75,0.929938,67.80,72.91,-2.79
45,199,211,39601,44521,4920,463,0.929844,418.73,450.32,-2.74
46,211,223,44521,49729,5208,479,0.930168,439.03,471.99,-1.46
47,223,227,49729,51529,1800,168,0.930527,150.83,162.09,-3.52
48,227,229,51529,52441,912,82,0.931481,76.25,81.86,-0.17
49,229,233,52441,54289,1848,166,0.931246,154.18,165.56,-0.26
50,233,239,54289,57121,2832,270,0.931634,235.44,252.72,-6.40
51,239,241,57121,58081,960,90,0.930496,79.59,85.54,-4.96
52,241,251,58081,63001,4920,438,0.931857,406.25,435.96,-0.47
53,251,257,63001,66049,3048,275,0.932216,250.37,268.58,-2.34
54,257,263,66049,69169,3120,274,0.932328,255.32,273.85,-0.06
55,263,269,69169,72361,3192,292,0.932964,260.24,278.94,-4.47
56,269,271,72361,73441,1080,91,0.932939,87.84,94.16,3.47
57,271,277,73441,76729,3288,292,0.932765,266.79,286.03,-2.05
58,277,281,76729,78961,2232,199,0.933810,180.58,193.38,-2.82
59,281,283,78961,80089,1128,99,0.932465,91.11,97.71,-1.31
60,283,293,80089,85849,5760,512,0.933561,463.66,496.66,-3.00
61,293,307,85849,94249,8400,735,0.934354,671.80,719.00,-2.18
62,307,311,94249,96721,2472,220,0.934460,196.78,210.58,-4.28
63,311,313,96721,97969,1248,107,0.934833,99.19,106.11,-0.83
64,313,317,97969,100489,2520,215,0.934835,199.99,213.94,-0.50
65,317,331,100489,109561,9072,784,0.934865,716.80,766.74,-2.20
66,331,337,109561,113569,4008,341,0.935274,315.18,336.99,-1.17
67,337,347,113569,120409,6840,579,0.935401,535.91,572.92,-1.05
68,347,349,120409,121801,1392,125,0.936693,108.77,116.12,-7.10
69,349,353,121801,124609,2808,241,0.935763,219.12,234.16,-2.84
70,353,359,124609,128881,4272,363,0.936200,332.64,355.30,-2.12
71,359,367,128881,134689,5808,489,0.935944,450.88,481.74,-1.49
72,367,373,134689,139129,4440,381,0.936680,343.67,366.90,-3.70
73,373,379,139129,143641,4512,380,0.936766,348.38,371.90,-2.13
74,379,383,143641,146689,3048,252,0.936526,234.87,250.79,-0.48
75,383,389,146689,151321,4632,394,0.936642,356.22,380.31,-3.47
76,389,397,151321,157609,6288,530,0.936971,482.25,514.69,-2.89
77,397,401,157609,160801,3192,262,0.936724,244.24,260.74,-0.48
78,401,409,160801,167281,6480,531,0.937521,494.71,527.68,-0.63
79,409,419,167281,175561,8280,670,0.937691,630.03,671.89,0.28
80,419,421,175561,177241,1680,151,0.937798,127.56,136.02,-9.92
81,421,431,177241,185761,8520,709,0.937967,645.51,688.20,-2.93
82,431,433,185761,187489,1728,151,0.938222,130.65,139.25,-7.78
83,433,439,187489,192721,5232,424,0.938091,395.02,421.09,-0.69
84,439,443,192721,196249,3528,290,0.938075,265.91,283.47,-2.25
85,443,449,196249,201601,5352,430,0.938133,402.71,429.27,-0.17
86,449,457,201601,208849,7248,599,0.938339,544.11,579.87,-3.19
87,457,461,208849,212521,3672,305,0.938807,275.12,293.05,-3.92
88,461,463,212521,214369,1848,145,0.938559,138.32,147.38,1.64
89,463,467,214369,218089,3720,294,0.939211,278.18,296.18,0.74
90,467,479,218089,229441,11352,934,0.938693,846.75,902.05,-3.42
91,479,487,229441,237169,7728,612,0.939094,574.65,611.92,-0.01
92,487,491,237169,241081,3912,313,0.939165,290.37,309.18,-1.22
93,491,499,241081,249001,7920,654,0.939500,586.81,624.59,-4.50
94,499,503,249001,253009,4008,318,0.939376,296.43,315.57,-0.77
95,503,509,253009,259081,6072,483,0.939336,448.44,477.40,-1.16
96,509,521,259081,271441,12360,995,0.939784,910.47,968.81,-2.63
97,521,523,271441,273529,2088,165,0.939984,153.50,163.31,-1.03
98,523,541,273529,292681,19152,1513,0.939987,1404.11,1493.76,-1.27
99,541,547,292681,299209,6528,498,0.940123,477.05,507.43,1.89
100,547,557,299209,310249,11040,884,0.940336,805.07,856.15,-3.15
101,557,563,310249,316969,6720,536,0.940475,489.02,519.98,-2.99
102,563,569,316969,323761,6792,547,0.940462,493.50,524.75,-4.07
103,569,571,323761,326041,2280,189,0.941153,165.50,175.84,-6.96
104,571,577,326041,332929,6888,540,0.940545,499.47,531.04,-1.66
105,577,587,332929,344569,11640,912,0.941072,842.37,895.12,-1.85
106,587,593,344569,351649,7080,559,0.940815,511.37,543.53,-2.77
107,593,599,351649,358801,7152,564,0.940896,515.82,548.22,-2.80
108,599,601,358801,361201,2400,168,0.941563,172.93,183.66,9.32
109,601,607,361201,368449,7248,582,0.940974,521.74,554.47,-4.73
110,607,613,368449,375769,7320,556,0.941493,526.18,558.88,0.52
111,613,617,375769,380689,4920,376,0.941202,353.25,375.32,-0.18
112,617,619,380689,383161,2472,189,0.942087,177.37,188.27,-0.39
113,619,631,383161,398161,15000,1175,0.941321,1074.52,1141.50,-2.85
114,631,641,398161,410881,12720,968,0.941616,908.94,965.29,-0.28
115,641,643,410881,413449,2568,194,0.941606,183.26,194.62,0.32
116,643,647,413449,418609,5160,403,0.941627,367.99,390.80,-3.03
117,647,653,418609,426409,7800,602,0.941902,555.65,589.92,-2.01
118,653,659,426409,434281,7872,623,0.942129,560.05,594.45,-4.58
119,659,661,434281,436921,2640,211,0.941872,187.66,199.24,-5.57
120,661,673,436921,452929,16008,1219,0.942022,1136.21,1206.14,-1.05
121,673,677,452929,458329,5400,404,0.942403,382.64,406.02,0.50
122,677,683,458329,466489,8160,613,0.942169,577.61,613.06,0.01
123,683,691,466489,477481,10992,859,0.942313,776.95,824.52,-4.01
124,691,701,477481,491401,13920,1065,0.942279,982.12,1042.28,-2.13
125,701,709,491401,502681,11280,863,0.942653,794.43,842.75,-2.35
126,709,719,502681,516961,14280,1083,0.942557,1003.93,1065.11,-1.65
127,719,727,516961,528529,11568,895,0.942831,811.85,861.07,-3.79
128,727,733,528529,537289,8760,666,0.942986,613.95,651.07,-2.24
129,733,739,537289,546121,8832,649,0.943088,618.30,655.61,1.02
130,739,743,546121,552049,5928,451,0.942790,414.61,439.77,-2.49
131,743,751,552049,564001,11952,888,0.943033,834.99,885.43,-0.29
132,751,757,564001,573049,9048,695,0.943119,631.30,669.37,-3.69
133,757,761,573049,579121,6072,456,0.943216,423.27,448.75,-1.59
134,761,769,579121,591361,12240,926,0.943248,852.30,903.58,-2.42
135,769,773,591361,597529,6168,470,0.943085,429.03,454.92,-3.21
136,773,787,597529,619369,21840,1652,0.943519,1516.69,1607.48,-2.69
137,787,797,619369,635209,15840,1162,0.943396,1097.70,1163.57,0.13
138,797,809,635209,654481,19272,1426,0.943678,1333.01,1412.57,-0.94
139,809,811,654481,657721,3240,241,0.943532,223.84,237.23,-1.56
140,811,821,657721,674041,16320,1217,0.943748,1126.34,1193.47,-1.93
141,821,823,674041,677329,3288,244,0.944047,226.70,240.13,-1.59
142,823,827,677329,683929,6600,498,0.944265,454.82,481.67,-3.28
143,827,829,683929,687241,3312,246,0.943556,228.12,241.77,-1.72
144,829,839,687241,703921,16680,1234,0.943893,1147.75,1215.98,-1.46
145,839,853,703921,727609,23688,1772,0.943991,1626.79,1723.31,-2.75
146,853,857,727609,734449,6840,505,0.944263,469.07,496.75,-1.63
147,857,859,734449,737881,3432,259,0.944144,235.24,249.16,-3.80
148,859,863,737881,744769,6888,490,0.944262,471.91,499.76,1.99
149,863,877,744769,769129,24360,1808,0.944294,1666.58,1764.89,-2.38
150,877,881,769129,776161,7032,512,0.944382,480.42,508.71,-0.64
151,881,883,776161,779689,3528,262,0.944390,240.92,255.10,-2.63
152,883,887,779689,786769,7080,524,0.944269,483.25,511.77,-2.33
153,887,907,786769,822649,35880,2648,0.944583,2444.55,2587.97,-2.27
154,907,911,822649,829921,7272,540,0.944927,494.56,523.39,-3.08
155,911,919,829921,844561,14640,1074,0.944604,994.77,1053.11,-1.95
156,919,929,844561,863041,18480,1348,0.944866,1254.03,1327.21,-1.54
157,929,937,863041,877969,14928,1091,0.944740,1011.68,1070.85,-1.85
158,937,941,877969,885481,7512,552,0.944971,508.65,538.27,-2.49
159,941,947,885481,896809,11328,831,0.944879,766.49,811.21,-2.38
160,947,953,896809,908209,11400,827,0.945041,770.71,815.53,-1.39
161,953,967,908209,935089,26880,1964,0.945095,1814.69,1920.12,-2.23
162,967,971,935089,942841,7752,556,0.945327,522.69,552.92,-0.55
163,971,977,942841,954529,11688,837,0.945132,787.54,833.26,-0.45
164,977,983,954529,966289,11760,846,0.945335,791.74,837.52,-1.00
165,983,991,966289,982081,15792,1132,0.945252,1062.18,1123.70,-0.73
166,991,997,982081,994009,11928,846,0.945473,801.53,847.75,0.21
167,997,1009,994009,1018081,24072,438,0.945438,1615.62,1708.86,290.15
168,1009,1013,1018081,1026169,8088,0,0.945669,542.26,573.42,0.00
169,1013,1019,1026169,1038361,12192,0,0.945247,816.88,864.20,0.00
170,1019,1021,1038361,1042441,4080,0,0.945826,273.22,288.87,0.00
171,1021,1031,1042441,1062961,20520,0,0.945598,1373.07,1452.07,0.00
172,1031,1033,1062961,1067089,4128,0,0.945873,276.01,291.80,0.00
173,1033,1039,1067089,1079521,12432,0,0.945739,830.80,878.47,0.00
174,1039,1049,1079521,1100401,20880,0,0.945674,1393.94,1474.02,0.00
175,1049,1051,1100401,1104601,4200,0,0.945589,280.18,296.30,0.00
176,1051,1061,1104601,1125721,21120,0,0.945797,1407.82,1488.51,0.00
177,1061,1063,1125721,1129969,4248,0,0.945995,282.95,299.11,0.00
178,1063,1069,1129969,1142761,12792,0,0.945946,851.63,900.29,0.00
179,1069,1087,1142761,1181569,38808,0,0.946002,2579.83,2727.08,0.00
180,1087,1091,1181569,1190281,8712,0,0.946133,578.37,611.30,0.00
181,1091,1093,1190281,1194649,4368,0,0.945978,289.88,306.43,0.00
182,1093,1097,1194649,1203409,8760,0,0.946010,581.13,614.30,0.00
183,1097,1103,1203409,1216609,13200,0,0.946276,875.16,924.84,0.00
184,1103,1109,1216609,1229881,13272,0,0.946177,879.30,929.32,0.00
185,1109,1117,1229881,1247689,17808,0,0.946217,1178.84,1245.84,0.00
186,1117,1123,1247689,1261129,13440,0,0.946115,888.96,939.59,0.00
187,1123,1129,1261129,1274641,13512,0,0.946525,893.09,943.55,0.00
188,1129,1151,1274641,1324801,50160,0,0.946363,3310.00,3497.61,0.00
189,1151,1153,1324801,1329409,4608,0,0.946817,303.66,320.72,0.00
190,1153,1163,1329409,1352569,23160,0,0.946584,1525.17,1611.24,0.00
191,1163,1171,1352569,1371241,18672,0,0.946595,1228.37,1297.68,0.00
192,1171,1181,1371241,1394761,23520,0,0.946617,1545.76,1632.93,0.00
193,1181,1187,1394761,1408969,14208,0,0.946782,932.94,985.38,0.00
194,1187,1193,1408969,1423249,14280,0,0.946684,937.05,989.82,0.00
195,1193,1201,1423249,1442401,19152,0,0.946812,1255.78,1326.33,0.00
196,1201,1213,1442401,1471369,28968,0,0.946791,1897.35,2003.98,0.00
197,1213,1217,1471369,1481089,9720,0,0.946982,636.10,671.71,0.00
198,1217,1223,1481089,1495729,14640,0,0.946951,957.56,1011.20,0.00
199,1223,1229,1495729,1510441,14712,0,0.946815,961.65,1015.67,0.00
200,1229,1231,1510441,1515361,4920,0,0.947232,321.46,339.37,0.00
201,1231,1237,1515361,1530169,14808,0,0.946983,967.11,1021.25,0.00
202,1237,1249,1530169,1560001,29832,0,0.947078,1946.49,2055.26,0.00
203,1249,1259,1560001,1585081,25080,0,0.947140,1634.56,1725.79,0.00
204,1259,1277,1585081,1630729,45648,0,0.947199,2970.78,3136.39,0.00
205,1277,1279,1630729,1635841,5112,0,0.947655,332.35,350.71,0.00
206,1279,1283,1635841,1646089,10248,0,0.947173,666.06,703.21,0.00
207,1283,1289,1646089,1661521,15432,0,0.947325,1002.49,1058.23,0.00
208,1289,1291,1661521,1666681,5160,0,0.947160,335.07,353.76,0.00
209,1291,1297,1666681,1682209,15528,0,0.947394,1007.92,1063.89,0.00
210,1297,1301,1682209,1692601,10392,0,0.947359,674.21,711.67,0.00
211,1301,1303,1692601,1697809,5208,0,0.947568,337.78,356.47,0.00
212,1303,1307,1697809,1708249,10440,0,0.947341,676.92,714.55,0.00
213,1307,1319,1708249,1739761,31512,0,0.947513,2041.59,2154.69,0.00
214,1319,1321,1739761,1745041,5280,0,0.947246,341.85,360.88,0.00
215,1321,1327,1745041,1760929,15888,0,0.947505,1028.24,1085.21,0.00
216,1327,1361,1760929,1852321,91392,0,0.947654,5903.33,6229.41,0.00
217,1361,1367,1852321,1868689,16368,0,0.947639,1055.27,1113.57,0.00
218,1367,1373,1868689,1885129,16440,0,0.947914,1059.31,1117.52,0.00
219,1373,1381,1885129,1907161,22032,0,0.947740,1418.71,1496.93,0.00
220,1381,1399,1907161,1957201,50040,0,0.947834,3218.35,3395.48,0.00
221,1399,1409,1957201,1985281,28080,0,0.947957,1803.67,1902.69,0.00
222,1409,1423,1985281,2024929,39648,0,0.948073,2543.95,2683.29,0.00
223,1423,1427,2024929,2036329,11400,0,0.948085,730.87,770.89,0.00
224,1427,1429,2036329,2042041,5712,0,0.948505,366.11,385.98,0.00
225,1429,1433,2042041,2053489,11448,0,0.947856,733.56,773.91,0.00
226,1433,1439,2053489,2070721,17232,0,0.947915,1103.69,1164.33,0.00
227,1439,1447,2070721,2093809,23088,0,0.948112,1477.84,1558.72,0.00
228,1447,1451,2093809,2105401,11592,0,0.948337,741.60,782.00,0.00
229,1451,1453,2105401,2111209,5808,0,0.948269,371.47,391.74,0.00
230,1453,1459,2111209,2128681,17472,0,0.948086,1117.09,1178.26,0.00
231,1459,1471,2128681,2163841,35160,0,0.948260,2246.23,2368.80,0.00
232,1471,1481,2163841,2193361,29520,0,0.948288,1884.13,1986.87,0.00
233,1481,1483,2193361,2199289,5928,0,0.948381,378.16,398.74,0.00
234,1483,1487,2199289,2211169,11880,0,0.948179,757.66,799.07,0.00
235,1487,1489,2211169,2217121,5952,0,0.948546,379.50,400.08,0.00
236,1489,1493,2217121,2229049,11928,0,0.948274,760.33,801.81,0.00
237,1493,1499,2229049,2247001,17952,0,0.948448,1143.84,1206.01,0.00
238,1499,1511,2247001,2283121,36120,0,0.948469,2299.69,2424.64,0.00
239,1511,1523,2283121,2319529,36408,0,0.948405,2315.70,2441.68,0.00
240,1523,1531,2319529,2343961,24432,0,0.948531,1552.69,1636.94,0.00
241,1531,1543,2343961,2380849,36888,0,0.948660,2342.35,2469.11,0.00
242,1543,1549,2380849,2399401,18552,0,0.948547,1177.16,1241.02,0.00
243,1549,1553,2399401,2411809,12408,0,0.948762,786.99,829.49,0.00
244,1553,1559,2411809,2430481,18672,0,0.948617,1183.81,1247.94,0.00
245,1559,1567,2430481,2455489,25008,0,0.948772,1584.62,1670.18,0.00
246,1567,1571,2455489,2468041,12552,0,0.948550,794.97,838.09,0.00
247,1571,1579,2468041,2493241,25200,0,0.948783,1595.25,1681.37,0.00
248,1579,1583,2493241,2505889,12648,0,0.948772,800.28,843.49,0.00
249,1583,1597,2505889,2550409,44520,0,0.948822,2814.92,2966.75,0.00
250,1597,1601,2550409,2563201,12792,0,0.948883,808.24,851.78,0.00
251,1601,1607,2563201,2582449,19248,0,0.948856,1215.67,1281.20,0.00
252,1607,1609,2582449,2588881,6432,0,0.949099,406.11,427.89,0.00
253,1609,1613,2588881,2601769,12888,0,0.948894,813.54,857.36,0.00
254,1613,1619,2601769,2621161,19392,0,0.948994,1223.62,1289.39,0.00
255,1619,1621,2621161,2627641,6480,0,0.948445,408.76,430.98,0.00
256,1621,1627,2627641,2647129,19488,0,0.948905,1228.92,1295.09,0.00
257,1627,1637,2647129,2679769,32640,0,0.949101,2057.02,2167.34,0.00
258,1637,1657,2679769,2745649,65880,0,0.949022,4147.09,4369.86,0.00
259,1657,1663,2745649,2765569,19920,0,0.949108,1252.72,1319.89,0.00
260,1663,1667,2765569,2778889,13320,0,0.949312,837.34,882.05,0.00
261,1667,1669,2778889,2785561,6672,0,0.948908,419.33,441.91,0.00
262,1669,1693,2785561,2866249,80688,0,0.949181,5066.28,5337.53,0.00
263,1693,1697,2866249,2879809,13560,0,0.949340,850.53,895.92,0.00
264,1697,1699,2879809,2886601,6792,0,0.949139,425.92,448.75,0.00
265,1699,1709,2886601,2920681,34080,0,0.949307,2136.21,2250.28,0.00
266,1709,1721,2920681,2961841,41160,0,0.949386,2577.93,2715.36,0.00
267,1721,1723,2961841,2968729,6888,0,0.949301,431.19,454.22,0.00
268,1723,1733,2968729,3003289,34560,0,0.949268,2162.52,2278.10,0.00
269,1733,1741,3003289,3031081,27792,0,0.949420,1737.90,1830.49,0.00
270,1741,1747,3031081,3052009,20928,0,0.949498,1308.03,1377.60,0.00
271,1747,1753,3052009,3073009,21000,0,0.949563,1311.97,1381.65,0.00
272,1753,1759,3073009,3094081,21072,0,0.949431,1315.90,1385.99,0.00
273,1759,1777,3094081,3157729,63648,0,0.949583,3971.33,4182.18,0.00
274,1777,1783,3157729,3179089,21360,0,0.949432,1331.64,1402.57,0.00
275,1783,1787,3179089,3193369,14280,0,0.949636,889.95,937.15,0.00
276,1787,1789,3193369,3200521,7152,0,0.949889,445.63,469.14,0.00
277,1789,1801,3200521,3243601,43080,0,0.949625,2682.94,2825.26,0.00
278,1801,1811,3243601,3279721,36120,0,0.949700,2247.78,2366.83,0.00
279,1811,1823,3279721,3323329,43608,0,0.949628,2711.73,2855.57,0.00
280,1823,1831,3323329,3352561,29232,0,0.949781,1816.53,1912.58,0.00
281,1831,1847,3352561,3411409,58848,0,0.949806,3653.97,3847.07,0.00
282,1847,1861,3411409,3463321,51912,0,0.949873,3220.07,3390.00,0.00
283,1861,1867,3463321,3485689,22368,0,0.949857,1386.55,1459.75,0.00
284,1867,1871,3485689,3500641,14952,0,0.949968,926.54,975.34,0.00
285,1871,1873,3500641,3508129,7488,0,0.949931,463.92,488.38,0.00
286,1873,1877,3508129,3523129,15000,0,0.949867,929.15,978.19,0.00
287,1877,1879,3523129,3530641,7512,0,0.949630,465.23,489.90,0.00
288,1879,1889,3530641,3568321,37680,0,0.950014,2332.65,2455.38,0.00
289,1889,1901,3568321,3613801,45480,0,0.949947,2813.50,2961.75,0.00
290,1901,1907,3613801,3636649,22848,0,0.950083,1412.61,1486.83,0.00
291,1907,1913,3636649,3659569,22920,0,0.950095,1416.51,1490.92,0.00
292,1913,1931,3659569,3728761,69192,0,0.950097,4272.94,4497.38,0.00
293,1931,1933,3728761,3736489,7728,0,0.950046,476.94,502.02,0.00
294,1933,1949,3736489,3798601,62112,0,0.950205,3831.09,4031.85,0.00
295,1949,1951,3798601,3806401,7800,0,0.949967,480.83,506.16,0.00
296,1951,1973,3806401,3892729,86328,0,0.950232,5317.71,5596.23,0.00
297,1973,1979,3892729,3916441,23712,0,0.950244,1459.36,1535.78,0.00
298,1979,1987,3916441,3948169,31728,0,0.950243,1951.86,2054.07,0.00
299,1987,1993,3948169,3972049,23880,0,0.950380,1468.43,1545.10,0.00
300,1993,1997,3972049,3988009,15960,0,0.950411,981.11,1032.30,0.00
301,1997,1999,3988009,3996001,7992,0,0.950498,491.20,516.79,0.00
302,1999,2003,3996001,4012009,16008,0,0.950430,983.70,1035.01,0.00
303,2003,2011,4012009,4044121,32112,0,0.950344,1972.58,2075.65,0.00
304,2011,2017,4044121,4068289,24168,0,0.950383,1483.96,1561.44,0.00
305,2017,2027,4068289,4108729,40440,0,0.950411,2481.90,2611.39,0.00
306,2027,2029,4108729,4116841,8112,0,0.950363,497.67,523.67,0.00
307,2029,2039,4116841,4157521,40680,0,0.950430,2494.82,2624.94,0.00
308,2039,2053,4157521,4214809,57288,0,0.950512,3510.84,3693.63,0.00
309,2053,2063,4214809,4255969,41160,0,0.950492,2520.65,2651.94,0.00
310,2063,2069,4255969,4280761,24792,0,0.950588,1517.55,1596.43,0.00
311,2069,2081,4280761,4330561,49800,0,0.950586,3046.71,3205.09,0.00
312,2081,2083,4330561,4338889,8328,0,0.950738,509.29,535.68,0.00
313,2083,2087,4338889,4355569,16680,0,0.950571,1019.87,1072.90,0.00
314,2087,2089,4355569,4363921,8352,0,0.950486,510.58,537.18,0.00
315,2089,2099,4363921,4405801,41880,0,0.950715,2559.34,2692.01,0.00
316,2099,2111,4405801,4456321,50520,0,0.950612,3085.37,3245.67,0.00
317,2111,2113,4456321,4464769,8448,0,0.950774,515.73,542.43,0.00
318,2113,2129,4464769,4532641,67872,0,0.950735,4141.28,4355.88,0.00
319,2129,2131,4532641,4541161,8520,0,0.950695,519.59,546.54,0.00
320,2131,2137,4541161,4566769,25608,0,0.950797,1561.34,1642.14,0.00
321,2137,2141,4566769,4583881,17112,0,0.950676,1043.04,1097.15,0.00
322,2141,2143,4583881,4592449,8568,0,0.950922,522.16,549.11,0.00
323,2143,2153,4592449,4635409,42960,0,0.950828,2617.23,2752.58,0.00
324,2153,2161,4635409,4669921,34512,0,0.950835,2101.49,2210.15,0.00
325,2161,2179,4669921,4748041,78120,0,0.950886,4753.39,4998.91,0.00
326,2179,2203,4748041,4853209,105168,0,0.952628,6391.73,6709.58,0.00
327,2203,2207,4853209,4870849,17640,0,0.951144,1071.27,1126.30,0.00
328,2207,2213,4870849,4897369,26520,0,0.950981,1610.11,1693.10,0.00
329,2213,2221,4897369,4932841,35472,0,0.950939,2152.79,2263.86,0.00
330,2221,2237,4932841,5004169,71328,0,0.951033,4326.06,4548.80,0.00
331,2237,2239,5004169,5013121,8952,0,0.951182,542.68,570.53,0.00
332,2239,2243,5013121,5031049,17928,0,0.950960,1086.63,1142.67,0.00
333,2243,2251,5031049,5067001,35952,0,0.951158,2178.38,2290.24,0.00
334,2251,2267,5067001,5139289,72288,0,0.951158,4377.22,4601.99,0.00
335,2267,2269,5139289,5148361,9072,0,0.950910,549.07,577.41,0.00
336,2269,2273,5148361,5166529,18168,0,0.951193,1099.42,1155.83,0.00
337,2273,2281,5166529,5202961,36432,0,0.951170,2203.94,2317.09,0.00
338,2281,2287,5202961,5230369,27408,0,0.951120,1657.43,1742.60,0.00
339,2287,2293,5230369,5257849,27480,0,0.951210,1661.26,1746.47,0.00
340,2293,2297,5257849,5276209,18360,0,0.951271,1109.63,1166.47,0.00
341,2297,2309,5276209,5331481,55272,0,0.951234,3339.10,3510.28,0.00
342,2309,2311,5331481,5340721,9240,0,0.951371,558.00,586.53,0.00
343,2311,2333,5340721,5442889,102168,0,0.951325,6166.09,6481.58,0.00
344,2333,2339,5442889,5470921,28032,0,0.951360,1690.58,1777.01,0.00
345,2339,2341,5470921,5480281,9360,0,0.951288,564.38,593.28,0.00
346,2341,2347,5480281,5508409,28128,0,0.951357,1695.67,1782.37,0.00
347,2347,2351,5508409,5527201,18792,0,0.951263,1132.57,1190.60,0.00
348,2351,2357,5527201,5555449,28248,0,0.951506,1702.04,1788.78,0.00
349,2357,2371,5555449,5621641,66192,0,0.951422,3986.27,4189.80,0.00
350,2371,2377,5621641,5650129,28488,0,0.951443,1714.76,1802.27,0.00
351,2377,2381,5650129,5669161,19032,0,0.951408,1145.29,1203.79,0.00
352,2381,2383,5669161,5678689,9528,0,0.951531,573.28,602.48,0.00
353,2383,2389,5678689,5707321,28632,0,0.951480,1722.39,1810.22,0.00
354,2389,2393,5707321,5726449,19128,0,0.951483,1150.38,1209.03,0.00
355,2393,2399,5726449,5755201,28752,0,0.951406,1728.74,1817.04,0.00
356,2399,2411,5755201,5812921,57720,0,0.951555,3468.91,3645.51,0.00
357,2411,2417,5812921,5841889,28968,0,0.951554,1740.17,1828.76,0.00
358,2417,2423,5841889,5870929,29040,0,0.951622,1743.97,1832.63,0.00
359,2423,2437,5870929,5938969,68040,0,0.951546,4084.08,4292.04,0.00
360,2437,2441,5938969,5958481,19512,0,0.951656,1170.68,1230.15,0.00
361,2441,2447,5958481,5987809,29328,0,0.951591,1759.19,1848.69,0.00
362,2447,2459,5987809,6046681,58872,0,0.951665,3529.80,3709.07,0.00
363,2459,2467,6046681,6086089,39408,0,0.951667,2361.64,2481.59,0.00
364,2467,2473,6086089,6115729,29640,0,0.951708,1775.67,1865.77,0.00
365,2473,2477,6115729,6135529,19800,0,0.951663,1185.89,1246.12,0.00
366,2477,2503,6135529,6265009,129480,0,0.951586,7749.40,8143.67,0.00
367,2503,2521,6265009,6355441,90432,0,0.951785,5406.71,5680.60,0.00
368,2521,2531,6355441,6405961,50520,0,0.951810,3018.47,3171.30,0.00
369,2531,2539,6405961,6446521,40560,0,0.951907,2422.35,2544.74,0.00
370,2539,2543,6446521,6466849,20328,0,0.951842,1213.70,1275.11,0.00
371,2543,2549,6466849,6497401,30552,0,0.951857,1823.71,1915.95,0.00
372,2549,2551,6497401,6507601,10200,0,0.951971,608.75,639.46,0.00
373,2551,2557,6507601,6538249,30648,0,0.951887,1828.76,1921.19,0.00
374,2557,2579,6538249,6651241,112992,0,0.951070,6737.83,7084.48,0.00
375,2579,2591,6651241,6713281,62040,0,0.951959,3696.62,3883.17,0.00
376,2591,2593,6713281,6723649,10368,0,0.952182,617.57,648.59,0.00
377,2593,2609,6723649,6806881,83232,0,0.951970,4955.70,5205.73,0.00
378,2609,2617,6806881,6848689,41808,0,0.952108,2487.92,2613.07,0.00
379,2617,2621,6848689,6869641,20952,0,0.951810,1246.48,1309.59,0.00
380,2621,2633,6869641,6932689,63048,0,0.952111,3749.51,3938.10,0.00
381,2633,2647,6932689,7006609,73920,0,0.952074,4393.51,4614.67,0.00
382,2647,2657,7006609,7059649,53040,0,0.952078,3150.79,3309.39,0.00
383,2657,2659,7059649,7070281,10632,0,0.952224,631.42,663.10,0.00
384,2659,2663,7070281,7091569,21288,0,0.952145,1264.09,1327.62,0.00
385,2663,2671,7091569,7134241,42672,0,0.952164,2533.20,2660.47,0.00
386,2671,2677,7134241,7166329,32088,0,0.952256,1904.30,1999.77,0.00
387,2677,2683,7166329,7198489,32160,0,0.952135,1908.07,2003.99,0.00
388,2683,2687,7198489,7219969,21480,0,0.952251,1274.14,1338.03,0.00
389,2687,2689,7219969,7230721,10752,0,0.952113,637.70,669.77,0.00
390,2689,2693,7230721,7252249,21528,0,0.952168,1276.65,1340.78,0.00
391,2693,2699,7252249,7284601,32352,0,0.952186,1918.11,2014.43,0.00
392,2699,2707,7284601,7327849,43248,0,0.952304,2563.33,2691.72,0.00
393,2707,2711,7327849,7349521,21672,0,0.952170,1284.18,1348.68,0.00
394,2711,2713,7349521,7360369,10848,0,0.952401,642.71,674.84,0.00
395,2713,2719,7360369,7392961,32592,0,0.952279,1930.65,2027.40,0.00
396,2719,2729,7392961,7447441,54480,0,0.952225,3226.11,3387.98,0.00
397,2729,2731,7447441,7458361,10920,0,0.952240,646.48,678.90,0.00
398,2731,2741,7458361,7513081,54720,0,0.952324,3238.65,3400.78,0.00
399,2741,2749,7513081,7557001,43920,0,0.952295,2598.44,2728.60,0.00
400,2749,2753,7557001,7579009,22008,0,0.952382,1301.72,1366.81,0.00
401,2753,2767,7579009,7656289,77280,0,0.952365,4569.18,4797.72,0.00
402,2767,2777,7656289,7711729,55440,0,0.952426,3276.21,3439.86,0.00
403,2777,2789,7711729,7778521,66792,0,0.952379,3945.22,4142.49,0.00
404,2789,2791,7778521,7789681,11160,0,0.952469,659.00,691.88,0.00
405,2791,2797,7789681,7823209,33528,0,0.952441,1979.49,2078.33,0.00
406,2797,2801,7823209,7845601,22392,0,0.952431,1321.74,1387.76,0.00
407,2801,2803,7845601,7856809,11208,0,0.952505,661.50,694.48,0.00
408,2803,2819,7856809,7946761,89952,0,0.952421,5306.97,5572.09,0.00
409,2819,2833,7946761,8025889,79128,0,0.952551,4665.46,4897.86,0.00
410,2833,2837,8025889,8048569,22680,0,0.952516,1336.74,1403.37,0.00
411,2837,2843,8048569,8082649,34080,0,0.952488,2008.22,2108.40,0.00
412,2843,2851,8082649,8128201,45552,0,0.952562,2683.46,2817.09,0.00
413,2851,2857,8128201,8162449,34248,0,0.952595,2016.96,2117.33,0.00
414,2857,2861,8162449,8185321,22872,0,0.952682,1346.72,1413.61,0.00
415,2861,2879,8185321,8288641,103320,0,0.953169,6080.82,6379.58,0.00
416,2879,2887,8288641,8334769,46128,0,0.952618,2713.39,2848.35,0.00
417,2887,2897,8334769,8392609,57840,0,0.952624,3401.08,3570.22,0.00
418,2897,2903,8392609,8427409,34800,0,0.952681,2045.63,2147.24,0.00
419,2903,2909,8427409,8462281,34872,0,0.952655,2049.37,2151.22,0.00
420,2909,2917,8462281,8508889,46608,0,0.952648,2738.30,2874.41,0.00
421,2917,2927,8508889,8567329,58440,0,0.952716,3432.22,3602.56,0.00
422,2927,2939,8567329,8637721,70392,0,0.952718,4132.35,4337.43,0.00
423,2939,2953,8637721,8720209,82488,0,0.952746,4839.94,5079.99,0.00
424,2953,2957,8720209,8743849,23640,0,0.952779,1386.57,1455.29,0.00
425,2957,2963,8743849,8779369,35520,0,0.952738,2082.96,2186.29,0.00
426,2963,2969,8779369,8814961,35592,0,0.952758,2086.69,2190.16,0.00
427,2969,2971,8814961,8826841,11880,0,0.952871,696.39,730.84,0.00
428,2971,2999,8826841,8994001,167160,0,0.951855,9792.98,10288.31,0.00
429,2999,3001,8994001,9006001,12000,0,0.952942,702.60,737.30,0.00
430,3001,3011,9006001,9066121,60120,0,0.952842,3519.22,3693.39,0.00
431,3011,3019,9066121,9114361,48240,0,0.952936,2822.82,2962.24,0.00
432,3019,3023,9114361,9138529,24168,0,0.952870,1413.89,1483.83,0.00
433,3023,3037,9138529,9223369,84840,0,0.952903,4961.65,5206.88,0.00
434,3037,3041,9223369,9247681,24312,0,0.952923,1421.33,1491.55,0.00
435,3041,3049,9247681,9296401,48720,0,0.952969,2847.63,2988.16,0.00
436,3049,3061,9296401,9369721,73320,0,0.952963,4283.83,4495.28,0.00
437,3061,3067,9369721,9406489,36768,0,0.952925,2147.49,2253.58,0.00
438,3067,3079,9406489,9480241,73752,0,0.953039,4306.13,4518.31,0.00
439,3079,3083,9480241,9504889,24648,0,0.953056,1438.68,1509.54,0.00
440,3083,3089,9504889,9541921,37032,0,0.952939,2161.11,2267.84,0.00
441,3089,3109,9541921,9665881,123960,0,0.953455,7230.52,7583.49,0.00
442,3109,3119,9665881,9728161,62280,0,0.953142,3630.72,3809.21,0.00
443,3119,3121,9728161,9740641,12480,0,0.953215,727.38,763.08,0.00
444,3121,3137,9740641,9840769,100128,0,0.952024,5833.88,6127.87,0.00
445,3137,3163,9840769,10004569,163800,0,0.953898,9536.29,9997.18,0.00
446,3163,3167,10004569,10029889,25320,0,0.953173,1473.30,1545.68,0.00
447,3167,3169,10029889,10042561,12672,0,0.953232,737.27,773.44,0.00
448,3169,3181,10042561,10118761,76200,0,0.953196,4432.23,4649.86,0.00
449,3181,3187,10118761,10156969,38208,0,0.953165,2221.67,2330.83,0.00
450,3187,3191,10156969,10182481,25512,0,0.953225,1483.17,1555.95,0.00
451,3191,3203,10182481,10259209,76728,0,0.953220,4459.38,4678.23,0.00
452,3203,3209,10259209,10297681,38472,0,0.953188,2235.24,2345.01,0.00
453,3209,3217,10297681,10349089,51408,0,0.953284,2986.07,3132.41,0.00
454,3217,3221,10349089,10374841,25752,0,0.953126,1495.50,1569.05,0.00
455,3221,3229,10374841,10426441,51600,0,0.953314,2995.93,3142.65,0.00
456,3229,3251,10426441,10569001,142560,0,0.953203,8272.70,8678.84,0.00
457,3251,3253,10569001,10582009,13008,0,0.953301,754.53,791.49,0.00
458,3253,3257,10582009,10608049,26040,0,0.953333,1510.28,1584.22,0.00
459,3257,3259,10608049,10621081,13032,0,0.953535,755.76,792.59,0.00
460,3259,3271,10621081,10699441,78360,0,0.953328,4543.16,4765.58,0.00
461,3271,3299,10699441,10883401,183960,0,0.954323,10658.13,11168.27,0.00
462,3299,3301,10883401,10896601,13200,0,0.953347,764.37,801.77,0.00
463,3301,3307,10896601,10936249,39648,0,0.953393,2295.57,2407.79,0.00
464,3307,3313,10936249,10975969,39720,0,0.953400,2299.26,2411.64,0.00
465,3313,3319,10975969,11015761,39792,0,0.953479,2302.94,2415.31,0.00
466,3319,3323,11015761,11042329,26568,0,0.953459,1537.34,1612.39,0.00
467,3323,3329,11042329,11082241,39912,0,0.953445,2309.09,2421.83,0.00
468,3329,3331,11082241,11095561,13320,0,0.953229,770.51,808.32,0.00
469,3331,3343,11095561,11175649,80088,0,0.953468,4631.68,4857.72,0.00
470,3343,3347,11175649,11202409,26760,0,0.953582,1547.17,1622.48,0.00
471,3347,3359,11202409,11282881,80472,0,0.953507,4651.33,4878.13,0.00
472,3359,3361,11282881,11296321,13440,0,0.953354,776.65,814.65,0.00
473,3361,3371,11296321,11363641,67320,0,0.953531,3889.40,4078.95,0.00
474,3371,3373,11363641,11377129,13488,0,0.953488,779.11,817.11,0.00
475,3373,3389,11377129,11485321,108192,0,0.953217,6247.58,6554.20,0.00
476,3389,3391,11485321,11498881,13560,0,0.953545,782.79,820.92,0.00
477,3391,3407,11498881,11607649,108768,0,0.954345,6277.01,6577.30,0.00
478,3407,3413,11607649,11648569,40920,0,0.953663,2360.62,2475.32,0.00
479,3413,3433,11648569,11785489,136920,0,0.953764,7895.28,8278.02,0.00
480,3433,3449,11785489,11895601,110112,0,0.953485,6345.62,6655.18,0.00
481,3449,3457,11895601,11950849,55248,0,0.953651,3182.60,3337.28,0.00
482,3457,3461,11950849,11978521,27672,0,0.953557,1593.75,1671.37,0.00
483,3461,3463,11978521,11992369,13848,0,0.953829,797.49,836.09,0.00
484,3463,3467,11992369,12020089,27720,0,0.953692,1596.20,1673.70,0.00
485,3467,3469,12020089,12033961,13872,0,0.953643,798.71,837.53,0.00
486,3469,3491,12033961,12187081,153120,0,0.952944,8812.71,9247.88,0.00
487,3491,3499,12187081,12243001,55920,0,0.953755,3216.85,3372.83,0.00
488,3499,3511,12243001,12327121,84120,0,0.953719,4837.50,5072.25,0.00
489,3511,3517,12327121,12369289,42168,0,0.953777,2424.25,2541.73,0.00
490,3517,3527,12369289,12439729,70440,0,0.953738,4048.56,4244.94,0.00
491,3527,3529,12439729,12453841,14112,0,0.953851,810.93,850.17,0.00
492,3529,3533,12453841,12482089,28248,0,0.953826,1623.09,1701.66,0.00
493,3533,3539,12482089,12524521,42432,0,0.953878,2437.68,2555.55,0.00
494,3539,3541,12524521,12538681,14160,0,0.953720,813.38,852.85,0.00
495,3541,3547,12538681,12581209,42528,0,0.953785,2442.57,2560.92,0.00
496,3547,3557,12581209,12652249,71040,0,0.953839,4079.08,4276.49,0.00
497,3557,3559,12652249,12666481,14232,0,0.953700,817.04,856.70,0.00
498,3559,3571,12666481,12752041,85560,0,0.953858,4910.76,5148.32,0.00
499,3571,3581,12752041,12823561,71520,0,0.953843,4103.48,4302.05,0.00
500,3581,3583,12823561,12837889,14328,0,0.953946,821.92,861.60,0.00
501,3583,3593,12837889,12909649,71760,0,0.953950,4115.68,4314.35,0.00
502,3593,3607,12909649,13010449,100800,0,0.953094,5779.02,6063.43,0.00
503,3607,3613,13010449,13053769,43320,0,0.953930,2482.82,2602.72,0.00
504,3613,3617,13053769,13082689,28920,0,0.953830,1657.24,1737.46,0.00
505,3617,3623,13082689,13126129,43440,0,0.953983,2488.91,2608.96,0.00
506,3623,3631,13126129,13184161,58032,0,0.953922,3324.23,3484.80,0.00
507,3631,3637,13184161,13227769,43608,0,0.953929,2497.43,2618.05,0.00
508,3637,3643,13227769,13271449,43680,0,0.953974,2501.09,2621.76,0.00
509,3643,3659,13271449,13388281,116832,0,0.954452,6687.42,7006.55,0.00
510,3659,3671,13388281,13476241,87960,0,0.954007,5032.60,5275.22,0.00
511,3671,3673,13476241,13490929,14688,0,0.954098,840.19,880.61,0.00
512,3673,3677,13490929,13520329,29400,0,0.954030,1681.59,1762.62,0.00
513,3677,3691,13520329,13623481,103152,0,0.954644,5898.33,6178.56,0.00
514,3691,3697,13623481,13667809,44328,0,0.954005,2533.93,2656.10,0.00
515,3697,3701,13667809,13697401,29592,0,0.954081,1691.32,1772.72,0.00
516,3701,3709,13697401,13756681,59280,0,0.954000,3387.49,3550.83,0.00
517,3709,3719,13756681,13830961,74280,0,0.954089,4243.48,4447.68,0.00
518,3719,3727,13830961,13890529,59568,0,0.954139,3402.07,3565.59,0.00
519,3727,3733,13890529,13935289,44760,0,0.954111,2555.81,2678.73,0.00
520,3733,3739,13935289,13980121,44832,0,0.954049,2559.45,2682.73,0.00
521,3739,3761,13980121,14145121,165000,0,0.953775,9415.81,9872.15,0.00
522,3761,3767,14145121,14190289,45168,0,0.954185,2576.45,2700.15,0.00
523,3767,3769,14190289,14205361,15072,0,0.954178,859.62,900.91,0.00
524,3769,3779,14205361,14280841,75480,0,0.954149,4304.19,4511.02,0.00
525,3779,3793,14280841,14386849,106008,0,0.953858,6042.84,6335.16,0.00
526,3793,3797,14386849,14417209,30360,0,0.954252,1730.16,1813.11,0.00
527,3797,3803,14417209,14462809,45600,0,0.954168,2598.28,2723.08,0.00
528,3803,3821,14462809,14600041,137232,0,0.954532,7816.65,8188.98,0.00
529,3821,3823,14600041,14615329,15288,0,0.954165,870.54,912.35,0.00
530,3823,3833,14615329,14691889,76560,0,0.954244,4358.74,4567.74,0.00
531,3833,3847,14691889,14799409,107520,0,0.954553,6119.19,6410.53,0.00
532,3847,3851,14799409,14830201,30792,0,0.954175,1751.97,1836.11,0.00
533,3851,3853,14830201,14845609,15408,0,0.954385,876.59,918.49,0.00
534,3853,3863,14845609,14922769,77160,0,0.954281,4389.01,4599.29,0.00
535,3863,3877,14922769,15031129,108360,0,0.954316,6161.56,6456.52,0.00
536,3877,3881,15031129,15062161,31032,0,0.954256,1764.08,1848.64,0.00
537,3881,3889,15062161,15124321,62160,0,0.954313,3532.99,3702.13,0.00
538,3889,3907,15124321,15264649,140328,0,0.953997,7972.82,8357.28,0.00
539,3907,3911,15264649,15295921,31272,0,0.954299,1776.17,1861.23,0.00
540,3911,3917,15295921,15342889,46968,0,0.954386,2667.28,2794.76,0.00
541,3917,3919,15342889,15358561,15672,0,0.954510,889.90,932.31,0.00
542,3919,3923,15358561,15389929,31368,0,0.954399,1781.01,1866.10,0.00
543,3923,3929,15389929,15437041,47112,0,0.954348,2674.53,2802.47,0.00
544,3929,3931,15437041,15452761,15720,0,0.954336,892.32,935.01,0.00
545,3931,3943,15452761,15547249,94488,0,0.954375,5362.35,5618.70,0.00
546,3943,3947,15547249,15578809,31560,0,0.954345,1790.67,1876.34,0.00
547,3947,3967,15578809,15737089,158280,0,0.954955,8977.51,9400.98,0.00
548,3967,3989,15737089,15912121,175032,0,0.952771,9921.74,10413.56,0.00
549,3989,4001,15912121,16008001,95880,0,0.954478,5432.37,5691.45,0.00
550,4001,4003,16008001,16024009,16008,0,0.954455,906.80,950.07,0.00
551,4003,4007,16024009,16056049,32040,0,0.954528,1814.81,1901.26,0.00
552,4007,4013,16056049,16104169,48120,0,0.954549,2725.23,2854.99,0.00
553,4013,4019,16104169,16152361,48192,0,0.954477,2728.85,2859.00,0.00
554,4019,4021,16152361,16168441,16080,0,0.954448,910.42,953.87,0.00
555,4021,4027,16168441,16216729,48288,0,0.954522,2733.67,2863.92,0.00
556,4027,4049,16216729,16394401,177672,0,0.954701,10054.39,10531.46,0.00
557,4049,4051,16394401,16410601,16200,0,0.954609,916.45,960.02,0.00
558,4051,4057,16410601,16459249,48648,0,0.954529,2751.75,2882.83,0.00
559,4057,4073,16459249,16589329,130080,0,0.954432,7355.65,7706.84,0.00
560,4073,4079,16589329,16638241,48912,0,0.954621,2764.99,2896.43,0.00
561,4079,4091,16638241,16736281,98040,0,0.954597,5540.82,5804.36,0.00
562,4091,4093,16736281,16752649,16368,0,0.954579,924.87,968.88,0.00
563,4093,4099,16752649,16801801,49152,0,0.954667,2777.03,2908.90,0.00
564,4099,4111,16801801,16900321,98520,0,0.954601,5564.89,5829.54,0.00
565,4111,4127,16900321,17032129,131808,0,0.954740,7442.30,7795.11,0.00
566,4127,4129,17032129,17048641,16512,0,0.954651,932.09,976.37,0.00
567,4129,4133,17048641,17081689,33048,0,0.954634,1865.39,1954.03,0.00
568,4133,4139,17081689,17131321,49632,0,0.954688,2801.09,2934.03,0.00
569,4139,4153,17131321,17247409,116088,0,0.955122,6549.89,6857.64,0.00
570,4153,4157,17247409,17280649,33240,0,0.954598,1875.00,1964.18,0.00
571,4157,4159,17280649,17297281,16632,0,0.954828,938.10,982.48,0.00
572,4159,4177,17297281,17447329,150048,0,0.953822,8460.94,8870.56,0.00
573,4177,4201,17447329,17648401,201072,0,0.954975,11331.70,11865.96,0.00
574,4201,4211,17648401,17732521,84120,0,0.954684,4738.55,4963.47,0.00
575,4211,4217,17732521,17783089,50568,0,0.954794,2847.93,2982.77,0.00
576,4217,4219,17783089,17799961,16872,0,0.954993,950.11,994.89,0.00
577,4219,4229,17799961,17884441,84480,0,0.954764,4756.55,4981.91,0.00
578,4229,4231,17884441,17901361,16920,0,0.954826,952.51,997.57,0.00
579,4231,4241,17901361,17986081,84720,0,0.954792,4768.54,4994.32,0.00
580,4241,4243,17986081,18003049,16968,0,0.954810,954.91,1000.10,0.00
581,4243,4253,18003049,18088009,84960,0,0.954798,4780.54,5006.85,0.00
582,4253,4259,18088009,18139081,51072,0,0.954846,2873.12,3008.99,0.00
583,4259,4261,18139081,18156121,17040,0,0.954895,958.50,1003.78,0.00
584,4261,4271,18156121,18241441,85320,0,0.954831,4798.52,5025.52,0.00
585,4271,4273,18241441,18258529,17088,0,0.954789,960.90,1006.40,0.00
586,4273,4283,18258529,18344089,85560,0,0.954812,4810.50,5038.17,0.00
587,4283,4289,18344089,18395521,51432,0,0.954831,2891.09,3027.86,0.00
588,4289,4297,18395521,18464209,68688,0,0.954865,3860.38,4042.86,0.00
589,4297,4327,18464209,18722929,258720,0,0.955162,14533.32,15215.55,0.00
590,4327,4337,18722929,18809569,86640,0,0.954900,4864.39,5094.13,0.00
591,4337,4339,18809569,18826921,17352,0,0.954911,974.07,1020.07,0.00
592,4339,4349,18826921,18913801,86880,0,0.954986,4876.36,5106.21,0.00
593,4349,4357,18913801,18983449,69648,0,0.954940,3908.26,4092.68,0.00
594,4357,4363,18983449,19035769,52320,0,0.954918,2935.38,3073.96,0.00
595,4363,4373,19035769,19123129,87360,0,0.954978,4900.28,5131.30,0.00
596,4373,4391,19123129,19280881,157752,0,0.954858,8845.61,9263.79,0.00
597,4391,4397,19280881,19333609,52728,0,0.954979,2955.71,3095.05,0.00
598,4397,4409,19333609,19439281,105672,0,0.954793,5922.17,6202.57,0.00
599,4409,4421,19439281,19545241,105960,0,0.955853,5936.51,6210.69,0.00
600,4421,4423,19545241,19562929,17688,0,0.955156,990.81,1037.33,0.00
601,4423,4441,19562929,19722481,159552,0,0.955274,8935.22,9353.57,0.00
602,4441,4447,19722481,19775809,53328,0,0.955061,2985.57,3126.05,0.00
603,4447,4451,19775809,19811401,35592,0,0.955104,1992.37,2086.02,0.00
604,4451,4457,19811401,19864849,53448,0,0.955088,2991.54,3132.21,0.00
605,4457,4463,19864849,19918369,53520,0,0.955098,2995.12,3135.93,0.00
606,4463,4481,19918369,20079361,160992,0,0.955574,9006.83,9425.58,0.00
607,4481,4483,20079361,20097289,17928,0,0.955063,1002.75,1049.93,0.00
608,4483,4493,20097289,20187049,89760,0,0.955148,5019.70,5255.42,0.00
609,4493,4507,20187049,20313049,126000,0,0.954125,7044.28,7382.97,0.00
610,4507,4513,20313049,20367169,54120,0,0.955122,3024.94,3167.07,0.00
611,4513,4517,20367169,20403289,36120,0,0.955176,2018.61,2113.34,0.00
612,4517,4519,20403289,20421361,18072,0,0.955016,1009.90,1057.47,0.00
613,4519,4523,20421361,20457529,36168,0,0.955177,2020.99,2115.83,0.00
614,4523,4547,20457529,20675209,217680,0,0.954752,12159.33,12735.59,0.00
615,4547,4549,20675209,20693401,18192,0,0.955251,1015.86,1063.45,0.00
616,4549,4561,20693401,20802721,109320,0,0.954862,6103.49,6392.02,0.00
617,4561,4567,20802721,20857489,54768,0,0.955221,3057.10,3200.41,0.00
618,4567,4583,20857489,21003889,146400,0,0.954766,8169.74,8556.79,0.00
619,4583,4591,21003889,21077281,73392,0,0.955227,4094.39,4286.30,0.00
620,4591,4597,21077281,21132409,55128,0,0.955235,3074.96,3219.06,0.00
621,4597,4603,21132409,21187609,55200,0,0.955220,3078.53,3222.85,0.00
622,4603,4621,21187609,21353641,166032,0,0.955472,9257.00,9688.40,0.00
623,4621,4637,21353641,21501769,148128,0,0.956448,8255.40,8631.31,0.00
624,4637,4639,21501769,21520321,18552,0,0.955291,1033.71,1082.09,0.00
625,4639,4643,21520321,21557449,37128,0,0.955282,2068.61,2165.44,0.00
626,4643,4649,21557449,21613201,55752,0,0.955253,3105.88,3251.37,0.00
627,4649,4651,21613201,21631801,18600,0,0.955460,1036.09,1084.38,0.00
628,4651,4657,21631801,21687649,55848,0,0.955272,3110.63,3256.28,0.00
629,4657,4663,21687649,21743569,55920,0,0.955272,3114.20,3260.01,0.00
630,4663,4673,21743569,21836929,93360,0,0.955330,5198.25,5441.32,0.00
631,4673,4679,21836929,21893041,56112,0,0.955284,3123.70,3269.92,0.00
632,4679,4691,21893041,22005481,112440,0,0.955273,6258.10,6551.11,0.00
633,4691,4703,22005481,22118209,112728,0,0.954884,6272.35,6568.70,0.00
634,4703,4721,22118209,22287841,169632,0,0.955369,9435.23,9876.01,0.00
635,4721,4723,22287841,22306729,18888,0,0.955294,1050.34,1099.49,0.00
636,4723,4729,22306729,22363441,56712,0,0.955385,3153.39,3300.64,0.00
637,4729,4733,22363441,22401289,37848,0,0.955401,2104.24,2202.46,0.00
638,4733,4751,22401289,22572001,170712,0,0.954958,9488.63,9936.18,0.00
639,4751,4759,22572001,22648081,76080,0,0.955405,4227.45,4424.77,0.00
640,4759,4783,22648081,22877089,229008,0,0.955697,12720.29,13309.97,0.00
641,4783,4787,22877089,22915369,38280,0,0.955503,2125.58,2224.57,0.00
642,4787,4789,22915369,22934521,19152,0,0.955265,1063.38,1113.18,0.00
643,4789,4793,22934521,22972849,38328,0,0.955440,2127.95,2227.19,0.00
644,4793,4799,22972849,23030401,57552,0,0.955427,3194.89,3343.94,0.00
645,4799,4801,23030401,23049601,19200,0,0.955490,1065.75,1115.40,0.00
646,4801,4813,23049601,23164969,115368,0,0.954095,6402.81,6710.87,0.00
647,4813,4817,23164969,23203489,38520,0,0.955460,2137.43,2237.07,0.00
648,4817,4831,23203489,23338561,135072,0,0.954827,7493.44,7847.96,0.00
649,4831,4861,23338561,23629321,290760,0,0.954982,16122.49,16882.51,0.00
650,4861,4871,23629321,23726641,97320,0,0.955535,5393.89,5644.89,0.00
651,4871,4877,23726641,23785129,58488,0,0.955568,3241.07,3391.77,0.00
652,4877,4889,23785129,23902321,117192,0,0.955221,6492.78,6797.15,0.00
653,4889,4903,23902321,24039409,137088,0,0.956577,7592.85,7937.52,0.00
654,4903,4909,24039409,24098281,58872,0,0.955537,3259.99,3411.69,0.00
655,4909,4919,24098281,24196561,98280,0,0.955598,5441.20,5694.03,0.00
656,4919,4931,24196561,24314761,118200,0,0.955711,6542.44,6845.63,0.00
657,4931,4933,24314761,24334489,19728,0,0.955458,1091.79,1142.68,0.00
658,4933,4937,24334489,24373969,39480,0,0.955646,2184.75,2286.15,0.00
659,4937,4943,24373969,24433249,59280,0,0.955605,3280.09,3432.47,0.00
660,4943,4951,24433249,24512401,79152,0,0.955606,4378.96,4582.39,0.00
661,4951,4957,24512401,24571849,59448,0,0.955616,3288.36,3441.08,0.00
662,4957,4967,24571849,24671089,99240,0,0.955621,5488.47,5743.35,0.00
663,4967,4969,24671089,24690961,19872,0,0.955656,1098.87,1149.86,0.00
664,4969,4973,24690961,24730729,39768,0,0.955656,2198.93,2300.96,0.00
665,4973,4987,24730729,24870169,139440,0,0.955726,7708.65,8065.75,0.00
666,4987,4993,24870169,24930049,59880,0,0.955625,3309.61,3463.29,0.00
667,4993,4999,24930049,24990001,59952,0,0.955702,3313.15,3466.72,0.00
668,4999,5003,24990001,25030009,40008,0,0.955708,2210.73,2313.19,0.00
669,5003,5009,25030009,25090081,60072,0,0.955652,3319.05,3473.07,0.00
670,5009,5011,25090081,25110121,20040,0,0.955690,1107.14,1158.47,0.00
671,5011,5021,25110121,25210441,100320,0,0.955991,5541.59,5796.69,0.00
672,5021,5023,25210441,25230529,20088,0,0.955699,1109.50,1160.93,0.00
673,5023,5039,25230529,25391521,160992,0,0.954773,8890.13,9311.26,0.00
674,5039,5051,25391521,25512601,121080,0,0.956598,6684.11,6987.38,0.00
675,5051,5059,25512601,25593481,80880,0,0.955738,4463.93,4670.67,0.00
676,5059,5077,25593481,25775929,182448,0,0.955307,10066.84,10537.80,0.00
677,5077,5081,25775929,25816561,40632,0,0.955814,2241.40,2345.01,0.00
678,5081,5087,25816561,25877569,61008,0,0.955762,3365.04,3520.80,0.00
679,5087,5099,25877569,25999801,122232,0,0.956451,6740.69,7047.60,0.00
680,5099,5101,25999801,26020201,20400,0,0.955520,1124.82,1177.18,0.00
681,5101,5107,26020201,26081449,61248,0,0.955782,3376.82,3533.05,0.00
682,5107,5113,26081449,26142769,61320,0,0.955827,3380.35,3536.58,0.00
683,5113,5119,26142769,26204161,61392,0,0.955721,3383.89,3540.67,0.00
684,5119,5147,26204161,26491609,287448,0,0.956576,15838.18,16557.15,0.00
685,5147,5153,26491609,26553409,61800,0,0.955809,3403.90,3561.28,0.00
686,5153,5167,26553409,26697889,144480,0,0.956161,7956.16,8320.95,0.00
687,5167,5171,26697889,26739241,41352,0,0.955855,2276.72,2381.87,0.00
688,5171,5179,26739241,26822041,82800,0,0.955822,4558.14,4768.82,0.00
689,5179,5189,26822041,26925721,103680,0,0.955796,5706.50,5970.42,0.00
690,5189,5197,26925721,27008809,83088,0,0.955869,4572.26,4783.35,0.00
691,5197,5209,27008809,27133681,124872,0,0.955816,6870.14,7187.73,0.00
692,5209,5227,27133681,27321529,187848,0,0.955852,10331.66,10808.86,0.00
693,5227,5231,27321529,27363361,41832,0,0.955896,2300.23,2406.37,0.00
694,5231,5233,27363361,27384289,20928,0,0.956077,1150.70,1203.57,0.00
695,5233,5237,27384289,27426169,41880,0,0.955787,2302.58,2409.10,0.00
696,5237,5261,27426169,27678121,251952,0,0.955940,13848.40,14486.68,0.00
697,5261,5273,27678121,27804529,126408,0,0.955944,6945.34,7265.43,0.00
698,5273,5279,27804529,27867841,63312,0,0.955962,3477.96,3638.17,0.00
699,5279,5281,27867841,27888961,21120,0,0.955909,1160.10,1213.61,0.00
700,5281,5297,27888961,28058209,169248,0,0.955036,9294.90,9732.51,0.00
701,5297,5303,28058209,28121809,63600,0,0.956034,3492.04,3652.63,0.00
702,5303,5309,28121809,28185481,63672,0,0.955900,3495.56,3656.83,0.00
703,5309,5323,28185481,28334329,148848,0,0.955494,8170.00,8550.55,0.00
704,5323,5333,28334329,28440889,106560,0,0.954576,5847.45,6125.70,0.00
705,5333,5347,28440889,28590409,149520,0,0.955725,8202.85,8582.85,0.00
706,5347,5351,28590409,28633201,42792,0,0.955986,2347.19,2455.25,0.00
707,5351,5381,28633201,28955161,321960,0,0.956596,17653.74,18454.75,0.00
708,5381,5387,28955161,29019769,64608,0,0.956045,3541.30,3704.11,0.00
709,5387,5393,29019769,29084449,64680,0,0.956088,3544.81,3707.62,0.00
710,5393,5399,29084449,29149201,64752,0,0.956065,3548.33,3711.38,0.00
711,5399,5407,29149201,29235649,86448,0,0.956051,4736.57,4954.30,0.00
712,5407,5413,29235649,29300569,64920,0,0.956111,3556.53,3719.78,0.00
713,5413,5417,29300569,29343889,43320,0,0.956077,2372.97,2481.99,0.00
714,5417,5419,29343889,29365561,21672,0,0.956118,1187.07,1241.55,0.00
715,5419,5431,29365561,29495761,130200,0,0.956280,7130.62,7456.62,0.00
716,5431,5437,29495761,29560969,65208,0,0.956108,3570.58,3734.49,0.00
717,5437,5441,29560969,29604481,43512,0,0.956038,2382.34,2491.89,0.00
718,5441,5443,29604481,29626249,21768,0,0.956139,1191.75,1246.42,0.00
719,5443,5449,29626249,29691601,65352,0,0.956070,3577.60,3741.99,0.00
720,5449,5471,29691601,29931841,240240,0,0.955689,13147.92,13757.53,0.00
721,5471,5477,29931841,29997529,65688,0,0.956149,3593.99,3758.81,0.00
722,5477,5479,29997529,30019441,21912,0,0.956288,1198.78,1253.57,0.00
723,5479,5483,30019441,30063289,43848,0,0.956155,2398.72,2508.72,0.00
724,5483,5501,30063289,30261001,197712,0,0.956396,10813.54,11306.55,0.00
725,5501,5503,30261001,30283009,22008,0,0.956232,1203.45,1258.54,0.00
726,5503,5507,30283009,30327049,44040,0,0.956134,2408.08,2518.55,0.00
727,5507,5519,30327049,30459361,132312,0,0.956590,7233.59,7561.84,0.00
728,5519,5521,30459361,30481441,22080,0,0.956064,1206.96,1262.43,0.00
729,5521,5527,30481441,30547729,66288,0,0.956228,3623.22,3789.08,0.00
730,5527,5531,30547729,30591961,44232,0,0.956169,2417.43,2528.25,0.00
731,5531,5557,30591961,30880249,288288,0,0.956703,15751.28,16464.12,0.00
732,5557,5563,30880249,30946969,66720,0,0.956234,3644.26,3811.05,0.00
733,5563,5569,30946969,31013761,66792,0,0.956208,3647.76,3814.82,0.00
734,5569,5573,31013761,31058329,44568,0,0.956211,2433.79,2545.24,0.00
735,5573,5581,31058329,31147561,89232,0,0.956224,4872.25,5095.30,0.00
736,5581,5591,31147561,31259281,111720,0,0.955791,6099.07,6381.17,0.00
737,5591,5623,31259281,31618129,358848,0,0.955401,19582.39,20496.52,0.00
738,5623,5639,31618129,31798321,180192,0,0.956175,9828.54,10279.02,0.00
739,5639,5641,31798321,31820881,22560,0,0.956359,1230.32,1286.46,0.00
740,5641,5647,31820881,31888609,67728,0,0.956257,3693.29,3862.23,0.00
741,5647,5651,31888609,31933801,45192,0,0.956333,2464.14,2576.65,0.00
742,5651,5653,31933801,31956409,22608,0,0.956242,1232.65,1289.06,0.00
743,5653,5657,31956409,32001649,45240,0,0.956283,2466.47,2579.22,0.00
744,5657,5659,32001649,32024281,22632,0,0.956358,1233.82,1290.12,0.00
745,5659,5669,32024281,32137561,113280,0,0.955846,6174.92,6460.16,0.00
746,5669,5683,32137561,32296489,158928,0,0.957067,8661.21,9049.74,0.00
747,5683,5689,32296489,32364721,68232,0,0.956333,3717.78,3887.53,0.00
748,5689,5693,32364721,32410249,45528,0,0.956329,2480.46,2593.73,0.00
749,5693,5701,32410249,32501401,91152,0,0.956344,4965.58,5192.25,0.00
750,5701,5711,32501401,32615521,114120,0,0.957256,6215.72,6493.27,0.00
751,5711,5717,32615521,32684089,68568,0,0.956370,3734.09,3904.44,0.00
752,5717,5737,32684089,32913169,229080,0,0.955676,12472.22,13050.68,0.00
753,5737,5741,32913169,32959081,45912,0,0.956385,2499.10,2613.07,0.00
754,5741,5743,32959081,32982049,22968,0,0.956460,1250.13,1307.04,0.00
755,5743,5749,32982049,33051001,68952,0,0.956373,3752.73,3923.92,0.00
756,5749,5779,33051001,33396841,345840,0,0.957609,18816.05,19648.99,0.00
757,5779,5783,33396841,33443089,46248,0,0.956450,2515.40,2629.94,0.00
758,5783,5791,33443089,33535681,92592,0,0.956404,5035.46,5264.99,0.00
759,5791,5801,33535681,33651601,115920,0,0.956872,6303.05,6587.14,0.00
760,5801,5807,33651601,33721249,69648,0,0.956410,3786.49,3959.06,0.00
761,5807,5813,33721249,33790969,69720,0,0.956446,3789.98,3962.56,0.00
762,5813,5821,33790969,33884041,93072,0,0.956426,5058.73,5289.20,0.00
763,5821,5827,33884041,33953929,69888,0,0.956444,3798.12,3971.08,0.00
764,5827,5839,33953929,34093921,139992,0,0.956108,7606.70,7955.91,0.00
765,5839,5843,34093921,34140649,46728,0,0.956514,2538.67,2654.08,0.00
766,5843,5849,34140649,34210801,70152,0,0.956468,3810.91,3984.36,0.00
767,5849,5851,34210801,34234201,23400,0,0.956513,1271.08,1328.87,0.00
768,5851,5857,34234201,34304449,70248,0,0.956426,3815.56,3989.40,0.00
769,5857,5861,34304449,34351321,46872,0,0.956501,2545.64,2661.41,0.00
770,5861,5867,34351321,34421689,70368,0,0.956460,3821.37,3995.33,0.00
771,5867,5869,34421689,34445161,23472,0,0.956495,1274.57,1332.54,0.00
772,5869,5879,34445161,34562641,117480,0,0.957039,6378.64,6664.97,0.00
773,5879,5881,34562641,34586161,23520,0,0.956585,1276.89,1334.84,0.00
774,5881,5897,34586161,34774609,188448,0,0.957136,10229.06,10687.16,0.00
775,5897,5903,34774609,34845409,70800,0,0.956556,3842.29,4016.79,0.00
776,5903,5923,34845409,35081929,236520,0,0.956059,12832.79,13422.59,0.00
777,5923,5927,35081929,35129329,47400,0,0.956560,2571.20,2687.97,0.00
778,5927,5939,35129329,35271721,142392,0,0.957610,7722.90,8064.76,0.00
779,5939,5953,35271721,35438209,166488,0,0.956164,9027.66,9441.54,0.00
780,5953,5981,35438209,35772361,334152,0,0.957490,18112.18,18916.32,0.00
781,5981,5987,35772361,35844169,71808,0,0.956565,3891.04,4067.73,0.00
782,5987,6007,35844169,36084049,239880,0,0.956627,12995.28,13584.48,0.00
783,6007,6011,36084049,36132121,48072,0,0.956598,2603.69,2721.83,0.00
784,6011,6029,36132121,36348841,216720,0,0.956118,11735.76,12274.38,0.00
785,6029,6037,36348841,36445369,96528,0,0.956658,5225.94,5462.71,0.00
786,6037,6043,36445369,36517849,72480,0,0.956592,3923.51,4101.55,0.00
787,6043,6047,36517849,36566209,48360,0,0.956604,2617.61,2736.35,0.00
788,6047,6053,36566209,36638809,72600,0,0.956654,3929.31,4107.34,0.00
789,6053,6067,36638809,36808489,169680,0,0.956943,9181.90,9595.04,0.00
790,6067,6073,36808489,36881329,72840,0,0.956652,3940.89,4119.46,0.00
791,6073,6079,36881329,36954241,72912,0,0.956687,3944.37,4122.94,0.00
792,6079,6089,36954241,37075921,121680,0,0.956393,6581.67,6881.76,0.00
793,6089,6091,37075921,37100281,24360,0,0.956704,1317.49,1377.12,0.00
794,6091,6101,37100281,37222201,121920,0,0.955905,6593.25,6897.39,0.00
795,6101,6113,37222201,37368769,146568,0,0.957268,7924.64,8278.39,0.00
796,6113,6121,37368769,37466641,97872,0,0.956704,5290.81,5530.25,0.00
797,6121,6131,37466641,37589161,122520,0,0.956964,6622.19,6920.01,0.00
798,6131,6133,37589161,37613689,24528,0,0.956772,1325.60,1385.49,0.00
799,6133,6143,37613689,37736449,122760,0,0.956938,6633.77,6932.29,0.00
800,6143,6151,37736449,37834801,98352,0,0.956727,5313.96,5554.31,0.00
801,6151,6163,37834801,37982569,147768,0,0.956448,7982.51,8345.99,0.00
802,6163,6173,37982569,38105929,123360,0,0.958669,6662.69,6949.94,0.00
803,6173,6197,38105929,38402809,296880,0,0.956642,16029.79,16756.30,0.00
804,6197,6199,38402809,38427601,24792,0,0.956798,1338.32,1398.75,0.00
805,6199,6203,38427601,38477209,49608,0,0.956729,2677.80,2798.91,0.00
806,6203,6211,38477209,38576521,99312,0,0.956791,5360.22,5602.29,0.00
807,6211,6217,38576521,38651089,74568,0,0.956758,4024.21,4206.09,0.00
808,6217,6221,38651089,38700841,49752,0,0.956730,2684.73,2806.16,0.00
809,6221,6229,38700841,38800441,99600,0,0.956822,5374.09,5616.60,0.00
810,6229,6247,38800441,39025009,224568,0,0.956471,12114.24,12665.56,0.00
811,6247,6257,39025009,39150049,125040,0,0.956974,6743.61,7046.81,0.00
812,6257,6263,39150049,39225169,75120,0,0.956839,4050.79,4233.51,0.00
813,6263,6269,39225169,39300361,75192,0,0.956791,4054.25,4237.34,0.00
814,6269,6271,39300361,39325441,25080,0,0.956803,1352.19,1413.24,0.00
815,6271,6277,39325441,39400729,75288,0,0.956840,4058.87,4241.96,0.00
816,6277,6287,39400729,39526369,125640,0,0.957516,6772.49,7072.97,0.00
817,6287,6299,39526369,39677401,151032,0,0.956549,8139.69,8509.43,0.00
818,6299,6301,39677401,39702601,25200,0,0.956775,1357.96,1419.31,0.00
819,6301,6311,39702601,39828721,126120,0,0.956345,6795.58,7105.78,0.00
820,6311,6317,39828721,39904489,75768,0,0.956815,4081.96,4266.20,0.00
821,6317,6323,39904489,39980329,75840,0,0.956865,4085.43,4269.60,0.00
822,6323,6329,39980329,40056241,75912,0,0.956891,4088.89,4273.10,0.00
823,6329,6337,40056241,40157569,101328,0,0.956583,5457.24,5704.93,0.00
824,6337,6343,40157569,40233649,76080,0,0.956836,4096.97,4281.78,0.00
825,6343,6353,40233649,40360609,126960,0,0.956111,6835.97,7149.76,0.00
826,6353,6359,40360609,40436881,76272,0,0.956892,4106.19,4291.18,0.00
827,6359,6361,40436881,40462321,25440,0,0.956907,1369.50,1431.17,0.00
828,6361,6367,40462321,40538689,76368,0,0.956903,4110.81,4295.95,0.00
829,6367,6373,40538689,40615129,76440,0,0.956873,4114.27,4299.70,0.00
830,6373,6379,40615129,40691641,76512,0,0.956901,4117.73,4303.19,0.00
831,6379,6389,40691641,40819321,127680,0,0.958298,6870.57,7169.55,0.00
832,6389,6397,40819321,40921609,102288,0,0.957018,5503.37,5750.54,0.00
833,6397,6421,40921609,41229241,307632,0,0.955407,16547.00,17319.32,0.00
834,6421,6427,41229241,41306329,77088,0,0.956942,4145.39,4331.92,0.00
835,6427,6449,41306329,41589601,283272,0,0.956048,15229.34,15929.47,0.00
836,6449,6451,41589601,41615401,25800,0,0.957029,1386.79,1449.06,0.00
837,6451,6469,41615401,41847961,232560,0,0.955823,12498.38,13076.04,0.00
838,6469,6473,41847961,41899729,51768,0,0.957000,2781.64,2906.63,0.00
839,6473,6481,41899729,42003361,103632,0,0.956102,5567.89,5823.53,0.00
840,6481,6491,42003361,42133081,129720,0,0.955983,6968.50,7289.35,0.00
841,6491,6521,42133081,42523441,390360,0,0.956255,20963.04,21922.02,0.00
842,6521,6529,42523441,42627841,104400,0,0.956633,5604.72,5858.80,0.00
843,6529,6547,42627841,42863209,235368,0,0.956552,12633.06,13206.86,0.00
844,6547,6551,42863209,42915601,52392,0,0.957012,2811.56,2937.86,0.00
845,6551,6553,42915601,42941809,26208,0,0.957038,1406.36,1469.49,0.00
846,6553,6563,42941809,43072969,131160,0,0.956941,7037.54,7354.20,0.00
847,6563,6569,43072969,43151761,78792,0,0.957066,4227.12,4416.75,0.00
848,6569,6571,43151761,43178041,26280,0,0.957008,1409.81,1473.14,0.00
849,6571,6577,43178041,43256929,78888,0,0.957059,4231.72,4421.59,0.00
850,6577,6581,43256929,43309561,52632,0,0.957086,2823.06,2949.65,0.00
851,6581,6599,43309561,43546801,237240,0,0.957451,12722.75,13288.14,0.00
852,6599,6607,43546801,43652449,105648,0,0.957979,5664.52,5912.99,0.00
853,6607,6619,43652449,43811161,158712,0,0.957093,8508.27,8889.70,0.00
854,6619,6637,43811161,44049769,238608,0,0.957684,12788.26,13353.32,0.00
855,6637,6653,44049769,44262409,212640,0,0.956764,11393.38,11908.25,0.00
856,6653,6659,44262409,44342281,79872,0,0.957143,4278.83,4470.42,0.00
857,6659,6661,44342281,44368921,26640,0,0.957014,1427.04,1491.14,0.00
858,6661,6673,44368921,44528929,160008,0,0.956340,8570.30,8961.56,0.00
859,6673,6679,44528929,44609041,80112,0,0.957101,4290.32,4482.62,0.00
860,6679,6689,44609041,44742721,133680,0,0.956412,7158.18,7484.41,0.00
861,6689,6691,44742721,44769481,26760,0,0.957183,1432.78,1496.88,0.00
862,6691,6701,44769481,44903401,133920,0,0.957879,7169.66,7484.94,0.00
863,6701,6703,44903401,44930209,26808,0,0.957161,1435.08,1499.31,0.00
864,6703,6709,44930209,45010681,80472,0,0.957171,4307.54,4500.28,0.00
865,6709,6719,45010681,45144961,134280,0,0.957621,7186.88,7504.93,0.00
866,6719,6733,45144961,45333289,188328,0,0.955866,10077.69,10543.00,0.00
867,6733,6737,45333289,45387169,53880,0,0.957152,2882.78,3011.83,0.00
868,6737,6761,45387169,45711121,323952,0,0.957305,17328.81,18101.66,0.00
869,6761,6763,45711121,45738169,27048,0,0.957225,1446.55,1511.19,0.00
870,6763,6779,45738169,45954841,216672,0,0.956386,11586.18,12114.54,0.00
871,6779,6781,45954841,45981961,27120,0,0.957257,1449.99,1514.74,0.00
872,6781,6791,45981961,46117681,135720,0,0.956628,7255.69,7584.66,0.00
873,6791,6793,46117681,46144849,27168,0,0.957287,1452.28,1517.08,0.00
874,6793,6803,46144849,46280809,135960,0,0.958052,7267.16,7585.35,0.00
875,6803,6823,46280809,46553329,272520,0,0.957406,14562.96,15210.85,0.00
876,6823,6827,46553329,46607929,54600,0,0.957215,2917.18,3047.57,0.00
877,6827,6829,46607929,46635241,27312,0,0.957197,1459.16,1524.41,0.00
878,6829,6833,46635241,46689889,54648,0,0.957239,2919.47,3049.88,0.00
879,6833,6841,46689889,46799281,109392,0,0.957193,5843.52,6104.85,0.00
880,6841,6857,46799281,47018449,219168,0,0.958073,11705.36,12217.61,0.00
881,6857,6863,47018449,47100769,82320,0,0.957323,4395.81,4591.77,0.00
882,6863,6869,47100769,47183161,82392,0,0.957241,4399.25,4595.75,0.00
883,6869,6871,47183161,47210641,27480,0,0.957240,1467.18,1532.72,0.00
884,6871,6883,47210641,47375689,165048,0,0.957266,8811.09,9204.43,0.00
885,6883,6899,47375689,47596201,220512,0,0.956289,11769.48,12307.46,0.00
886,6899,6907,47596201,47706649,110448,0,0.957183,5893.90,6157.55,0.00
887,6907,6911,47706649,47761921,55272,0,0.957263,2949.24,3080.91,0.00
888,6911,6917,47761921,47844889,82968,0,0.957293,4426.72,4624.20,0.00
889,6917,6947,47844889,48260809,415920,0,0.956714,22185.08,23188.83,0.00
890,6947,6949,48260809,48288601,27792,0,0.957281,1482.06,1548.19,0.00
891,6949,6959,48288601,48427681,139080,0,0.957349,7416.00,7746.39,0.00
892,6959,6961,48427681,48455521,27840,0,0.957310,1484.34,1550.54,0.00
893,6961,6967,48455521,48539089,83568,0,0.957335,4455.32,4653.88,0.00
894,6967,6971,48539089,48594841,55752,0,0.957289,2972.12,3104.72,0.00
895,6971,6977,48594841,48678529,83688,0,0.957326,4461.04,4659.89,0.00
896,6977,6983,48678529,48762289,83760,0,0.957314,4464.47,4663.53,0.00
897,6983,6991,48762289,48874081,111792,0,0.957138,5957.96,6224.76,0.00
898,6991,6997,48874081,48958009,83928,0,0.957371,4472.47,4671.62,0.00
899,6997,7001,48958009,49014001,55992,0,0.957326,2983.55,3116.54,0.00
900,7001,7013,49014001,49182169,168168,0,0.958095,8959.80,9351.68,0.00
901,7013,7019,49182169,49266361,84192,0,0.957381,4485.04,4684.70,0.00
902,7019,7027,49266361,49378729,112368,0,0.957127,5985.39,6253.49,0.00
903,7027,7039,49378729,49547521,168792,0,0.957905,8989.51,9384.55,0.00
904,7039,7043,49547521,49603849,56328,0,0.957422,2999.55,3132.94,0.00
905,7043,7057,49603849,49801249,197400,0,0.957057,10510.42,10982.02,0.00
906,7057,7069,49801249,49970761,169512,0,0.957612,9023.78,9423.21,0.00
907,7069,7079,49970761,50112241,141480,0,0.957954,7530.28,7860.80,0.00
908,7079,7103,50112241,50452609,340368,0,0.956391,18111.50,18937.33,0.00
909,7103,7109,50452609,50537881,85272,0,0.957428,4536.44,4738.15,0.00
910,7109,7121,50537881,50708641,170760,0,0.957110,9083.14,9490.18,0.00
911,7121,7127,50708641,50794129,85488,0,0.957439,4546.71,4748.82,0.00
912,7127,7129,50794129,50822641,28512,0,0.957426,1516.33,1583.76,0.00
913,7129,7151,50822641,51136801,314160,0,0.957867,16704.73,17439.51,0.00
914,7151,7159,51136801,51251281,114480,0,0.957308,6085.86,6357.26,0.00
915,7159,7177,51251281,51509329,258048,0,0.956808,13715.42,14334.56,0.00
916,7177,7187,51509329,51652969,143640,0,0.957165,7632.98,7974.57,0.00
917,7187,7193,51652969,51739249,86280,0,0.957501,4584.35,4787.83,0.00
918,7193,7207,51739249,51940849,201600,0,0.956963,10710.12,11191.77,0.00
919,7207,7211,51940849,51998521,57672,0,0.957508,3063.45,3199.40,0.00
920,7211,7213,51998521,52027369,28848,0,0.957431,1532.30,1600.43,0.00
921,7213,7219,52027369,52113961,86592,0,0.957510,4599.17,4803.26,0.00
922,7219,7229,52113961,52258441,144480,0,0.958364,7672.88,8006.23,0.00
923,7229,7237,52258441,52374169,115728,0,0.957611,6145.14,6417.16,0.00
924,7237,7243,52374169,52461049,86880,0,0.957531,4612.84,4817.44,0.00
925,7243,7247,52461049,52519009,57960,0,0.957527,3077.13,3213.62,0.00
926,7247,7253,52519009,52606009,87000,0,0.957553,4618.54,4823.27,0.00
927,7253,7283,52606009,53042089,436080,0,0.957160,23143.97,24179.82,0.00
928,7283,7297,53042089,53246209,204120,0,0.958638,10829.75,11297.02,0.00
929,7297,7307,53246209,53392249,146040,0,0.958114,7746.92,8085.60,0.00
930,7307,7309,53392249,53421481,29232,0,0.957603,1550.52,1619.17,0.00
931,7309,7321,53421481,53597041,175560,0,0.957107,9311.10,9728.39,0.00
932,7321,7331,53597041,53743561,146520,0,0.958609,7769.69,8105.17,0.00
933,7331,7333,53743561,53772889,29328,0,0.957557,1555.08,1624.00,0.00
934,7333,7349,53772889,54007801,234912,0,0.958781,12454.26,12989.68,0.00
935,7349,7351,54007801,54037201,29400,0,0.957502,1558.49,1627.66,0.00
936,7351,7369,54037201,54302161,264960,0,0.955985,14043.47,14690.05,0.00
937,7369,7393,54302161,54656449,354288,0,0.957997,18772.41,19595.48,0.00
938,7393,7411,54656449,54922921,266472,0,0.957654,14115.13,14739.28,0.00
939,7411,7417,54922921,55011889,88968,0,0.957625,4711.86,4920.37,0.00
940,7417,7433,55011889,55249489,237600,0,0.957726,12581.65,13137.01,0.00
941,7433,7451,55249489,55517401,267912,0,0.957311,14183.34,14815.81,0.00
942,7451,7457,55517401,55606849,89448,0,0.957678,4734.60,4943.83,0.00
943,7457,7459,55606849,55636681,29832,0,0.957519,1578.96,1649.01,0.00
944,7459,7477,55636681,55905529,268848,0,0.957207,14227.65,14863.71,0.00
945,7477,7481,55905529,55965361,59832,0,0.957660,3165.87,3305.84,0.00
946,7481,7487,55965361,56055169,89808,0,0.957679,4751.64,4961.62,0.00
947,7487,7489,56055169,56085121,29952,0,0.957643,1584.64,1654.73,0.00
948,7489,7499,56085121,56235001,149880,0,0.957838,7928.86,8277.87,0.00
949,7499,7507,56235001,56355049,120048,0,0.957306,6349.91,6633.10,0.00
950,7507,7517,56355049,56505289,150240,0,0.956891,7945.90,8303.87,0.00
951,7517,7523,56505289,56595529,90240,0,0.957674,4772.08,4982.99,0.00
952,7523,7529,56595529,56685841,90312,0,0.957744,4775.49,4986.18,0.00
953,7529,7537,56685841,56806369,120528,0,0.958274,6372.61,6650.10,0.00
954,7537,7541,56806369,56866681,60312,0,0.957701,3188.58,3329.41,0.00
955,7541,7547,56866681,56957209,90528,0,0.957704,4785.70,4997.06,0.00
956,7547,7549,56957209,56987401,30192,0,0.957768,1595.99,1666.37,0.00
957,7549,7559,56987401,57138481,151080,0,0.957111,7985.63,8343.47,0.00
958,7559,7561,57138481,57168721,30240,0,0.957779,1598.26,1668.72,0.00
959,7561,7573,57168721,57350329,181608,0,0.958800,9597.51,10009.92,0.00
960,7573,7577,57350329,57410929,60600,0,0.957703,3202.20,3343.62,0.00
961,7577,7583,57410929,57501889,90960,0,0.957724,4806.13,5018.29,0.00
962,7583,7589,57501889,57592921,91032,0,0.957731,4809.53,5021.80,0.00
963,7589,7591,57592921,57623281,30360,0,0.957727,1603.93,1674.73,0.00
964,7591,7603,57623281,57805609,182328,0,0.958661,9631.55,10046.87,0.00
965,7603,7607,57805609,57866449,60840,0,0.957786,3213.54,3355.18,0.00
966,7607,7621,57866449,58079641,213192,0,0.956793,11259.30,11767.75,0.00
967,7621,7639,58079641,58354321,274680,0,0.958539,14503.46,15130.79,0.00
968,7639,7643,58354321,58415449,61128,0,0.957793,3227.15,3369.36,0.00
969,7643,7649,58415449,58507201,91752,0,0.957758,4843.56,5057.18,0.00
970,7649,7669,58507201,58813561,306360,0,0.957623,16169.75,16885.29,0.00
971,7669,7673,58813561,58874929,61368,0,0.957831,3238.48,3381.06,0.00
972,7673,7681,58874929,58997761,122832,0,0.958077,6481.50,6765.11,0.00
973,7681,7687,58997761,59089969,92208,0,0.957791,4865.09,5079.49,0.00
974,7687,7691,59089969,59151481,61512,0,0.957835,3245.28,3388.14,0.00
975,7691,7699,59151481,59274601,123120,0,0.958301,6495.10,6777.72,0.00
976,7699,7703,59274601,59336209,61608,0,0.957839,3249.81,3392.86,0.00
977,7703,7717,59336209,59552089,215880,0,0.958588,11386.25,11878.14,0.00
978,7717,7723,59552089,59644729,92640,0,0.957811,4885.48,5100.68,0.00
979,7723,7727,59644729,59706529,61800,0,0.957812,3258.88,3402.42,0.00
980,7727,7741,59706529,59923081,216552,0,0.957464,11417.96,11925.20,0.00
981,7741,7753,59923081,60109009,185928,0,0.958708,9801.54,10223.70,0.00
982,7753,7757,60109009,60171049,62040,0,0.957828,3270.20,3414.18,0.00
983,7757,7759,60171049,60202081,31032,0,0.957816,1635.67,1707.70,0.00
984,7759,7789,60202081,60668521,466440,0,0.958675,24580.27,25639.83,0.00
985,7789,7793,60668521,60730849,62328,0,0.957862,3283.78,3428.24,0.00
986,7793,7817,60730849,61105489,374640,0,0.956681,19734.38,20627.97,0.00
987,7817,7823,61105489,61199329,93840,0,0.957876,4942.08,5159.42,0.00
988,7823,7829,61199329,61293241,93912,0,0.957863,4945.48,5163.03,0.00
989,7829,7841,61293241,61481281,188040,0,0.956360,9901.13,10352.94,0.00
990,7841,7853,61481281,61669609,188328,0,0.957434,9914.70,10355.50,0.00
991,7853,7867,61669609,61889689,220080,0,0.957853,11584.30,12094.03,0.00
992,7867,7873,61889689,61984129,94440,0,0.957908,4970.36,5188.76,0.00
993,7873,7877,61984129,62047129,63000,0,0.957905,3315.45,3461.15,0.00
994,7877,7879,62047129,62078641,31512,0,0.957903,1658.29,1731.17,0.00
995,7879,7883,62078641,62141689,63048,0,0.957903,3317.72,3463.52,0.00
996,7883,7901,62141689,62425801,284112,0,0.957808,14948.37,15606.86,0.00
997,7901,7907,62425801,62520649,94848,0,0.957917,4989.57,5208.77,0.00
998,7907,7919,62520649,62710561,189912,0,0.957559,9989.32,10432.06,0.00
999,7919,7927,62710561,62837329,126768,0,0.959751,6667.08,6946.67,0.00
