ID,M2L,e_M2L,M2Lb,T,D,e_D,Inc,e_Inc,L[3.6],e_L[3.6],Lbulge,Reff,Rp,SBeff,e_SBeff,Rdisk,SB0,e_SB0,Mbar,e_Mbar,SBbar,e_SBbar,Vp,e_Vp,Vb,e_Vb
CamB,0.11,0,0,3,3.36,0.26,65,5,0.075,0.003,0,,,0.334,0.123,0.47,2.96,0.037,0.01,,0.754,0.11,16.8,,0.94,0
D512-2,2.37,0.093,0,3,15.2,4.56,56,10,0.325,0.022,0,,,0.156,0.501,1.24,124.589,4.908,0.77,,56.824,12.282,33.5,,3.24,0.632
D564-8,2.37,0.558,0,3,8.79,0.28,63,7,0.033,0.004,0,,,0.59,0.254,0.61,22.74,5.353,0.08,,4.098,3.733,21.9,,5.364,1.5
D631-7,0.92,0,0,3,7.72,0.18,59,3,0.196,0.009,0,,,0.78,0.291,0.7,54.594,0.027,0.18,,1.805,1.92,30.9,,7.771,0
DDO064,2.19,0.195,0,0,6.8,2.04,60,5,0.157,0.007,0,,,0.705,0.379,0.69,165.982,14.813,0.34,,9.025,2.896,46.9,,4.414,1.035
DDO154,4.28,0,0,0,4.04,0.2,64,3,0.053,0.002,0,,,0.763,0.201,0.37,133.567,0.023,0.23,,0.893,0.411,46.3,,0.997,0
DDO161,1.2,0.107,0,0,7.5,2.25,70,10,0.548,0.015,0,,,0.093,0.421,1.22,69.238,6.22,0.65,,0.919,0.556,63,,8.042,0.405
DDO168,2.04,0.351,0,2,4.25,0.21,63,6,0.191,0.005,0,,,0.276,0.393,1.02,85.504,14.712,0.39,,5.028,6.096,52.9,,3.475,1.551
DDO170,4.2,0.571,0,0,15.4,4.62,66,7,0.543,0.03,0,,,0.819,0.189,1.95,126.389,17.171,2.28,,7.778,4.074,58.6,,6.874,2.132
ESO079-G014,0.97,0,0,3,28.7,7.17,79,5,51.733,0.524,0,,,0.022,0.499,5.08,427.076,0.017,50.45,,11.979,2.147,175,,36.226,0
ESO116-G012,1.21,0.091,0,3,13,3.9,74,3,4.292,0.071,0,,,4.956,0.36,1.51,440.904,33.004,5.2,,28.558,17.522,102,,6.318,2.612
ESO444-G084,5.39,0.882,0,3,4.83,0.48,32,6,0.071,0.003,0,,,6.8,1.489,0.46,305.395,49.967,0.38,,3.327,9.011,58,,7.552,2.482
ESO563-G021,0.66,0,0,3,60.8,9.1,83,3,311.177,2.579,0,,,2.327,0.334,5.45,529.716,0.006,206.22,,46.033,4.525,314,,31.148,0
F561-1,0.86,0.094,0,3,66.4,10,24,10,4.077,0.327,0,,,0.208,3.206,2.79,73.345,8.034,3.52,,8.267,3.837,50.4,,4.449,2.12
F563-1,3.01,0,0,3,48.9,9.8,25,5,1.903,0.17,0,,,2.888,1.018,3.52,113.874,0.079,5.72,,0.627,0.949,106,,7.202,0
F563-V1,1.01,0.061,0,3,54,10.8,60,10,1.54,0.165,0,,,0.875,0.423,3.79,20.581,1.242,1.56,,8.892,2.322,27.3,,0.956,0.536
F563-V2,4.16,0.229,0,3,59.7,11.9,29,10,2.986,0.267,0,,,0.641,3.135,2.43,531.787,29.233,12.42,,23.084,12.919,117,,3.395,2.486
F565-V2,5.71,1.068,0,3,51.8,10.4,60,10,0.559,0.098,0,,,0.465,0.301,2.17,114.88,21.503,3.19,,0.897,7.924,83.1,,4.901,4.096
F567-2,1.83,0.214,0,3,79,11.8,20,10,2.134,0.305,0,,,0.806,1.763,3.08,80.384,9.381,3.91,,1.912,5.888,52.2,,0.888,2.296
F568-1,3.02,0.413,0,3,90.7,9.7,26,5,6.252,0.564,0,,,8.299,1.433,5.18,154.872,21.194,18.86,,0.799,13.243,142,,8.873,5.21
F568-3,1.35,0,0,3,82.4,8.24,40,10,8.346,0.592,0,,,8.24,2.426,4.99,137.039,0.133,11.3,,3.367,2.367,117,,9.172,0
F568-V1,4.46,0.272,0,3,80.6,8.06,40,10,3.825,0.384,0,,,4.046,3.199,2.85,309.169,18.868,17.05,,1.996,10.808,113,,9.153,2.904
F571-8,0.24,0.05,0,3,53.3,10.7,85,5,10.164,0.412,0,,,1.965,0.547,3.56,1.808,0.379,2.42,,33.883,71.252,69.1,,6.064,5.82
F571-V1,2.56,0.407,0,3,80.1,8,30,10,1.849,0.267,0,,,3.25,1.993,2.47,142.979,22.676,4.74,,7.635,8.072,82.5,,9.084,3.517
F574-1,2.06,0.215,0,3,96.8,9.68,65,10,6.537,0.596,0,,,2.67,0.93,4.46,111.648,11.689,13.44,,3.499,8.815,99.7,,7.98,3.477
F574-2,0.57,0,0,3,89.1,8.91,30,10,2.877,0.384,0,,,0.431,1.418,3.76,20.356,0.15,1.63,,0.45,1.395,40,,9.279,0
F579-V1,2.59,0.141,0,3,89.5,8.95,26,10,11.848,0.742,0,,,0.872,7.94,3.37,469.416,25.627,30.67,,95.393,16.233,114,,20.955,3.145
F583-1,2.16,0.302,0,3,35.4,8.85,63,5,0.986,0.093,0,,,0.08,0.201,2.36,59.863,8.345,2.13,,0.67,1.123,86.9,,7.242,1.009
F583-4,1.96,0.073,0,3,53.3,10.7,55,10,1.715,0.185,0,,,4.305,1.425,1.93,93.866,3.468,3.37,,5.599,6.339,67.2,,6.772,0.983
IC2574,1.4,0,0,0,3.91,0.2,75,7,1.016,0.012,0,,,0.11,0.13,2.78,29.136,0.032,1.42,,0.205,0.121,67.5,,9.346,0
IC4202,0.38,0,0.381,3,100.4,10,90,1,179.749,3.311,37.362,,,0,0,4.78,0,0,68.44,,22.651,7.785,240,,51.763,0
KK98-251,2.71,0,0,3,6.8,2.04,59,5,0.085,0.007,0,,,0.064,0.182,1.34,72.85,0.045,0.23,,2.234,1.831,34.6,,7.948,0
NGC0024,1.75,0.098,0,0,7.3,0.36,64,3,3.889,0.036,0,,,6.479,1.525,1.34,906.161,50.742,6.8,,69.289,37.987,107,,3.812,2.531
NGC0055,1.17,0.102,0,0,2.11,0.11,77,3,4.628,0.013,0,,,2.271,0.144,6.11,103.361,8.982,5.43,,2.347,1.943,86.5,,1.912,1.897
NGC0100,1.02,0.082,0,3,13.5,4.05,89,1,3.232,0.063,0,,,0.134,0,1.66,21.235,1.7,3.29,,64.147,13.523,73.1,,6.887,2.176
NGC0247,2.26,0,0,0,3.7,0.19,74,3,7.332,0.027,0,,,0.314,0.134,3.74,315.687,0.014,16.57,,7.323,0.358,104,,9.827,0
NGC0289,0.79,0,0,3,20.8,5.2,46,5,72.065,0.465,0,,,103.069,66.784,6.74,38.308,0.061,56.81,,708.944,43.29,194,,1.166,0
NGC0300,1.62,0,0,2,2.08,0.1,42,10,2.922,0.008,0,,,9.621,14.146,1.75,526.135,0.129,4.73,,7.307,0.184,88.4,,5.226,0
NGC0801,0.51,0.033,0,3,80.7,8.07,80,1,312.57,3.455,0,,,42.069,0.431,8.72,137.844,8.971,159.16,,634.093,635.972,238,,1.046,6.533
NGC0891,0.43,0.039,0.435,0,9.91,0.5,90,1,138.34,0.255,18.877,,,0,0,2.55,0,0,59.02,,216.761,388.054,212,,36.359,9.02
NGC1003,1.05,0,0,3,11.4,3.42,67,5,6.82,0.075,0,,,5.042,1.874,1.61,553.49,0.034,7.18,,85.384,2.039,89.7,,3.71,0
NGC1090,0.61,0.059,0,3,37,9.25,64,3,72.045,0.796,0,,,24.357,2.853,3.53,547.885,52.978,43.81,,92.309,47.914,165,,33.907,6.486
NGC1705,2.59,0,0,0,5.73,0.29,80,10,0.533,0.01,0,,,0.325,1.819,0.39,264.382,0.03,1.38,,41.152,15.781,72.4,,3.488,0
NGC2366,0.96,0.1,0,0,3.27,0.16,68,5,0.236,0.005,0,,,1.98,0.391,0.65,40.996,4.266,0.23,,0.508,0.691,50.4,,0.269,0.36
NGC2403,0.88,0,0,2,3.16,0.16,63,3,10.041,0.028,0,,,54.838,3.679,1.39,560.869,0.024,8.81,,270.435,3.543,98.2,,0.233,0
NGC2683,0.8,0.032,0.8,0,9.81,0.49,80,5,80.415,0.222,5.386,,,97.924,2.995,2.18,1418.139,56.577,64.35,,449.657,57.973,212,,13.846,3.934
NGC2841,1.17,0.027,1.17,2,14.1,1.4,76,10,188.121,0.52,46.062,,,37.962,9.997,3.64,1345.103,30.781,220.13,,3951.868,321.596,285,,13.632,2.701
NGC2903,0.46,0,0,1,6.6,1.98,66,3,81.863,0.151,0,,,57.123,5.473,2.33,221.484,0.021,37.35,,735.571,5.046,215,,3.626,0
NGC2915,0.52,0,0,2,4.06,0.2,56,4,0.641,0.008,0,,,94.264,7.578,0.55,91.194,0.039,0.33,,56.339,6.943,31.3,,6.051,0
NGC2955,0.45,0.01,0.752,3,97.9,9.8,56,7,319.422,4.413,71.019,,,44.995,37.141,18.76,12.716,0.29,143.32,,57.992,132.248,253,,54.451,1.444
NGC2976,0.72,0,0,2,3.58,0.18,61,10,3.371,0.019,0,,,49.418,12.579,1.01,523.016,0.084,2.42,,99.565,3.379,83.6,,4.321,0
NGC2998,1.08,0.072,0,3,68.1,10.2,58,2,150.902,2.085,0,,,54.123,4.7,6.2,442.945,29.485,162.93,,121.203,144.211,206,,30.857,7.643
NGC3109,4.63,0,0,0,1.33,0.07,70,5,0.194,0.002,0,,,0.899,0.116,1.56,222.967,0.03,0.9,,9.148,0.197,66.3,,6.801,0
NGC3198,0.89,0.04,0,2,13.8,1.4,73,3,38.279,0.212,0,,,2.332,0.801,3.14,415.882,18.596,33.98,,60.927,25.273,144,,34.597,2.986
NGC3521,0.59,0.003,0,1,7.7,2.3,75,5,84.836,0.156,0,,,77.865,13.035,2.4,321.305,1.866,49.85,,202.614,13.415,220,,17.115,0.628
NGC3726,0.65,0.037,0,2,18,2.5,53,2,70.234,0.388,0,,,19.208,2.504,3.4,700.188,40.314,45.65,,50.294,26.045,164,,49.228,4.186
NGC3741,1.96,0.474,0,0,3.21,0.17,70,4,0.028,0.001,0,,,4.686,0.35,0.2,96.098,23.242,0.05,,0.556,0.381,48.5,,9.995,2.282
NGC3769,0.66,0.088,0,3,18,2.5,70,2,18.679,0.189,0,,,14.231,2.557,3.38,36.336,4.797,12.38,,58.112,100.377,106,,13.072,7.179
NGC3877,0.56,0.092,0,2,18,2.5,76,1,72.535,0.401,0,,,44.713,0.611,2.53,463.949,75.877,40.79,,31.919,54.315,171,,54.123,12.137
NGC3893,0.68,0,0,1,18,2.5,49,2,58.525,0.377,0,,,32.224,23.634,2.38,912.163,0.023,39.59,,81.53,6.967,194,,76.129,0
NGC3917,1.2,0.097,0,3,18,2.5,79,2,21.966,0.202,0,,,1.55,0.144,2.63,280.975,22.599,26.36,,20.857,25.975,134,,21.605,4.74
NGC3949,0.59,0,0,2,18,2.5,55,2,38.067,0.28,0,,,7.326,12.157,3.59,62.541,0.02,22.35,,368.399,10.065,152,,54.94,0
NGC3953,0.82,0.012,0,1,18,2.5,62,1,141.301,0.521,0,,,75.702,2.259,4.89,766.367,11.178,115.38,,89.424,11.876,224,,24.437,1.625
NGC3972,1.19,0.127,0,2,18,2.5,77,1,14.353,0.172,0,,,7.061,0.145,2.18,426.545,45.39,17.14,,44.324,36.872,123,,18.902,6.054
NGC3992,1.23,0,0,1,23.7,2.3,56,2,226.932,0.836,0,,,1.555,3.933,4.96,2248.195,0.02,280.12,,104.768,4.07,264,,74.1,0
NGC4010,0.75,0.063,0,3,18,2.5,89,1,17.193,0.19,0,,,0.257,0,2.81,34,2.887,12.83,,56.122,13.367,129,,1.953,3.395
NGC4013,0.69,0.016,1.03,0,18,2.5,89,1,79.094,0.364,15.385,,,3.022,0.004,3.53,123.682,2.905,54.92,,96.584,16.672,195,,97.205,1.79
NGC4051,0.66,0.051,0,2,18,2.5,49,3,95.268,0.439,0,,,9.781,7.203,4.65,567.717,44.383,62.42,,15.65,48.214,161,,61,6.088
NGC4068,0.69,0.139,0,3,4.37,0.22,44,6,0.236,0.005,0,,,1.767,1.637,0.59,128.719,26.17,0.16,,2.343,4.567,41.9,,7.29,1.305
NGC4085,0.37,0,0,3,18,2.5,82,2,21.724,0.2,0,,,19.23,0.579,1.65,261.286,0.005,8.12,,7.618,2.832,130,,7.751,0
NGC4088,0.45,0,0,2,18,2.5,69,2,107.286,0.494,0,,,64.118,2.053,2.58,636.024,0.013,47.74,,34.865,3.384,179,,79,0
NGC4100,0.95,0,0,2,18,2.5,73,2,59.394,0.328,0,,,13.44,1.158,2.15,2484.966,0.01,56.27,,66.259,4.784,194,,2.677,0
NGC4138,0.82,0.096,0.822,1,18,2.5,53,3,44.111,0.284,8.468,,,148.931,36.187,1.51,1955.964,228.324,36.28,,993.88,466.923,179,,8.959,9.522
NGC4157,0.59,0.039,0.587,0,18,2.5,82,3,105.62,0.486,2.014,,,18.137,0.86,2.32,1945.405,128.107,62,,11.504,40.366,201,,96.216,6.207
NGC4183,1.81,0,0,0,18,2.5,82,2,10.838,0.15,0,,,2.033,0.058,2.79,276.898,0.005,19.63,,93.602,2.679,114,,13.82,0
NGC4214,1.45,0,0,0,2.87,0.14,15,10,1.141,0.008,0,,,51.375,58.937,0.51,1827.633,0.168,1.65,,143.919,8.02,66.6,,0.733,0
NGC4217,0.29,0.045,0.292,0,18,2.5,86,2,85.299,0.393,68.306,,,3.761,0.082,2.94,88.99,13.715,24.88,,523.34,234.871,164,,52.979,11.046
NGC4389,0.16,0.04,0,3,18,2.5,50,4,21.328,0.216,0,,,33.321,5.978,2.79,33.969,8.276,3.49,,32.275,32.255,95.9,,5.338,7.144
NGC4559,0.78,0.039,0,2,9,2.7,67,1,19.377,0.107,0,,,2.55,0.563,2.1,487.013,24.714,15.07,,38.826,27.505,104,,4,2.573
NGC5005,0.54,0.009,0.54,1,16.9,1.5,68,2,178.72,0.494,20.759,,,70.512,8.766,9.45,19.545,0.322,96.56,,5403.693,1258.097,233,,45.314,1.436
NGC5033,0.71,0.08,0.713,2,15.7,4.7,66,1,110.509,0.407,25.158,,,28.213,5.879,5.16,178.304,19.914,78.78,,1365.881,1270.084,214,,58.067,10.188
NGC5055,0.49,0.01,0,2,9.9,0.3,55,6,152.922,0.282,0,,,93.268,47.56,3.2,946.796,18.877,75.39,,864.41,137.441,193,,97.327,1.949
NGC5371,0.67,0,0,1,39.7,9.92,53,2,340.393,1.881,0,,,37.516,7.089,7.44,561.567,0.021,227.56,,13.981,4.498,237,,46.665,0
NGC5585,0.65,0.028,0,2,7.06,2.12,51,2,2.943,0.033,0,,,6.979,1.251,1.53,121.746,5.161,1.92,,2.652,2.747,78.4,,9.99,0.894
NGC5907,1.07,0,0,0,17.3,0.9,88,2,175.425,0.646,0,,,5.691,0.019,5.34,323.224,0.001,187.91,,90.525,3.279,235,,41.545,0
NGC5985,1.59,0,2.73,2,39.7,9.9,60,2,208.728,1.538,10.154,,,44.475,2.521,7.01,1161.938,0.017,331.87,,251.945,9.225,300,,95.602,0
NGC6015,1.03,0.021,0,3,17,5.1,60,2,32.129,0.237,0,,,65.88,2.895,2.3,988.681,20.42,32.97,,168.689,25.632,152,,52,1.568
NGC6195,0.47,0.01,0.697,3,127.8,12.8,62,5,391.076,6.123,104.582,,,22.433,13.193,13.94,38.494,0.832,184.17,,563.814,68.368,233,,33.455,1.426
NGC6503,0.83,0.077,0,2,6.26,0.31,74,2,12.845,0.059,0,,,13.387,2.053,2.16,91.409,8.414,10.68,,540.798,142.006,110,,30.425,5.969
NGC6674,1.46,0.055,1.457,3,51.2,10.2,54,6,214.654,1.977,17.21,,,29.648,20.254,6.04,1173.712,44.317,312.79,,491.821,57.98,291,,97.42,5.097
NGC6789,2.96,0.3,0,0,3.52,0.18,43,7,0.1,0.003,0,,,3.347,3.864,0.31,690.976,70.071,0.3,,39.598,46.489,60.4,,8.604,1.772
NGC6946,0.59,0.011,0.593,2,5.52,1.66,38,2,66.173,0.122,4.102,,,50.159,12.38,2.44,1042.983,19.238,39.23,,14984.596,15107.182,153,,80.511,1.647
NGC7331,0.45,0.014,0.449,2,14.7,1.5,75,2,250.631,0.693,11.598,,,39.48,5.776,5.02,210.14,6.467,112.65,,633.628,143.168,250,,57.417,3.669
NGC7793,0.53,0.041,0,2,3.61,0.18,47,9,7.05,0.026,0,,,59.444,17.011,1.21,387.981,30.092,3.75,,81.885,21.887,101,,4.515,2.577
NGC7814,0.76,0.057,0.761,0,14.4,0.66,90,1,74.529,0.343,50.402,,,0,0,2.54,0,0,56.69,,7114.785,8011.69,265,,3.055,11.165
PGC51017,0.61,0.093,0,3,13.6,1.4,66,3,0.155,0.014,0,,,0.113,0.13,0.53,23.215,3.538,0.09,,5.943,4.596,19.3,,9.937,0.941
UGC00128,4.07,0.178,0,3,64.5,9.7,57,10,12.02,0.565,0,,,1.089,1.049,5.95,196.897,8.622,48.89,,4.296,2.846,131,,18.742,2.501
UGC00191,1.87,0,0,3,17.1,5.1,45,5,2.004,0.063,0,,,5.504,2.188,1.58,274.884,0.062,3.76,,0.755,1.596,81,,1.719,0
UGC00634,4.93,1.464,0,3,30.9,7.7,37,8,2.989,0.146,0,,,0.852,2.318,2.45,496.192,147.423,14.72,,36.026,40.957,97.7,,8.707,14.099
UGC00731,15.28,0.381,0,3,12.5,3.75,57,3,0.323,0.019,0,,,3.959,0.398,2.3,687.239,17.118,4.94,,7.02,2.365,73.8,,6.746,0.62
UGC00891,4.06,0,0,3,10.2,3.1,60,5,0.374,0.017,0,,,0.545,0.416,1.43,231.152,0.044,1.52,,7.453,2.611,54.15,,4.487,0
UGC01230,1.9,0.282,0,3,53.7,10.7,22,10,7.62,0.379,0,,,6.545,4.274,4.34,122.232,18.134,14.49,,9.286,7.712,113,,6.964,5.139
UGC01281,2.14,0,0,3,5.27,0.24,90,1,0.353,0.009,0,,,0,0,1.63,0,0,0.76,,2.778,0.581,56.9,,3.634,0
UGC02023,0.77,0.068,0,3,10.4,3.1,19,10,1.308,0.033,0,,,6.087,4.283,1.55,88.64,7.768,1.01,,2.944,4.827,58.8,,7.545,1.202
UGC02259,3.83,0.126,0,3,10.5,3.1,41,3,1.725,0.038,0,,,5.532,1.403,1.62,499.293,16.437,6.61,,99.501,11.863,82.8,,4.829,1.326
UGC02455,0.13,0.014,0,3,6.92,2.08,51,5,3.649,0.034,0,,,59.847,8.767,0.99,63.332,7.115,0.46,,51.776,17.109,28.2,,7.736,0.801
UGC02487,1.4,0.058,1.397,3,69.1,10.4,36,5,489.955,4.061,106.21,,,61.889,46.67,7.89,1300.113,54.295,684.46,,792.147,204.032,378,,92.161,5.964
UGC02885,0.89,0.038,0.891,2,80.6,8.06,64,4,403.525,4.088,48.675,,,84.787,5.651,11.4,183.817,7.921,359.41,,3271.698,4128.98,305,,66.248,4.159
UGC02916,0.56,0.009,0.564,3,65.4,9.8,50,5,124.153,1.83,71.632,,,559.184,87.35,6.15,187.938,2.869,69.67,,730.17,164.026,213,,14.853,1.567
UGC02953,0.65,0.007,0.653,3,16.5,4.95,50,4,259.518,0.717,30.142,,,92.882,44.519,3.55,1770.57,19.365,169.58,,204.55,47.431,300,,72.586,1.277
UGC03205,0.89,0.033,0.889,3,50,10,67,4,113.642,1.361,17.347,,,29.461,6.254,3.19,1360.491,50.47,101.05,,465.985,57.147,235,,23.969,3.482
UGC03546,0.51,0.025,0.512,3,28.7,7.2,55,5,101.336,0.747,27.346,,,378.545,68.914,3.79,270.6,13.358,51.84,,7960.33,4889.518,262,,84.649,6.729
UGC03580,0.32,0,0.324,3,20.7,5.2,63,4,13.266,0.195,3.237,,,79.177,8.841,2.43,44.505,0.032,4.3,,30.462,29.846,67.4,,9.773,0
UGC04278,1.69,0.086,0,3,9.51,2.85,90,3,1.307,0.026,0,,,0,0,2.21,0,0,2.21,,9.043,2.132,91.3,,9.467,0.861
UGC04305,0.61,0,0,3,3.45,0.17,40,10,0.736,0.007,0,,,8.763,7.817,1.16,41.064,0.133,0.45,,3.766,0.226,30.1,,5.2,0
UGC04325,3.4,0,0,3,9.6,2.88,41,3,2.026,0.035,0,,,0.943,1.222,1.86,546.479,0.039,6.88,,93.926,5.078,91.6,,5.414,0
UGC04483,1.63,0.289,0,3,3.34,0.31,58,3,0.013,0.001,0,,,5.744,0.437,0.18,71.361,12.657,0.02,,0.861,2.1,24.2,,5.778,0.764
UGC04499,1.59,0,0,3,12.5,3.75,50,3,1.552,0.043,0,,,1.72,0.731,1.73,130.286,0.034,2.47,,7.698,0.767,74.3,,3.352,0
UGC05005,1.34,0.169,0,3,53.7,10.7,41,10,4.1,0.283,0,,,9.343,2.535,3.2,66.581,8.345,5.51,,9.989,5.721,78.6,,5.229,2.814
UGC05253,0.71,0.003,0.709,3,22.9,5.72,37,4,171.582,0.79,65.508,,,188.993,66.239,8.07,107.048,0.401,121.58,,373.447,49.528,247,,44.654,0.368
UGC05414,1.28,0.092,0,3,9.4,2.82,55,3,1.123,0.028,0,,,8.853,0.566,1.47,93.275,6.687,1.43,,3.695,4.835,61.4,,5.267,1.19
UGC05716,4.08,0.287,0,3,21.3,5.3,54,10,0.588,0.042,0,,,6.217,1.655,1.14,217.397,15.29,2.4,,0.919,2.097,73.15,,6.259,1.944
UGC05721,1.49,0.128,0,3,6.18,1.85,61,5,0.531,0.011,0,,,13.344,4.789,0.38,660.113,56.496,0.79,,33.51,38.174,67.8,,5.487,2.239
UGC05750,1.47,0.322,0,3,58.7,11.7,64,10,3.336,0.264,0,,,0.012,0.229,3.46,80.394,17.644,4.9,,1.286,9.632,73.4,,5.705,5.253
UGC05764,14.1,1.124,0,3,7.47,2.24,60,10,0.085,0.006,0,,,0.655,0.404,1.17,238.187,18.986,1.2,,6.867,11.378,54.55,,7.483,1.532
UGC05829,4.14,0.083,0,3,8.64,2.59,34,10,0.564,0.019,0,,,0.78,1.264,1.99,216.821,4.36,2.33,,6.648,1.438,68.6,,3.77,0.317
UGC05918,5.14,0.218,0,3,7.66,2.3,46,5,0.233,0.011,0,,,0.723,0.225,1.66,89.001,3.779,1.2,,5.131,2.866,44.5,,2.6,0.817
UGC05986,1.54,0.15,0,3,8.63,2.59,90,3,4.695,0.048,0,,,0,0,1.67,0,0,7.25,,15.777,21.068,115,,2.006,4.155
UGC05999,1.96,0.606,0,3,47.7,9.5,22,10,3.384,0.231,0,,,1.279,3.426,3.22,94.006,28.993,6.65,,8.948,5.985,100,,6.397,5.119
UGC06399,2.14,0.18,0,3,18,2.5,75,2,2.296,0.072,0,,,0.977,0.072,2.05,172.596,14.502,4.92,,8.89,8.869,84.1,,8,2.519
UGC06446,3.8,0.293,0,3,12,3.6,51,3,0.988,0.032,0,,,3.316,0.768,1.49,206.748,15.957,3.75,,8.491,4.059,82.8,,4.567,2.321
UGC06614,0.78,0.045,0.777,3,88.7,8.87,36,10,124.35,2.52,66.655,,,182.467,166.118,5.1,339.985,19.812,96.68,,949.855,428.775,194,,21.403,6.319
UGC06628,0.71,0,0,3,15.1,4.53,20,10,3.739,0.076,0,,,2.645,5.327,2.82,69.082,0.163,2.67,,3.846,0.688,42.3,,0.444,0
UGC06667,14.78,0,0,3,18,2.5,89,1,1.397,0.066,0,,,0.315,0,5.15,158.577,0,20.64,,51.229,11.869,85.7,,5.442,0
UGC06786,0.85,0.027,0.846,3,29.3,7.32,64,3,73.407,0.676,18.85,,,35.184,9.984,3.6,399.814,12.783,62.08,,10194.551,3666.42,180,,93.671,2.89
UGC06787,0.61,0.029,0.608,3,21.3,5.32,66,3,98.256,0.543,47.805,,,69.383,16.378,5.37,106.116,5.013,59.7,,8825.695,4224.445,271,,53.781,5.906
UGC06818,0.71,0,0,3,18,2.5,75,3,1.588,0.057,0,,,4.515,0.197,1.39,52.924,0.014,1.13,,0.979,1.112,71.2,,7.434,0
UGC06917,1.45,0.165,0,3,18,2.5,56,2,6.832,0.12,0,,,9.676,0.579,2.76,211.992,24.094,9.92,,7.866,7.805,111,,1.355,3.674
UGC06923,0.86,0.204,0,3,18,2.5,65,2,2.89,0.077,0,,,0.273,1.036,1.44,127.066,29.966,2.5,,35.558,32.172,78.4,,7.634,5.517
UGC06930,1.84,0.182,0,3,18,2.5,32,5,8.932,0.14,0,,,2.696,4.634,3.94,295.778,29.147,16.47,,3.122,8.294,109,,7.495,4.203
UGC06973,0.29,0.037,0.289,3,18,2.5,71,3,53.87,0.347,7.304,,,80.121,18.404,1.07,1199.025,151.925,15.58,,860.698,489.809,170,,92.189,10.587
UGC06983,1.93,0.178,0,3,18,2.5,49,1,5.298,0.102,0,,,5.139,0.402,3.21,153.589,14.226,10.2,,123.265,106.265,87.4,,7.661,4.06
UGC07089,1.11,0,0,3,18,2.5,80,3,3.585,0.089,0,,,0.494,0.059,2.26,100.442,0.009,3.98,,9.962,1.985,67.9,,6.586,0
UGC07125,1.3,0.136,0,3,19.8,5.9,90,3,2.712,0.08,0,,,0,0,3.38,0,0,3.52,,5.63,1.699,65.6,,3.314,1.447
UGC07151,1.28,0.097,0,3,6.87,0.34,90,3,2.284,0.025,0,,,0,0,1.25,0,0,2.93,,2.552,5.559,76.2,,1.099,1.82
UGC07232,1.06,0,0,3,2.83,0.17,59,5,0.113,0.002,0,,,2.923,1.927,0.29,124.586,0.045,0.12,,34.508,4.151,35.2,,8.361,0
UGC07261,1.67,0.139,0,3,13.1,3.93,30,10,1.753,0.048,0,,,3.914,5.1,1.2,817.765,67.909,2.92,,68.15,23.447,66.8,,6.377,2.742
UGC07323,1.03,0.041,0,3,8,2.4,47,3,4.109,0.042,0,,,1.936,1.497,2.26,199.902,7.885,4.25,,16.413,4.743,82.8,,8.446,1.138
UGC07399,3.21,0,0,3,8.43,2.53,55,3,1.156,0.024,0,,,5.376,1.963,1.64,250.185,0.03,3.71,,95.512,6.135,91.7,,0.4,0
UGC07524,2.1,0,0,3,4.74,0.24,46,3,2.436,0.025,0,,,0.638,0.75,3.46,156.025,0.036,5.12,,5.848,0.368,83.8,,6.036,0
UGC07559,1.04,0.122,0,3,4.97,0.25,61,3,0.109,0.004,0,,,0.678,0.22,0.58,27.661,3.27,0.11,,3.235,1.638,32.1,,2.773,0.644
UGC07577,0.61,0.051,0,3,2.59,0.13,63,3,0.045,0.002,0,,,0.421,0.129,0.9,15.007,1.265,0.03,,0.969,0.855,15.9,,3.286,0.32
UGC07603,1.47,0.219,0,3,4.7,1.41,78,3,0.376,0.008,0,,,7.009,0.185,0.53,158.68,23.678,0.55,,41.277,21.295,57,,0.98,2.636
UGC07608,5.56,0,0,3,8.21,2.46,25,10,0.264,0.012,0,,,4.936,2.351,1.5,235.117,0.157,1.47,,8.191,2.19,69.3,,5.299,0
UGC07690,1.19,0.13,0,3,8.11,2.43,41,5,0.858,0.018,0,,,38.874,9.135,0.57,355.106,38.676,1.02,,50.218,61.028,59.8,,4.581,2.835
UGC07866,1.83,0,0,3,4.57,0.23,44,5,0.124,0.004,0,,,5.768,0.989,0.61,128.432,0.063,0.23,,1.653,1.021,33.1,,6.37,0
UGC08286,3.41,0.195,0,3,6.5,0.21,90,3,1.255,0.018,0,,,0,0,1.05,0,0,4.28,,43.553,8.444,81.3,,5.61,2.023
UGC08490,1.98,0.129,0,3,4.65,0.53,50,3,1.017,0.012,0,,,0.336,2.703,0.67,733.949,47.68,2.01,,28.905,34.922,72.8,,6.231,2.079
UGC08550,2.57,0.227,0,3,6.7,2,90,3,0.289,0.009,0,,,0,0,0.45,0,0,0.74,,58.029,24.161,48,,7.479,1.999
UGC08699,0.68,0,0.68,3,39.3,9.82,73,9,50.302,0.695,14.686,,,40.864,29.311,3.09,272.517,0.046,34.21,,736.076,839.163,179,,13.626,0
UGC08837,0.85,0,0,3,7.21,0.36,80,5,0.501,0.015,0,,,0.731,0.041,1.72,11.478,0.015,0.43,,8.185,0.544,48,,3.097,0
UGC09037,0.39,0.04,0,3,83.6,8.4,65,5,68.614,1.769,0,,,41.505,5.212,4.28,137.004,14.39,26.45,,73.226,40.365,124,,5.162,4.08
UGC09133,0.67,0.005,0.673,3,57.1,11.4,53,6,282.926,2.345,80.515,,,73.2,48.64,6.97,350.121,2.628,190.37,,7193.173,639.414,280,,81.681,0.958
UGC09992,1.61,0.035,0,3,10.7,3.21,30,10,0.336,0.017,0,,,7.476,2.628,1.04,102.161,2.199,0.54,,1.691,2.292,33.4,,3.537,0.262
UGC10310,2.41,0,0,3,15.2,4.6,34,6,1.741,0.053,0,,,3.52,2.038,1.8,316.968,0.087,4.19,,1.309,2.171,72.4,,6.497,0
UGC11455,0.43,0.031,0,3,78.6,11.8,90,1,374.322,3.792,0,,,0,0,5.93,0,0,161.99,,73.098,41.891,287,,16.144,7.731
UGC11557,0.22,0.058,0,3,24.2,6.05,30,10,12.101,0.212,0,,,2.543,13.917,2.75,63.95,16.837,2.64,,0.015,10.558,78.1,,4.014,4.047
UGC11820,2.18,0.264,0,3,18.1,5.43,45,10,0.97,0.047,0,,,4.269,1.752,2.08,52.634,6.366,2.12,,4.345,1.869,76.95,,7.685,1.267
UGC11914,0.81,0.008,0.888,3,16.9,5.1,31,5,150.028,0.553,37.158,,,79.196,155.331,2.44,2199.872,20.537,121.53,,472.026,85.031,291,,91.722,0.925
UGC12506,1.85,0.038,0,3,100.6,10.1,86,4,139.571,3.214,0,,,0.102,0.049,7.38,725.247,14.865,258.74,,55.189,20.199,245,,44.007,2.394
UGC12632,3.44,0.154,0,3,9.77,2.93,46,3,1.301,0.03,0,,,0.093,0.331,2.42,159.864,7.134,4.48,,9.577,1.486,73.1,,0.031,1.211
UGC12732,3.27,0,0,3,13.2,4,39,6,1.667,0.048,0,,,0.859,1.694,1.98,305.66,0.081,5.44,,7.213,0.496,98,,5.602,0
UGCA281,1.62,0.052,0,3,5.68,0.28,67,3,0.194,0.007,0,,,0.884,0.1,1.72,7.609,0.244,0.31,,29.422,20.692,27.5,,4.303,0.333
UGCA442,7,1.214,0,3,4.35,0.22,64,7,0.14,0.005,0,,,0.332,0.178,1.18,356.196,61.769,0.98,,3.873,14.85,49,,1.699,2.57
UGCA444,14.7,0,0,3,0.98,0.05,78,4,0.012,0,0,,,0.482,0.036,0.83,69.482,0.015,0.18,,9.708,0,33.7,,5.915,0
